{ "height":16,
 "layers":[
        {
         "data":[8, 8, 8, 8, 8, 8, 8, 8, 8, 8, 8, 8, 8, 8, 8, 8, 8, 8, 8, 8, 8, 8, 8, 8, 8, 8, 8, 8, 8, 8, 8, 8, 8, 8, 8, 8, 8, 8, 8, 8, 8, 8, 8, 8, 8, 8, 8, 8, 8, 8, 8, 8, 8, 8, 8, 8, 8, 8, 8, 8, 8, 8, 8, 8, 8, 8, 8, 8, 8, 8, 8, 8, 8, 8, 8, 8, 8, 8, 8, 8, 8, 8, 8, 8, 8, 8, 8, 8, 8, 10, 12, 8, 8, 8, 11, 9, 2, 2, 2, 2, 2, 2, 2, 2, 2, 2, 2, 11, 2, 2, 2, 2, 2, 2, 2, 2, 2, 2, 2, 2, 2, 12, 10, 2, 2, 2, 2, 2, 2, 2, 2, 2, 2, 12, 10, 2, 2, 2, 2, 2, 2, 2, 2, 2, 9, 0, 0, 10, 2, 2, 2, 2, 2, 2, 2, 2, 2, 2, 2, 2, 2, 2, 2, 2, 2, 2, 2, 2, 2, 2, 2, 2, 2, 2, 2, 2, 2, 2, 2, 2, 2, 2, 2, 2, 10, 12, 2, 2, 2, 2, 2, 12, 8, 8, 8, 8, 8, 8, 8, 8, 8, 8, 8, 8, 8, 8, 8, 8, 8, 8, 8, 8, 8, 8, 8, 8, 8, 8, 12, 8, 8, 8, 8, 8, 8, 8, 8, 8, 8, 10, 12, 10, 2, 2, 2, 2, 2, 2, 2, 2, 12, 0, 0, 8, 8, 8, 8, 8, 8, 8, 8, 8, 8, 8, 8, 8, 8, 8, 8, 8, 8, 8, 8, 8, 8, 8, 8, 8, 8, 8, 8, 8, 8, 8, 8, 8, 8, 8, 8, 8, 11, 9, 8, 8, 8, 8, 8, 8, 0, 0, 0, 0, 0, 0, 0, 0, 0, 0, 0, 0, 0, 0, 0, 0, 0, 0, 0, 0, 0, 0, 0, 0, 0, 0, 0, 0, 0, 0, 0, 0, 0, 0, 0, 0, 8, 0, 0, 11, 8, 8, 8, 8, 8, 8, 8, 0, 0, 0, 0, 0, 0, 0, 0, 0, 0, 0, 0, 0, 0, 0, 0, 0, 0, 0, 0, 0, 0, 0, 0, 0, 0, 0, 0, 0, 0, 0, 0, 0, 0, 0, 0, 0, 0, 0, 8, 8, 8, 11, 2, 2, 2, 2, 2, 2, 0, 0, 0, 0, 0, 0, 0, 0, 0, 0, 0, 0, 0, 0, 0, 0, 0, 0, 0, 0, 0, 0, 0, 0, 0, 0, 0, 0, 0, 0, 0, 0, 0, 0, 0, 0, 0, 0, 0, 0, 0, 0, 0, 0, 0, 0, 0, 0, 0, 0, 0, 0, 0, 0, 0, 0, 0, 0, 0, 0, 0, 0, 0, 0, 0, 0, 0, 0, 0, 0, 0, 0, 0, 0, 0, 0, 0, 0, 0, 0, 0, 0, 0, 0, 0, 0, 8, 8, 8, 8, 8, 8, 8, 8, 8, 8, 0, 0, 0, 0, 0, 0, 0, 0, 0, 0, 0, 0, 0, 0, 0, 0, 0, 0, 0, 0, 0, 0, 0, 0, 0, 0, 0, 0, 0, 0, 0, 0, 0, 0, 0, 0, 0, 0, 0, 0, 0, 0, 0, 0, 0, 0, 0, 0, 0, 0, 0, 0, 0, 0, 0, 0, 0, 0, 0, 0, 0, 0, 0, 0, 0, 0, 0, 0, 0, 5, 0, 0, 0, 0, 0, 0, 0, 0, 0, 0, 0, 0, 0, 0, 0, 0, 8, 8, 8, 8, 8, 8, 8, 8, 8, 8, 0, 0, 0, 0, 0, 0, 0, 0, 0, 0, 0, 0, 0, 0, 0, 0, 3, 3, 3, 3, 0, 0, 0, 0, 0, 0, 0, 0, 0, 0, 0, 0, 0, 0, 0, 0, 0, 0, 0, 0, 0, 0, 0, 0, 0, 0, 0, 0, 0, 0, 0, 0, 0, 0, 0, 5, 0, 0, 0, 0, 0, 0, 5, 0, 0, 0, 0, 0, 0, 8, 0, 0, 0, 0, 0, 0, 0, 0, 0, 0, 0, 0, 0, 0, 0, 0, 8, 8, 8, 8, 8, 8, 8, 8, 8, 8, 0, 0, 0, 0, 0, 0, 0, 0, 0, 0, 0, 0, 0, 0, 0, 0, 0, 0, 0, 0, 0, 0, 0, 0, 0, 0, 0, 0, 0, 0, 0, 0, 0, 0, 0, 0, 0, 0, 3, 0, 0, 0, 0, 0, 0, 0, 0, 0, 0, 0, 0, 0, 0, 0, 0, 8, 0, 0, 0, 0, 0, 0, 8, 0, 0, 0, 0, 0, 0, 8, 0, 0, 0, 0, 0, 0, 0, 0, 0, 0, 0, 0, 0, 0, 0, 0, 0, 0, 0, 0, 0, 0, 0, 0, 0, 0, 0, 0, 0, 0, 0, 0, 0, 0, 0, 0, 3, 3, 3, 3, 0, 0, 0, 0, 0, 0, 0, 0, 0, 0, 0, 0, 0, 0, 0, 0, 0, 0, 0, 0, 0, 0, 0, 0, 0, 0, 0, 0, 5, 0, 0, 0, 0, 0, 0, 0, 0, 0, 0, 0, 0, 8, 0, 0, 0, 0, 0, 0, 8, 0, 0, 0, 0, 0, 0, 8, 0, 0, 0, 0, 0, 0, 0, 0, 0, 0, 0, 0, 0, 0, 0, 0, 0, 0, 0, 0, 0, 0, 0, 0, 0, 0, 0, 0, 0, 0, 0, 0, 0, 0, 0, 0, 0, 0, 0, 0, 0, 0, 0, 0, 0, 0, 0, 0, 0, 0, 0, 0, 0, 3, 0, 0, 0, 0, 0, 0, 0, 0, 0, 0, 0, 0, 0, 0, 8, 0, 0, 0, 0, 0, 0, 5, 0, 0, 0, 0, 0, 8, 0, 0, 0, 0, 0, 0, 8, 0, 0, 0, 3, 0, 0, 8, 5, 0, 0, 0, 0, 0, 0, 0, 0, 0, 0, 0, 0, 0, 0, 0, 0, 0, 0, 0, 0, 0, 0, 0, 0, 0, 0, 0, 0, 0, 0, 0, 0, 0, 0, 0, 0, 0, 0, 0, 0, 0, 0, 0, 0, 0, 0, 0, 0, 3, 0, 0, 0, 0, 0, 0, 0, 0, 0, 0, 0, 0, 0, 0, 0, 0, 0, 0, 8, 6, 6, 6, 6, 6, 6, 8, 0, 3, 0, 0, 0, 8, 0, 0, 3, 0, 0, 0, 8, 0, 0, 0, 3, 0, 0, 8, 8, 5, 0, 6, 6, 6, 6, 6, 6, 6, 0, 6, 6, 6, 6, 0, 5, 5, 5, 5, 5, 5, 5, 5, 5, 5, 5, 5, 5, 5, 5, 5, 0, 0, 0, 0, 0, 0, 0, 0, 0, 0, 5, 5, 5, 0, 0, 0, 0, 0, 0, 0, 0, 0, 0, 0, 0, 0, 0, 0, 0, 0, 0, 0, 0, 0, 0, 0, 8, 7, 7, 7, 7, 7, 7, 8, 0, 4, 0, 0, 0, 8, 0, 0, 4, 0, 0, 0, 8, 0, 0, 0, 3, 0, 0, 8, 8, 8, 7, 7, 7, 7, 7, 7, 7, 7, 7, 7, 7, 7, 7, 7, 8, 8, 8, 8, 8, 8, 8, 8, 8, 8, 8, 8, 8, 8, 8, 8, 6, 6, 6, 6, 6, 6, 6, 6, 6, 6, 8, 8, 8, 0, 0, 0, 0, 0, 0, 0, 0, 0, 0, 0, 0, 0, 0, 0, 0, 0, 0, 0, 0, 0, 0, 0, 8, 7, 7, 7, 7, 7, 7, 8, 0, 4, 0, 0, 0, 8, 0, 0, 4, 0, 0, 0, 8, 1, 1, 1, 1, 1, 1, 8, 8, 8, 7, 7, 7, 7, 7, 7, 7, 7, 7, 7, 7, 7, 7, 7, 8, 8, 10, 2, 2, 9, 8, 8, 8, 8, 2, 2, 2, 9, 8, 8, 7, 7, 7, 7, 7, 7, 7, 7, 7, 7, 8, 8, 8, 0, 0, 0, 0, 0, 0, 0, 0, 0, 0, 0, 0, 0, 0, 0, 0, 0, 0, 0, 0, 0, 0, 0, 8, 7, 7, 7, 7, 7, 7, 8, 0, 4, 0, 0, 0, 8, 0, 0, 4, 0, 0, 0, 8, 1, 1, 1, 1, 1, 1, 8, 8, 8, 7, 7, 7, 7, 7, 7, 7, 7, 7, 7, 7, 7, 7, 7, 8, 8, 11, 2, 9, 11, 2, 2, 2, 2, 8, 8, 10, 12, 8, 8, 7, 7, 7, 7, 7, 7, 7, 7, 7, 7, 8, 8, 8, 5, 5, 5, 5, 0, 0, 0, 0, 0, 0, 3, 0, 0, 0, 0, 3, 0, 0, 0, 0, 0, 0, 0, 8, 7, 7, 7, 7, 7, 7, 8, 1, 1, 1, 1, 1, 8, 1, 1, 1, 1, 1, 1, 8, 1, 1, 1, 1, 1, 1, 8, 8, 8, 7, 7, 7, 7, 7, 7, 7, 7, 7, 7, 7, 7, 7, 7, 8, 10, 2, 2, 12, 8, 8, 8, 8, 8, 8, 8, 11, 2, 2, 2, 7, 7, 7, 7, 7, 7, 7, 7, 7, 7, 8, 8, 8, 1, 1, 1, 1, 1, 1, 1, 1, 1, 1, 1, 1, 1, 1, 1, 1, 1, 1, 1, 1, 1, 1, 1, 8, 7, 7, 7, 7, 7, 7, 8, 1, 1, 1, 1, 1, 8, 1, 1, 1, 1, 1, 1, 8, 1, 1, 1, 1, 1, 1, 8, 10, 2, 7, 7, 7, 7, 7, 7, 7, 7, 7, 7, 7, 7, 7, 7, 2, 12, 8, 8, 8, 8, 8, 8, 8, 8],
         "height":16,
         "name":"tiles",
         "opacity":1,
         "type":"tilelayer",
         "visible":true,
         "width":96,
         "x":0,
         "y":0
        }, 
        {
         "draworder":"topdown",
         "name":"items",
         "objects":[
                {
                 "height":66,
                 "id":3,
                 "name":"player",
                 "rotation":0,
                 "type":"",
                 "visible":true,
                 "width":63,
                 "x":32,
                 "y":192
                }, 
                {
                 "gid":14,
                 "height":32,
                 "id":4,
                 "name":"End",
                 "rotation":0,
                 "type":"",
                 "visible":true,
                 "width":32,
                 "x":3008,
                 "y":320
                }, 
                {
                 "gid":16,
                 "height":32,
                 "id":5,
                 "name":"Tesla2",
                 "rotation":0,
                 "type":"",
                 "visible":true,
                 "width":32,
                 "x":2752,
                 "y":256
                }, 
                {
                 "gid":15,
                 "height":32,
                 "id":6,
                 "name":"Tesla",
                 "rotation":0,
                 "type":"",
                 "visible":true,
                 "width":32,
                 "x":2272,
                 "y":320
                }, 
                {
                 "gid":17,
                 "height":32,
                 "id":7,
                 "name":"Collect",
                 "rotation":0,
                 "type":"",
                 "visible":true,
                 "width":32,
                 "x":2240,
                 "y":288
                }, 
                {
                 "gid":13,
                 "height":32,
                 "id":11,
                 "name":"Power",
                 "rotation":0,
                 "type":"",
                 "visible":true,
                 "width":32,
                 "x":1216,
                 "y":128
                }, 
                {
                 "gid":16,
                 "height":32,
                 "id":12,
                 "name":"Tesla2",
                 "rotation":0,
                 "type":"",
                 "visible":true,
                 "width":32,
                 "x":1344,
                 "y":160
                }, 
                {
                 "gid":15,
                 "height":32,
                 "id":13,
                 "name":"Tesla",
                 "rotation":0,
                 "type":"",
                 "visible":true,
                 "width":32,
                 "x":1344,
                 "y":256
                }, 
                {
                 "gid":17,
                 "height":32,
                 "id":14,
                 "name":"Collect",
                 "rotation":0,
                 "type":"",
                 "visible":true,
                 "width":32,
                 "x":1472,
                 "y":256
                }, 
                {
                 "gid":15,
                 "height":32,
                 "id":15,
                 "name":"Tesla",
                 "rotation":0,
                 "type":"",
                 "visible":true,
                 "width":32,
                 "x":1088,
                 "y":448
                }, 
                {
                 "gid":17,
                 "height":32,
                 "id":16,
                 "name":"Collect",
                 "rotation":0,
                 "type":"",
                 "visible":true,
                 "width":32,
                 "x":352,
                 "y":256
                }, 
                {
                 "gid":13,
                 "height":32,
                 "id":17,
                 "name":"Power",
                 "rotation":0,
                 "type":"",
                 "visible":true,
                 "width":32,
                 "x":224,
                 "y":320
                }, 
                {
                 "gid":15,
                 "height":32,
                 "id":18,
                 "name":"Tesla",
                 "rotation":0,
                 "type":"",
                 "visible":true,
                 "width":32,
                 "x":544,
                 "y":352
                }, 
                {
                 "gid":17,
                 "height":32,
                 "id":19,
                 "name":"Collect",
                 "rotation":0,
                 "type":"",
                 "visible":true,
                 "width":32,
                 "x":544,
                 "y":256
                }, 
                {
                 "gid":13,
                 "height":32,
                 "id":20,
                 "name":"Power",
                 "rotation":0,
                 "type":"",
                 "visible":true,
                 "width":32,
                 "x":576,
                 "y":352
                }, 
                {
                 "gid":17,
                 "height":32,
                 "id":23,
                 "name":"Collect",
                 "rotation":0,
                 "type":"",
                 "visible":true,
                 "width":32,
                 "x":864,
                 "y":128
                }, 
                {
                 "gid":16,
                 "height":32,
                 "id":26,
                 "name":"Tesla2",
                 "rotation":0,
                 "type":"",
                 "visible":true,
                 "width":32,
                 "x":1856,
                 "y":128
                }, 
                {
                 "gid":16,
                 "height":32,
                 "id":27,
                 "name":"Tesla2",
                 "rotation":0,
                 "type":"",
                 "visible":true,
                 "width":32,
                 "x":2112,
                 "y":128
                }, 
                {
                 "gid":16,
                 "height":32,
                 "id":41,
                 "name":"Tesla2",
                 "rotation":0,
                 "type":"",
                 "visible":true,
                 "width":32,
                 "x":800,
                 "y":128
                }, 
                {
                 "gid":16,
                 "height":32,
                 "id":42,
                 "name":"Tesla2",
                 "rotation":0,
                 "type":"",
                 "visible":true,
                 "width":32,
                 "x":928,
                 "y":128
                }, 
                {
                 "height":64,
                 "id":43,
                 "name":"Enemy",
                 "rotation":0,
                 "type":"",
                 "visible":true,
                 "width":64,
                 "x":640,
                 "y":384
                }, 
                {
                 "gid":4,
                 "height":32,
                 "id":44,
                 "name":"Fall",
                 "rotation":0,
                 "type":"",
                 "visible":true,
                 "width":32,
                 "x":224,
                 "y":352
                }, 
                {
                 "gid":4,
                 "height":32,
                 "id":46,
                 "name":"Fall",
                 "rotation":0,
                 "type":"",
                 "visible":true,
                 "width":32,
                 "x":1152,
                 "y":384
                }, 
                {
                 "gid":4,
                 "height":32,
                 "id":47,
                 "name":"Fall",
                 "rotation":0,
                 "type":"",
                 "visible":true,
                 "width":32,
                 "x":1472,
                 "y":288
                }, 
                {
                 "gid":4,
                 "height":32,
                 "id":48,
                 "name":"Fall",
                 "rotation":0,
                 "type":"",
                 "visible":true,
                 "width":32,
                 "x":2720,
                 "y":352
                }, 
                {
                 "gid":4,
                 "height":32,
                 "id":49,
                 "name":"Fall",
                 "rotation":0,
                 "type":"",
                 "visible":true,
                 "width":32,
                 "x":2560,
                 "y":352
                }, 
                {
                 "gid":4,
                 "height":32,
                 "id":50,
                 "name":"Fall",
                 "rotation":0,
                 "type":"",
                 "visible":true,
                 "width":32,
                 "x":2304,
                 "y":352
                }, 
                {
                 "gid":17,
                 "height":32,
                 "id":51,
                 "name":"Collect",
                 "rotation":0,
                 "type":"",
                 "visible":true,
                 "width":32,
                 "x":896,
                 "y":128
                }, 
                {
                 "gid":17,
                 "height":32,
                 "id":52,
                 "name":"Collect",
                 "rotation":0,
                 "type":"",
                 "visible":true,
                 "width":32,
                 "x":832,
                 "y":128
                }],
         "opacity":1,
         "type":"objectgroup",
         "visible":true,
         "x":0,
         "y":0
        }],
 "nextobjectid":54,
 "orientation":"orthogonal",
 "renderorder":"left-up",
 "tileheight":32,
 "tilesets":[
        {
         "columns":3,
         "firstgid":1,
         "image":"tiles.png",
         "imageheight":128,
         "imagewidth":96,
         "margin":0,
         "name":"tiles",
         "spacing":0,
         "tilecount":12,
         "tileheight":32,
         "tileproperties":
            {
             "2":
                {
                 "terrain":"block"
                },
             "3":
                {
                 "terrain":"block"
                },
             "4":
                {
                 "terrain":"block"
                },
             "7":
                {
                 "terrain":"block"
                }
            },
         "tilepropertytypes":
            {
             "2":
                {
                 "terrain":"string"
                },
             "3":
                {
                 "terrain":"string"
                },
             "4":
                {
                 "terrain":"string"
                },
             "7":
                {
                 "terrain":"string"
                }
            },
         "tilewidth":32
        }, 
        {
         "columns":2,
         "firstgid":13,
         "image":"items.png",
         "imageheight":96,
         "imagewidth":64,
         "margin":0,
         "name":"items",
         "spacing":0,
         "tilecount":6,
         "tileheight":32,
         "tilewidth":32
        }],
 "tilewidth":32,
 "type":"map",
 "version":1,
 "width":96
}