{ "height":16,
 "layers":[
        {
         "data":[6, 6, 6, 6, 6, 6, 6, 7, 6, 6, 6, 6, 6, 6, 6, 6, 7, 6, 6, 10, 10, 10, 10, 10, 10, 10, 10, 10, 10, 7, 10, 10, 10, 7, 6, 6, 6, 6, 7, 6, 6, 6, 6, 6, 7, 6, 9, 6, 9, 6, 6, 6, 6, 13, 13, 13, 13, 13, 6, 6, 6, 6, 6, 6, 6, 6, 6, 6, 6, 6, 6, 6, 6, 6, 6, 6, 6, 6, 6, 6, 6, 6, 6, 6, 6, 6, 6, 6, 6, 6, 6, 6, 6, 6, 6, 6, 7, 6, 6, 6, 6, 6, 6, 6, 6, 6, 6, 6, 6, 6, 6, 6, 6, 6, 6, 10, 10, 10, 10, 10, 10, 7, 10, 10, 10, 10, 10, 10, 10, 10, 10, 10, 10, 10, 10, 10, 10, 10, 10, 10, 10, 9, 6, 6, 6, 9, 6, 6, 6, 6, 13, 13, 13, 6, 0, 0, 0, 0, 0, 0, 0, 0, 0, 0, 0, 0, 0, 0, 0, 0, 0, 0, 0, 0, 0, 0, 0, 0, 5, 5, 5, 5, 5, 5, 5, 5, 5, 5, 5, 13, 13, 6, 0, 0, 0, 0, 0, 0, 0, 0, 0, 0, 0, 0, 0, 0, 0, 0, 0, 0, 0, 10, 10, 10, 10, 7, 10, 10, 10, 10, 10, 10, 10, 10, 10, 0, 0, 0, 0, 0, 0, 0, 0, 0, 0, 0, 0, 0, 0, 0, 0, 0, 0, 0, 0, 0, 0, 0, 0, 0, 0, 0, 0, 0, 0, 0, 0, 0, 0, 0, 0, 0, 0, 0, 0, 0, 0, 0, 0, 0, 0, 0, 0, 0, 0, 0, 13, 5, 5, 5, 5, 5, 5, 5, 13, 13, 6, 6, 0, 0, 0, 0, 0, 0, 0, 0, 0, 0, 0, 0, 0, 0, 0, 0, 0, 0, 0, 10, 10, 10, 10, 10, 10, 10, 0, 0, 0, 0, 10, 0, 0, 0, 0, 0, 0, 0, 0, 0, 0, 0, 0, 0, 0, 0, 0, 0, 0, 0, 0, 0, 0, 0, 0, 0, 0, 0, 0, 0, 0, 0, 0, 1, 0, 0, 0, 0, 0, 0, 0, 0, 0, 0, 0, 0, 0, 0, 0, 0, 0, 0, 0, 0, 0, 13, 5, 5, 5, 5, 5, 13, 13, 13, 6, 6, 0, 0, 0, 0, 0, 0, 0, 0, 0, 0, 0, 0, 0, 0, 1, 0, 0, 0, 0, 0, 10, 10, 10, 7, 10, 0, 0, 0, 0, 0, 0, 0, 0, 0, 0, 0, 0, 0, 8, 0, 0, 0, 0, 0, 0, 0, 0, 0, 0, 2, 0, 0, 0, 8, 0, 0, 0, 1, 1, 0, 0, 0, 0, 0, 0, 0, 0, 0, 0, 0, 0, 0, 0, 15, 15, 0, 0, 0, 0, 0, 0, 0, 0, 0, 0, 0, 13, 5, 5, 5, 13, 13, 13, 13, 6, 6, 0, 0, 0, 0, 0, 0, 0, 0, 0, 0, 0, 0, 0, 0, 1, 10, 0, 0, 0, 0, 0, 10, 10, 10, 0, 0, 0, 0, 0, 0, 0, 0, 8, 0, 0, 0, 0, 0, 0, 0, 0, 0, 0, 0, 0, 0, 0, 0, 0, 2, 0, 0, 0, 0, 0, 0, 0, 0, 0, 0, 0, 0, 0, 0, 0, 0, 0, 0, 0, 0, 0, 0, 0, 0, 0, 0, 0, 0, 0, 0, 0, 0, 0, 0, 0, 0, 0, 13, 5, 13, 6, 13, 13, 13, 6, 6, 0, 0, 0, 0, 0, 0, 0, 0, 0, 0, 0, 15, 0, 0, 1, 10, 10, 0, 0, 0, 0, 0, 10, 10, 0, 0, 0, 8, 8, 0, 0, 0, 0, 0, 0, 0, 0, 0, 0, 0, 0, 0, 0, 0, 0, 0, 0, 0, 0, 2, 0, 0, 0, 0, 0, 0, 0, 0, 0, 0, 0, 1, 1, 0, 0, 0, 0, 13, 1, 1, 1, 5, 0, 0, 0, 0, 0, 0, 0, 0, 0, 0, 0, 0, 0, 0, 0, 0, 0, 0, 6, 6, 6, 6, 6, 6, 0, 0, 0, 0, 0, 0, 0, 0, 8, 0, 0, 0, 0, 0, 1, 7, 10, 10, 0, 0, 0, 0, 0, 0, 0, 0, 0, 0, 0, 0, 0, 0, 0, 0, 0, 0, 0, 0, 0, 0, 0, 0, 8, 0, 0, 0, 0, 0, 2, 6, 0, 0, 0, 0, 0, 0, 0, 0, 0, 0, 0, 0, 0, 0, 0, 0, 0, 13, 13, 13, 13, 5, 0, 0, 0, 0, 0, 0, 0, 0, 0, 0, 0, 0, 0, 0, 0, 0, 0, 0, 0, 0, 0, 0, 0, 6, 0, 0, 0, 0, 0, 0, 0, 0, 0, 0, 0, 0, 0, 8, 1, 10, 6, 10, 0, 0, 0, 0, 0, 0, 0, 0, 0, 0, 0, 0, 0, 0, 0, 0, 0, 0, 8, 0, 0, 0, 0, 0, 0, 0, 0, 0, 0, 0, 2, 6, 0, 0, 0, 0, 0, 0, 0, 0, 0, 0, 0, 0, 0, 0, 0, 0, 0, 13, 13, 13, 13, 13, 0, 0, 0, 0, 0, 0, 0, 0, 0, 0, 0, 0, 0, 0, 0, 0, 0, 0, 0, 0, 0, 0, 0, 0, 0, 0, 0, 0, 0, 0, 0, 0, 0, 0, 0, 0, 0, 0, 1, 10, 6, 10, 10, 0, 0, 0, 0, 0, 8, 0, 0, 0, 0, 0, 0, 0, 0, 0, 0, 0, 0, 0, 0, 0, 0, 0, 0, 0, 0, 0, 0, 0, 2, 6, 0, 0, 0, 0, 0, 0, 0, 0, 0, 0, 0, 0, 0, 0, 0, 0, 0, 5, 13, 13, 13, 13, 0, 0, 0, 0, 0, 0, 0, 0, 0, 0, 0, 0, 0, 6, 0, 0, 0, 0, 0, 0, 0, 0, 0, 0, 0, 0, 0, 0, 0, 0, 0, 0, 0, 0, 0, 0, 0, 0, 1, 10, 6, 7, 7, 10, 0, 0, 0, 0, 0, 0, 0, 0, 0, 0, 0, 0, 0, 0, 0, 0, 0, 0, 0, 0, 8, 0, 0, 0, 0, 0, 0, 2, 2, 6, 0, 0, 0, 0, 0, 0, 0, 0, 0, 0, 0, 0, 0, 0, 0, 1, 1, 5, 13, 13, 13, 13, 13, 0, 0, 0, 0, 0, 0, 0, 0, 0, 0, 0, 0, 6, 0, 0, 8, 0, 0, 0, 0, 0, 0, 0, 0, 0, 0, 0, 0, 8, 0, 0, 0, 0, 0, 0, 0, 0, 1, 10, 7, 6, 6, 6, 10, 0, 0, 0, 0, 0, 0, 0, 0, 0, 0, 0, 8, 8, 0, 0, 0, 0, 0, 0, 0, 0, 0, 0, 0, 0, 0, 0, 2, 6, 0, 0, 0, 0, 0, 0, 0, 0, 2, 0, 0, 0, 0, 0, 1, 1, 1, 5, 13, 13, 13, 13, 13, 0, 0, 0, 0, 0, 0, 0, 15, 13, 5, 13, 13, 6, 0, 0, 0, 0, 0, 0, 0, 16, 17, 17, 0, 0, 0, 0, 0, 0, 0, 0, 1, 5, 5, 5, 5, 5, 1, 10, 6, 6, 6, 6, 6, 10, 0, 0, 0, 0, 0, 0, 0, 0, 0, 0, 0, 0, 0, 0, 0, 0, 0, 0, 0, 0, 0, 0, 0, 0, 0, 0, 11, 6, 0, 2, 0, 0, 0, 0, 0, 0, 0, 0, 0, 0, 0, 0, 13, 13, 13, 13, 13, 13, 13, 13, 13, 13, 0, 0, 0, 0, 0, 0, 15, 5, 5, 5, 5, 6, 13, 13, 13, 13, 13, 15, 7, 7, 7, 6, 1, 1, 1, 1, 5, 13, 5, 13, 1, 12, 12, 12, 12, 12, 1, 10, 6, 6, 6, 6, 6, 6, 10, 0, 8, 12, 12, 12, 12, 12, 12, 12, 12, 12, 12, 12, 12, 12, 12, 12, 12, 12, 12, 12, 12, 8, 8, 12, 6, 6, 14, 14, 14, 14, 14, 13, 14, 14, 0, 1, 0, 0, 0, 13, 13, 13, 13, 13, 13, 13, 13, 13, 13, 13, 0, 0, 0, 15, 15, 15, 15, 14, 14, 14, 14, 6, 13, 13, 13, 13, 13, 11, 12, 12, 12, 12, 1, 1, 1, 1, 12, 12, 12, 12, 7, 12, 12, 12, 12, 12, 1, 7, 6, 6, 6, 6, 6, 6, 6, 7, 17, 12, 12, 12, 12, 12, 12, 12, 12, 12, 12, 12, 12, 12, 12, 12, 12, 12, 12, 12, 12, 12, 12, 14, 6, 6, 14, 14, 14, 14, 14, 13, 13, 14, 0, 1, 1, 0, 13, 13, 13, 13, 13, 13, 13, 13, 13, 13, 13, 13, 13, 15, 15, 15, 15, 15, 15, 14, 14, 14, 14, 10, 13, 13, 13, 13, 13, 11, 12, 12, 12, 12, 1, 1, 1, 1, 12, 12, 12, 12, 1, 11, 12, 12, 12, 11, 1, 7, 6, 6, 6, 6, 6, 6, 9, 6, 10, 5, 5, 5, 5, 5, 5, 5, 5, 5, 5, 5, 5, 5, 5, 5, 5, 12, 12, 12, 12, 12, 12, 6, 6, 6, 14, 14, 14, 13, 14, 14, 14, 14, 12, 12, 12, 13, 13, 13, 13, 13, 5, 5, 5, 5, 5, 13, 13, 13, 15, 15, 15, 15, 15, 15, 15, 14, 14, 14, 14, 11, 13, 13, 13, 13, 13, 11, 12, 12, 12, 12],
         "height":16,
         "name":"tiles",
         "opacity":1,
         "type":"tilelayer",
         "visible":true,
         "width":96,
         "x":0,
         "y":0
        }, 
        {
         "draworder":"topdown",
         "name":"items",
         "objects":[
                {
                 "height":64,
                 "id":3,
                 "name":"player",
                 "rotation":0,
                 "type":"",
                 "visible":true,
                 "width":64,
                 "x":32,
                 "y":320
                }, 
                {
                 "gid":22,
                 "height":32,
                 "id":4,
                 "name":"downspike",
                 "rotation":0,
                 "type":"",
                 "visible":true,
                 "width":32,
                 "x":960,
                 "y":160
                }, 
                {
                 "gid":22,
                 "height":32,
                 "id":6,
                 "name":"downspike",
                 "rotation":0,
                 "type":"",
                 "visible":true,
                 "width":32,
                 "x":1760,
                 "y":96
                }, 
                {
                 "gid":21,
                 "height":32,
                 "id":8,
                 "name":"upspike",
                 "rotation":0,
                 "type":"",
                 "visible":true,
                 "width":32,
                 "x":1984,
                 "y":448
                }, 
                {
                 "gid":21,
                 "height":32,
                 "id":9,
                 "name":"upspike",
                 "rotation":0,
                 "type":"",
                 "visible":true,
                 "width":32,
                 "x":2016,
                 "y":416
                }, 
                {
                 "gid":22,
                 "height":32,
                 "id":10,
                 "name":"downspike",
                 "rotation":0,
                 "type":"",
                 "visible":true,
                 "width":32,
                 "x":2816,
                 "y":224
                }, 
                {
                 "gid":25,
                 "height":32,
                 "id":11,
                 "name":"coin",
                 "rotation":0,
                 "type":"",
                 "visible":true,
                 "width":32,
                 "x":160,
                 "y":320
                }, 
                {
                 "gid":25,
                 "height":32,
                 "id":12,
                 "name":"coin",
                 "rotation":0,
                 "type":"",
                 "visible":true,
                 "width":32,
                 "x":256,
                 "y":224
                }, 
                {
                 "gid":25,
                 "height":32,
                 "id":13,
                 "name":"coin",
                 "rotation":0,
                 "type":"",
                 "visible":true,
                 "width":32,
                 "x":352,
                 "y":160
                }, 
                {
                 "gid":25,
                 "height":32,
                 "id":17,
                 "name":"coin",
                 "rotation":0,
                 "type":"",
                 "visible":true,
                 "width":32,
                 "x":768,
                 "y":288
                }, 
                {
                 "gid":25,
                 "height":32,
                 "id":18,
                 "name":"coin",
                 "rotation":0,
                 "type":"",
                 "visible":true,
                 "width":32,
                 "x":1056,
                 "y":352
                }, 
                {
                 "gid":25,
                 "height":32,
                 "id":19,
                 "name":"coin",
                 "rotation":0,
                 "type":"",
                 "visible":true,
                 "width":32,
                 "x":1344,
                 "y":224
                }, 
                {
                 "gid":25,
                 "height":32,
                 "id":20,
                 "name":"coin",
                 "rotation":0,
                 "type":"",
                 "visible":true,
                 "width":32,
                 "x":1440,
                 "y":416
                }, 
                {
                 "gid":25,
                 "height":32,
                 "id":21,
                 "name":"coin",
                 "rotation":0,
                 "type":"",
                 "visible":true,
                 "width":32,
                 "x":1440,
                 "y":416
                }, 
                {
                 "gid":25,
                 "height":32,
                 "id":22,
                 "name":"coin",
                 "rotation":0,
                 "type":"",
                 "visible":true,
                 "width":32,
                 "x":1472,
                 "y":416
                }, 
                {
                 "gid":25,
                 "height":32,
                 "id":23,
                 "name":"coin",
                 "rotation":0,
                 "type":"",
                 "visible":true,
                 "width":32,
                 "x":1472,
                 "y":416
                }, 
                {
                 "gid":25,
                 "height":32,
                 "id":24,
                 "name":"coin",
                 "rotation":0,
                 "type":"",
                 "visible":true,
                 "width":32,
                 "x":1472,
                 "y":384
                }, 
                {
                 "gid":25,
                 "height":32,
                 "id":25,
                 "name":"coin",
                 "rotation":0,
                 "type":"",
                 "visible":true,
                 "width":32,
                 "x":1440,
                 "y":384
                }, 
                {
                 "gid":25,
                 "height":32,
                 "id":26,
                 "name":"coin",
                 "rotation":0,
                 "type":"",
                 "visible":true,
                 "width":32,
                 "x":1984,
                 "y":384
                }, 
                {
                 "gid":25,
                 "height":32,
                 "id":27,
                 "name":"coin",
                 "rotation":0,
                 "type":"",
                 "visible":true,
                 "width":32,
                 "x":1984,
                 "y":352
                }, 
                {
                 "gid":25,
                 "height":32,
                 "id":28,
                 "name":"coin",
                 "rotation":0,
                 "type":"",
                 "visible":true,
                 "width":32,
                 "x":1984,
                 "y":352
                }, 
                {
                 "gid":25,
                 "height":32,
                 "id":29,
                 "name":"coin",
                 "rotation":0,
                 "type":"",
                 "visible":true,
                 "width":32,
                 "x":1952,
                 "y":352
                }, 
                {
                 "gid":25,
                 "height":32,
                 "id":30,
                 "name":"coin",
                 "rotation":0,
                 "type":"",
                 "visible":true,
                 "width":32,
                 "x":1952,
                 "y":416
                }, 
                {
                 "gid":25,
                 "height":32,
                 "id":31,
                 "name":"coin",
                 "rotation":0,
                 "type":"",
                 "visible":true,
                 "width":32,
                 "x":1952,
                 "y":416
                }, 
                {
                 "gid":25,
                 "height":32,
                 "id":32,
                 "name":"coin",
                 "rotation":0,
                 "type":"",
                 "visible":true,
                 "width":32,
                 "x":1952,
                 "y":384
                }, 
                {
                 "gid":25,
                 "height":32,
                 "id":33,
                 "name":"coin",
                 "rotation":0,
                 "type":"",
                 "visible":true,
                 "width":32,
                 "x":2016,
                 "y":352
                }, 
                {
                 "gid":25,
                 "height":32,
                 "id":34,
                 "name":"coin",
                 "rotation":0,
                 "type":"",
                 "visible":true,
                 "width":32,
                 "x":2016,
                 "y":320
                }, 
                {
                 "gid":25,
                 "height":32,
                 "id":35,
                 "name":"coin",
                 "rotation":0,
                 "type":"",
                 "visible":true,
                 "width":32,
                 "x":1984,
                 "y":320
                }, 
                {
                 "gid":25,
                 "height":32,
                 "id":36,
                 "name":"coin",
                 "rotation":0,
                 "type":"",
                 "visible":true,
                 "width":32,
                 "x":1952,
                 "y":320
                }, 
                {
                 "gid":25,
                 "height":32,
                 "id":37,
                 "name":"coin",
                 "rotation":0,
                 "type":"",
                 "visible":true,
                 "width":32,
                 "x":2528,
                 "y":416
                }, 
                {
                 "gid":25,
                 "height":32,
                 "id":38,
                 "name":"coin",
                 "rotation":0,
                 "type":"",
                 "visible":true,
                 "width":32,
                 "x":2464,
                 "y":416
                }, 
                {
                 "gid":25,
                 "height":32,
                 "id":45,
                 "name":"coin",
                 "rotation":0,
                 "type":"",
                 "visible":true,
                 "width":32,
                 "x":2432,
                 "y":192
                }, 
                {
                 "gid":25,
                 "height":32,
                 "id":46,
                 "name":"coin",
                 "rotation":0,
                 "type":"",
                 "visible":true,
                 "width":32,
                 "x":2464,
                 "y":224
                }, 
                {
                 "gid":26,
                 "height":32,
                 "id":47,
                 "name":"boost",
                 "rotation":0,
                 "type":"",
                 "visible":true,
                 "width":32,
                 "x":768,
                 "y":416
                }, 
                {
                 "gid":23,
                 "height":32,
                 "id":48,
                 "name":"exitline",
                 "rotation":0,
                 "type":"",
                 "visible":true,
                 "width":32,
                 "x":2976,
                 "y":352
                }, 
                {
                 "gid":23,
                 "height":32,
                 "id":49,
                 "name":"exitline",
                 "rotation":0,
                 "type":"",
                 "visible":true,
                 "width":32,
                 "x":2944,
                 "y":352
                }, 
                {
                 "gid":24,
                 "height":32,
                 "id":50,
                 "name":"exitarrow",
                 "rotation":0,
                 "type":"",
                 "visible":true,
                 "width":32,
                 "x":3008,
                 "y":352
                }, 
                {
                 "gid":21,
                 "height":32,
                 "id":51,
                 "name":"upspike",
                 "rotation":0,
                 "type":"",
                 "visible":true,
                 "width":32,
                 "x":2368,
                 "y":448
                }, 
                {
                 "gid":21,
                 "height":32,
                 "id":52,
                 "name":"upspike",
                 "rotation":0,
                 "type":"",
                 "visible":true,
                 "width":32,
                 "x":2336,
                 "y":384
                }, 
                {
                 "gid":21,
                 "height":32,
                 "id":53,
                 "name":"upspike",
                 "rotation":0,
                 "type":"",
                 "visible":true,
                 "width":32,
                 "x":2304,
                 "y":320
                }, 
                {
                 "gid":22,
                 "height":32,
                 "id":54,
                 "name":"downspike",
                 "rotation":0,
                 "type":"",
                 "visible":true,
                 "width":32,
                 "x":352,
                 "y":96
                }, 
                {
                 "gid":16,
                 "height":32,
                 "id":63,
                 "name":"fall",
                 "rotation":0,
                 "type":"",
                 "visible":true,
                 "width":32,
                 "x":1056,
                 "y":384
                }, 
                {
                 "gid":16,
                 "height":32,
                 "id":65,
                 "name":"",
                 "rotation":0,
                 "type":"",
                 "visible":false,
                 "width":32,
                 "x":1600,
                 "y":544
                }, 
                {
                 "gid":22,
                 "height":32,
                 "id":66,
                 "name":"downspike",
                 "rotation":0,
                 "type":"",
                 "visible":true,
                 "width":32,
                 "x":1728,
                 "y":96
                }, 
                {
                 "gid":22,
                 "height":32,
                 "id":68,
                 "name":"downspike",
                 "rotation":0,
                 "type":"",
                 "visible":true,
                 "width":32,
                 "x":1792,
                 "y":96
                }, 
                {
                 "gid":22,
                 "height":32,
                 "id":75,
                 "name":"downspike",
                 "rotation":0,
                 "type":"",
                 "visible":true,
                 "width":32,
                 "x":1792,
                 "y":96
                }, 
                {
                 "gid":22,
                 "height":32,
                 "id":76,
                 "name":"downspike",
                 "rotation":0,
                 "type":"",
                 "visible":true,
                 "width":32,
                 "x":1728,
                 "y":96
                }, 
                {
                 "gid":21,
                 "height":32,
                 "id":80,
                 "name":"upspike",
                 "rotation":0,
                 "type":"",
                 "visible":true,
                 "width":32,
                 "x":1504,
                 "y":320
                }, 
                {
                 "gid":22,
                 "height":32,
                 "id":81,
                 "name":"downspike",
                 "rotation":0,
                 "type":"",
                 "visible":true,
                 "width":32,
                 "x":1376,
                 "y":96
                }],
         "opacity":1,
         "type":"objectgroup",
         "visible":true,
         "x":0,
         "y":0
        }],
 "nextobjectid":82,
 "orientation":"orthogonal",
 "renderorder":"left-up",
 "tileheight":32,
 "tilesets":[
        {
         "columns":4,
         "firstgid":1,
         "image":"tiles.png",
         "imageheight":160,
         "imagewidth":128,
         "margin":0,
         "name":"tiles",
         "spacing":0,
         "tilecount":20,
         "tileheight":32,
         "tileproperties":
            {
             "0":
                {
                 "terrain":"block"
                },
             "1":
                {
                 "terrain":"block"
                },
             "14":
                {
                 "terrain":"block"
                },
             "5":
                {
                 "terrain":"block"
                },
             "7":
                {
                 "terrain":"block"
                },
             "9":
                {
                 "terrain":"block"
                }
            },
         "tilepropertytypes":
            {
             "0":
                {
                 "terrain":"string"
                },
             "1":
                {
                 "terrain":"string"
                },
             "14":
                {
                 "terrain":"string"
                },
             "5":
                {
                 "terrain":"string"
                },
             "7":
                {
                 "terrain":"string"
                },
             "9":
                {
                 "terrain":"string"
                }
            },
         "tilewidth":32
        }, 
        {
         "columns":2,
         "firstgid":21,
         "image":"items.png",
         "imageheight":96,
         "imagewidth":64,
         "margin":0,
         "name":"items",
         "spacing":0,
         "tilecount":6,
         "tileheight":32,
         "tilewidth":32
        }],
 "tilewidth":32,
 "type":"map",
 "version":1,
 "width":96
}