{ "height":16,
 "layers":[
        {
         "data":[6, 6, 6, 6, 6, 6, 6, 7, 6, 6, 6, 6, 6, 6, 6, 6, 7, 6, 6, 10, 10, 10, 10, 10, 10, 10, 10, 10, 10, 7, 10, 10, 10, 7, 6, 6, 6, 6, 7, 6, 6, 6, 6, 6, 7, 6, 9, 6, 9, 6, 6, 6, 6, 13, 13, 13, 13, 13, 6, 6, 6, 6, 6, 6, 6, 6, 6, 6, 6, 6, 6, 6, 6, 6, 6, 6, 6, 6, 6, 6, 6, 6, 6, 6, 6, 6, 6, 6, 6, 6, 6, 6, 6, 6, 6, 6, 7, 6, 6, 6, 6, 6, 6, 6, 6, 6, 6, 6, 6, 6, 6, 6, 6, 6, 6, 10, 10, 10, 10, 10, 10, 7, 10, 10, 10, 10, 10, 10, 10, 10, 10, 10, 10, 10, 10, 10, 10, 10, 10, 10, 10, 9, 6, 6, 6, 9, 6, 6, 6, 6, 13, 13, 13, 6, 0, 0, 0, 0, 0, 0, 0, 0, 0, 0, 0, 0, 0, 0, 0, 0, 0, 0, 0, 0, 0, 0, 0, 0, 5, 5, 5, 5, 5, 5, 5, 5, 5, 5, 5, 13, 13, 6, 0, 0, 0, 0, 0, 0, 0, 0, 0, 0, 0, 0, 0, 0, 0, 0, 0, 0, 0, 10, 10, 10, 10, 7, 10, 10, 10, 10, 10, 10, 10, 10, 10, 0, 0, 0, 0, 0, 0, 0, 0, 0, 0, 0, 0, 0, 0, 0, 0, 0, 0, 0, 0, 0, 0, 13, 0, 0, 0, 0, 0, 0, 0, 0, 0, 0, 0, 0, 0, 0, 0, 0, 0, 0, 0, 0, 0, 0, 0, 0, 0, 0, 0, 0, 13, 5, 5, 5, 5, 5, 5, 5, 13, 13, 6, 6, 0, 0, 0, 0, 0, 0, 0, 0, 0, 0, 0, 0, 0, 0, 0, 0, 0, 0, 0, 10, 10, 10, 10, 10, 10, 10, 10, 0, 0, 0, 0, 0, 0, 0, 0, 0, 0, 0, 0, 0, 0, 0, 0, 0, 0, 0, 0, 0, 0, 0, 0, 0, 0, 0, 0, 0, 0, 0, 0, 0, 0, 0, 0, 1, 0, 0, 0, 0, 0, 0, 0, 0, 0, 0, 0, 0, 0, 0, 0, 0, 0, 0, 0, 0, 0, 13, 5, 5, 5, 5, 5, 13, 13, 13, 6, 6, 0, 0, 0, 0, 0, 0, 0, 0, 0, 0, 0, 0, 15, 0, 0, 0, 0, 0, 0, 0, 10, 10, 10, 7, 10, 10, 0, 0, 0, 0, 0, 0, 0, 0, 0, 0, 0, 0, 0, 0, 0, 0, 0, 0, 0, 0, 0, 0, 0, 2, 0, 0, 0, 0, 0, 0, 0, 0, 1, 0, 0, 0, 0, 0, 0, 0, 0, 0, 0, 0, 0, 0, 0, 15, 15, 0, 0, 0, 0, 0, 0, 0, 0, 0, 0, 0, 13, 5, 5, 5, 13, 13, 13, 13, 6, 6, 0, 0, 0, 0, 0, 0, 0, 0, 0, 0, 0, 0, 0, 0, 0, 0, 0, 0, 0, 0, 0, 10, 10, 10, 10, 0, 0, 0, 0, 0, 0, 0, 0, 0, 0, 0, 0, 15, 0, 0, 0, 0, 0, 0, 0, 0, 0, 0, 0, 2, 0, 0, 0, 0, 0, 0, 0, 0, 0, 0, 0, 0, 0, 0, 0, 0, 0, 0, 0, 0, 0, 5, 0, 0, 0, 0, 0, 0, 0, 0, 0, 0, 0, 0, 0, 0, 0, 13, 5, 13, 6, 13, 13, 13, 6, 6, 15, 15, 15, 15, 0, 0, 0, 0, 0, 0, 0, 0, 0, 0, 0, 0, 0, 0, 0, 0, 0, 0, 10, 10, 0, 0, 0, 0, 0, 0, 0, 0, 0, 0, 0, 0, 0, 0, 0, 0, 0, 0, 0, 0, 0, 0, 0, 0, 2, 2, 0, 0, 0, 8, 0, 0, 0, 0, 0, 0, 0, 8, 8, 0, 0, 0, 0, 13, 1, 1, 1, 5, 0, 0, 0, 0, 15, 0, 0, 0, 0, 0, 0, 0, 0, 0, 0, 0, 13, 0, 6, 6, 6, 6, 6, 6, 6, 6, 6, 6, 0, 14, 0, 0, 0, 0, 0, 0, 0, 0, 0, 0, 0, 0, 0, 0, 0, 0, 0, 0, 0, 0, 0, 0, 0, 0, 0, 14, 0, 0, 0, 0, 0, 0, 0, 0, 0, 0, 0, 0, 0, 0, 0, 8, 2, 6, 0, 0, 0, 0, 0, 0, 0, 0, 0, 0, 0, 0, 0, 0, 0, 0, 0, 13, 13, 13, 13, 5, 0, 0, 0, 0, 0, 0, 0, 0, 0, 0, 0, 0, 0, 0, 0, 0, 0, 0, 0, 0, 0, 0, 0, 6, 6, 6, 6, 6, 14, 14, 14, 0, 0, 0, 0, 0, 0, 0, 15, 0, 14, 0, 0, 0, 0, 0, 0, 0, 0, 0, 0, 0, 0, 0, 0, 14, 0, 15, 0, 0, 0, 0, 0, 0, 0, 0, 0, 0, 0, 0, 8, 6, 2, 6, 0, 0, 0, 0, 0, 0, 0, 0, 0, 0, 0, 0, 0, 0, 0, 0, 0, 13, 13, 13, 13, 13, 0, 0, 0, 0, 0, 0, 0, 0, 0, 0, 8, 0, 0, 0, 0, 0, 0, 0, 0, 0, 0, 0, 0, 0, 6, 6, 6, 6, 14, 13, 14, 14, 0, 0, 15, 0, 0, 0, 0, 0, 14, 0, 0, 0, 0, 0, 15, 15, 8, 0, 0, 0, 15, 0, 0, 14, 0, 0, 0, 0, 0, 0, 0, 0, 0, 0, 0, 0, 0, 0, 0, 0, 2, 6, 0, 0, 0, 0, 0, 0, 0, 0, 0, 0, 0, 0, 0, 0, 0, 0, 1, 5, 13, 13, 13, 13, 0, 0, 0, 0, 0, 0, 0, 0, 0, 0, 0, 0, 0, 0, 0, 0, 0, 0, 0, 0, 0, 0, 0, 0, 1, 1, 6, 1, 13, 13, 13, 14, 0, 0, 0, 0, 0, 0, 14, 14, 14, 0, 0, 0, 0, 0, 15, 15, 0, 0, 0, 0, 0, 0, 0, 14, 0, 0, 0, 0, 0, 0, 0, 0, 0, 0, 0, 0, 0, 0, 0, 0, 2, 6, 0, 0, 0, 0, 0, 0, 0, 0, 0, 0, 0, 0, 0, 0, 0, 13, 13, 5, 13, 13, 13, 13, 13, 0, 0, 0, 0, 0, 0, 0, 0, 0, 0, 0, 0, 0, 0, 0, 0, 0, 0, 0, 0, 0, 0, 0, 1, 1, 1, 1, 13, 13, 13, 14, 14, 0, 0, 0, 0, 14, 14, 13, 14, 0, 15, 0, 0, 0, 15, 15, 0, 0, 0, 0, 0, 0, 14, 14, 0, 0, 0, 0, 0, 0, 0, 0, 0, 0, 0, 0, 0, 0, 0, 0, 2, 6, 0, 0, 0, 0, 0, 0, 1, 0, 0, 0, 0, 0, 0, 0, 1, 12, 12, 5, 13, 13, 13, 13, 13, 0, 0, 0, 0, 0, 0, 0, 13, 13, 5, 13, 13, 13, 0, 0, 8, 0, 0, 0, 0, 16, 17, 17, 1, 1, 1, 1, 13, 13, 13, 13, 14, 14, 0, 0, 14, 14, 13, 13, 14, 14, 12, 12, 12, 12, 15, 15, 0, 0, 0, 0, 0, 0, 14, 13, 14, 0, 0, 0, 0, 0, 0, 0, 0, 0, 0, 8, 0, 0, 0, 0, 11, 6, 0, 2, 0, 0, 0, 0, 0, 0, 0, 0, 0, 0, 0, 0, 13, 13, 13, 13, 13, 13, 13, 13, 13, 13, 0, 0, 0, 0, 0, 0, 13, 5, 5, 5, 5, 13, 13, 13, 13, 13, 13, 15, 7, 7, 7, 6, 1, 1, 1, 1, 13, 13, 13, 13, 13, 14, 0, 0, 14, 13, 13, 13, 13, 14, 14, 12, 12, 15, 15, 15, 8, 12, 12, 12, 12, 12, 14, 13, 14, 14, 12, 12, 12, 12, 12, 12, 12, 12, 5, 12, 8, 8, 8, 12, 6, 6, 12, 12, 12, 12, 12, 13, 12, 12, 0, 0, 0, 0, 8, 13, 13, 13, 13, 13, 13, 13, 13, 13, 13, 13, 0, 0, 0, 13, 13, 13, 14, 14, 14, 14, 14, 14, 13, 13, 13, 13, 13, 11, 12, 12, 12, 12, 1, 1, 1, 2, 13, 13, 13, 13, 13, 13, 14, 14, 13, 13, 13, 13, 13, 13, 14, 14, 12, 15, 15, 15, 17, 12, 12, 12, 12, 14, 14, 13, 14, 14, 12, 12, 12, 12, 12, 12, 12, 5, 12, 12, 12, 12, 12, 14, 6, 6, 14, 12, 14, 12, 12, 13, 13, 12, 0, 0, 0, 0, 13, 13, 13, 13, 13, 13, 13, 13, 13, 13, 13, 13, 13, 15, 15, 13, 13, 13, 14, 14, 14, 14, 14, 14, 14, 13, 13, 13, 13, 11, 12, 12, 12, 12, 1, 1, 1, 1, 12, 12, 12, 12, 12, 12, 14, 14, 12, 12, 12, 12, 12, 12, 12, 14, 12, 15, 15, 15, 15, 15, 15, 15, 5, 14, 12, 12, 12, 14, 14, 14, 5, 5, 5, 5, 5, 12, 12, 12, 12, 12, 12, 6, 6, 6, 14, 12, 14, 13, 14, 12, 12, 14, 12, 12, 12, 13, 13, 13, 13, 13, 5, 5, 5, 5, 5, 13, 13, 13, 15, 15, 15, 13, 13, 14, 14, 14, 14, 14, 14, 14, 14, 13, 13, 13, 13, 11, 12, 12, 12, 12],
         "height":16,
         "name":"tiles",
         "opacity":1,
         "type":"tilelayer",
         "visible":true,
         "width":96,
         "x":0,
         "y":0
        }, 
        {
         "draworder":"topdown",
         "name":"items",
         "objects":[
                {
                 "height":64,
                 "id":1,
                 "name":"player",
                 "rotation":0,
                 "type":"",
                 "visible":true,
                 "width":64,
                 "x":0,
                 "y":128
                }, 
                {
                 "gid":21,
                 "height":32,
                 "id":2,
                 "name":"upspike",
                 "rotation":0,
                 "type":"",
                 "visible":true,
                 "width":32,
                 "x":160,
                 "y":224
                }, 
                {
                 "gid":21,
                 "height":32,
                 "id":3,
                 "name":"upspike",
                 "rotation":0,
                 "type":"",
                 "visible":true,
                 "width":32,
                 "x":512,
                 "y":256
                }, 
                {
                 "gid":21,
                 "height":32,
                 "id":4,
                 "name":"upspike",
                 "rotation":0,
                 "type":"",
                 "visible":true,
                 "width":32,
                 "x":992,
                 "y":224
                }, 
                {
                 "gid":21,
                 "height":32,
                 "id":5,
                 "name":"upspike",
                 "rotation":0,
                 "type":"",
                 "visible":true,
                 "width":32,
                 "x":1344,
                 "y":416
                }, 
                {
                 "gid":21,
                 "height":32,
                 "id":6,
                 "name":"upspike",
                 "rotation":0,
                 "type":"",
                 "visible":true,
                 "width":32,
                 "x":1760,
                 "y":416
                }, 
                {
                 "gid":22,
                 "height":32,
                 "id":7,
                 "name":"downspike",
                 "rotation":0,
                 "type":"",
                 "visible":true,
                 "width":32,
                 "x":1760,
                 "y":128
                }, 
                {
                 "gid":22,
                 "height":32,
                 "id":15,
                 "name":"downspike",
                 "rotation":0,
                 "type":"",
                 "visible":true,
                 "width":32,
                 "x":2816,
                 "y":256
                }, 
                {
                 "gid":16,
                 "height":32,
                 "id":16,
                 "name":"fall",
                 "rotation":0,
                 "type":"",
                 "visible":true,
                 "width":32,
                 "x":1408,
                 "y":448
                }, 
                {
                 "gid":16,
                 "height":32,
                 "id":17,
                 "name":"fall",
                 "rotation":0,
                 "type":"",
                 "visible":true,
                 "width":32,
                 "x":1440,
                 "y":448
                }, 
                {
                 "gid":16,
                 "height":32,
                 "id":18,
                 "name":"fall",
                 "rotation":0,
                 "type":"",
                 "visible":true,
                 "width":32,
                 "x":1504,
                 "y":448
                }, 
                {
                 "gid":16,
                 "height":32,
                 "id":19,
                 "name":"fall",
                 "rotation":0,
                 "type":"",
                 "visible":true,
                 "width":32,
                 "x":1472,
                 "y":448
                }, 
                {
                 "gid":21,
                 "height":32,
                 "id":20,
                 "name":"upspike",
                 "rotation":0,
                 "type":"",
                 "visible":true,
                 "width":32,
                 "x":2144,
                 "y":192
                }, 
                {
                 "gid":21,
                 "height":32,
                 "id":21,
                 "name":"upspike",
                 "rotation":0,
                 "type":"",
                 "visible":true,
                 "width":32,
                 "x":2368,
                 "y":448
                }, 
                {
                 "gid":21,
                 "height":32,
                 "id":22,
                 "name":"upspike",
                 "rotation":0,
                 "type":"",
                 "visible":true,
                 "width":32,
                 "x":2304,
                 "y":320
                }, 
                {
                 "gid":22,
                 "height":32,
                 "id":23,
                 "name":"downspike",
                 "rotation":0,
                 "type":"",
                 "visible":true,
                 "width":32,
                 "x":1856,
                 "y":64
                }, 
                {
                 "gid":21,
                 "height":32,
                 "id":24,
                 "name":"upspike",
                 "rotation":0,
                 "type":"",
                 "visible":true,
                 "width":32,
                 "x":1952,
                 "y":192
                }],
         "opacity":1,
         "type":"objectgroup",
         "visible":true,
         "x":0,
         "y":0
        }],
 "nextobjectid":25,
 "orientation":"orthogonal",
 "renderorder":"left-up",
 "tileheight":32,
 "tilesets":[
        {
         "columns":4,
         "firstgid":1,
         "image":"tiles.png",
         "imageheight":160,
         "imagewidth":128,
         "margin":0,
         "name":"tiles",
         "spacing":0,
         "tilecount":20,
         "tileheight":32,
         "tileproperties":
            {
             "0":
                {
                 "terrain":"block"
                },
             "1":
                {
                 "terrain":"block"
                },
             "14":
                {
                 "terrain":"block"
                },
             "5":
                {
                 "terrain":"block"
                },
             "7":
                {
                 "terrain":"block"
                },
             "9":
                {
                 "terrain":"block"
                }
            },
         "tilepropertytypes":
            {
             "0":
                {
                 "terrain":"string"
                },
             "1":
                {
                 "terrain":"string"
                },
             "14":
                {
                 "terrain":"string"
                },
             "5":
                {
                 "terrain":"string"
                },
             "7":
                {
                 "terrain":"string"
                },
             "9":
                {
                 "terrain":"string"
                }
            },
         "tilewidth":32
        }, 
        {
         "columns":2,
         "firstgid":21,
         "image":"items.png",
         "imageheight":96,
         "imagewidth":64,
         "margin":0,
         "name":"items",
         "spacing":0,
         "tilecount":6,
         "tileheight":32,
         "tilewidth":32
        }],
 "tilewidth":32,
 "type":"map",
 "version":1,
 "width":96
}