{"filter":false,"title":"level1.json","tooltip":"/2-Platformer/assets/level1.json","undoManager":{"mark":0,"position":0,"stack":[[{"start":{"row":260,"column":0},"end":{"row":261,"column":0},"action":"remove","lines":["                 \"name\":\"flames\",",""],"id":2}],[{"start":{"row":259,"column":25},"end":{"row":260,"column":0},"action":"remove","lines":["",""],"id":3},{"start":{"row":259,"column":24},"end":{"row":259,"column":25},"action":"remove","lines":[","]},{"start":{"row":259,"column":23},"end":{"row":259,"column":24},"action":"remove","lines":["6"]}]]},"ace":{"folds":[],"scrolltop":1422.5,"scrollleft":0,"selection":{"start":{"row":80,"column":25},"end":{"row":80,"column":29},"isBackwards":false},"options":{"guessTabSize":true,"useWrapMode":false,"wrapToView":true},"firstLineState":{"row":55,"state":"start","mode":"ace/mode/json"}},"timestamp":1530203439096,"hash":"e13bb24df429a40c5de2831cad26b3048a9b9c5e"}