{ "height":100,
 "layers":[
        {
         "data":[16, 0, 0, 0, 0, 0, 0, 0, 0, 0, 0, 0, 0, 0, 0, 16, 0, 0, 0, 0, 0, 0, 0, 0, 0, 0, 0, 0, 0, 0, 0, 0, 0, 0, 0, 0, 0, 0, 0, 0, 0, 0, 0, 0, 0, 0, 0, 0, 0, 0, 0, 16, 1, 2, 3, 4, 4, 4, 4, 7, 23, 0, 0, 0, 0, 0, 0, 0, 0, 0, 0, 0, 0, 0, 0, 0, 0, 0, 0, 0, 0, 0, 0, 0, 0, 0, 0, 0, 0, 0, 0, 0, 0, 0, 0, 0, 0, 0, 0, 0, 0, 0, 0, 0, 0, 0, 0, 0, 0, 0, 0, 0, 11, 11, 11, 11, 11, 0, 0, 0, 0, 0, 0, 11, 11, 11, 11, 11, 0, 0, 0, 0, 0, 0, 0, 0, 0, 0, 0, 0, 0, 0, 0, 0, 0, 0, 0, 0, 0, 0, 0, 0, 0, 0, 0, 0, 0, 0, 0, 0, 0, 0, 0, 0, 11, 0, 0, 0, 0, 0, 0, 11, 0, 0, 0, 0, 0, 0, 0, 0, 11, 0, 0, 0, 0, 0, 0, 11, 0, 0, 0, 0, 0, 0, 0, 0, 11, 0, 0, 0, 0, 0, 0, 11, 0, 0, 0, 0, 0, 0, 0, 0, 11, 13, 0, 0, 0, 0, 13, 11, 0, 0, 0, 0, 0, 0, 0, 0, 11, 0, 0, 0, 0, 0, 0, 11, 0, 0, 0, 0, 0, 0, 0, 0, 11, 0, 0, 0, 0, 0, 0, 6, 0, 0, 0, 0, 0, 0, 0, 0, 11, 12, 11, 11, 11, 11, 12, 11, 0, 0, 0, 0, 0, 0, 0, 0, 0, 0, 0, 0, 0, 0, 0, 0, 0, 0, 0, 0, 0, 0, 0, 0, 0, 0, 0, 0, 0, 0, 0, 0, 0, 0, 0, 0, 0, 0, 0, 0, 0, 0, 0, 0, 0, 0, 0, 0, 0, 0, 0, 0, 11, 0, 0, 0, 11, 0, 0, 0, 0, 0, 0, 11, 0, 0, 7, 11, 0, 0, 0, 0, 0, 0, 0, 0, 0, 0, 0, 0, 0, 0, 0, 0, 0, 0, 0, 0, 0, 0, 0, 0, 0, 0, 0, 0, 0, 0, 0, 0, 0, 0, 0, 0, 0, 0, 0, 0, 0, 0, 0, 0, 0, 0, 0, 0, 0, 0, 0, 0, 0, 0, 11, 11, 11, 11, 11, 0, 0, 0, 0, 0, 0, 0, 0, 0, 0, 0, 0, 0, 0, 0, 0, 0, 0, 0, 0, 0, 0, 0, 0, 0, 0, 0, 0, 0, 0, 0, 0, 0, 0, 0, 0, 0, 0, 0, 0, 8, 1, 2, 3, 4, 4, 4, 4, 6, 0, 0, 0, 0, 0, 0, 0, 0, 0, 0, 0, 0, 0, 0, 0, 0, 0, 0, 0, 0, 0, 0, 0, 0, 0, 0, 0, 0, 0, 0, 0, 0, 0, 0, 0, 0, 0, 0, 0, 0, 0, 0, 0, 0, 0, 0, 0, 0, 0, 0, 0, 0, 11, 19, 19, 19, 11, 0, 0, 0, 0, 0, 0, 11, 12, 12, 12, 11, 0, 11, 11, 11, 0, 0, 0, 0, 0, 0, 0, 0, 11, 11, 11, 0, 0, 0, 0, 0, 0, 0, 0, 0, 0, 0, 0, 0, 0, 0, 0, 0, 0, 0, 0, 0, 0, 0, 0, 0, 0, 0, 0, 0, 0, 0, 0, 0, 0, 0, 0, 0, 0, 0, 0, 0, 0, 0, 0, 0, 0, 0, 0, 0, 11, 0, 0, 0, 11, 0, 0, 0, 0, 0, 0, 11, 0, 0, 0, 11, 11, 0, 0, 0, 11, 0, 0, 0, 0, 0, 0, 11, 0, 0, 0, 11, 11, 0, 0, 0, 11, 0, 0, 0, 0, 0, 0, 11, 11, 0, 0, 11, 11, 11, 11, 11, 11, 0, 0, 0, 0, 0, 0, 11, 11, 11, 11, 11, 0, 0, 0, 0, 0, 0, 0, 0, 0, 0, 0, 0, 0, 0, 0, 0, 0, 0, 0, 0, 0, 0, 0, 0, 0, 0, 0, 0, 0, 0, 0, 0, 0, 0, 0, 0, 0, 0, 0, 0, 0, 0, 0, 0, 0, 0, 0, 0, 0, 0, 0, 0, 0, 0, 0, 0, 0, 0, 0, 0, 0, 0, 0, 0, 0, 0, 0, 0, 0, 0, 0, 0, 0, 0, 0, 0, 0, 0, 0, 0, 0, 0, 0, 0, 0, 0, 0, 0, 0, 0, 0, 0, 0, 0, 0, 0, 11, 7, 11, 19, 19, 11, 0, 0, 0, 0, 11, 12, 12, 7, 11, 11, 0, 0, 0, 0, 0, 0, 0, 0, 0, 0, 0, 0, 0, 0, 0, 0, 0, 0, 0, 0, 0, 0, 0, 0, 0, 0, 0, 0, 0, 0, 19, 0, 0, 0, 0, 0, 0, 0, 0, 0, 0, 0, 0, 0, 0, 0, 0, 0, 0, 0, 0, 0, 0, 0, 0, 0, 0, 0, 0, 0, 0, 0, 0, 0, 0, 0, 0, 0, 0, 0, 0, 0, 0, 0, 0, 0, 0, 0, 0, 0, 0, 0, 0, 0, 0, 0, 0, 0, 0, 0, 0, 0, 0, 0, 0, 0, 0, 0, 0, 0, 0, 0, 0, 0, 0, 0, 0, 0, 0, 0, 0, 0, 0, 0, 0, 0, 0, 0, 0, 0, 0, 0, 0, 0, 0, 0, 0, 0, 0, 0, 0, 0, 0, 0, 0, 0, 0, 0, 0, 0, 0, 0, 0, 0, 7, 7, 0, 0, 0, 0, 0, 0, 0, 0, 0, 0, 0, 0, 7, 7, 0, 0, 0, 0, 0, 0, 0, 0, 0, 0, 0, 0, 0, 0, 0, 0, 0, 0, 0, 0, 0, 0, 0, 0, 0, 0, 0, 0, 0, 0, 0, 0, 0, 0, 0, 0, 0, 0, 0, 0, 0, 0, 0, 0, 0, 0, 0, 0, 0, 0, 0, 0, 0, 0, 0, 0, 0, 0, 0, 0, 0, 0, 0, 0, 0, 0, 0, 0, 0, 0, 0, 11, 11, 0, 0, 0, 0, 0, 0, 0, 0, 0, 0, 0, 0, 0, 0, 0, 0, 0, 0, 0, 0, 0, 0, 0, 0, 0, 0, 0, 0, 0, 0, 0, 0, 0, 0, 0, 0, 0, 0, 0, 0, 0, 0, 0, 0, 0, 0, 0, 0, 0, 0, 0, 0, 0, 0, 0, 0, 0, 0, 0, 0, 0, 0, 0, 0, 0, 0, 0, 0, 0, 0, 0, 0, 0, 0, 0, 0, 0, 18, 0, 0, 18, 0, 0, 0, 0, 0, 0, 0, 0, 0, 0, 7, 7, 0, 7, 7, 0, 7, 7, 0, 0, 0, 0, 0, 0, 0, 0, 0, 0, 0, 0, 0, 0, 0, 0, 0, 0, 0, 0, 0, 0, 0, 0, 0, 0, 0, 0, 0, 0, 0, 0, 0, 0, 0, 0, 0, 0, 0, 0, 0, 0, 0, 0, 0, 0, 0, 0, 0, 0, 0, 0, 0, 0, 0, 0, 0, 0, 0, 0, 0, 0, 0, 0, 0, 0, 0, 0, 0, 0, 0, 0, 0, 0, 0, 0, 0, 0, 0, 0, 0, 0, 0, 0, 0, 0, 0, 0, 0, 0, 0, 0, 0, 0, 0, 0, 0, 0, 0, 0, 0, 0, 0, 0, 0, 0, 0, 0, 0, 0, 0, 0, 0, 0, 0, 0, 0, 0, 0, 0, 0, 0, 0, 0, 0, 0, 0, 0, 0, 0, 0, 0, 0, 0, 0, 0, 0, 0, 0, 0, 0, 0, 0, 0, 0, 0, 0, 0, 0, 0, 0, 0, 0, 0, 0, 0, 0, 0, 0, 0, 0, 0, 0, 0, 0, 0, 0, 0, 0, 0, 0, 0, 0, 0, 0, 0, 0, 0, 0, 0, 0, 0, 0, 0, 0, 0, 0, 0, 0, 0, 0, 0, 0, 0, 0, 0, 0, 0, 0, 0, 0, 0, 0, 0, 0, 0, 0, 0, 0, 0, 0, 0, 0, 0, 0, 0, 0, 0, 0, 0, 0, 0, 0, 0, 0, 0, 0, 0, 0, 0, 0, 0, 0, 0, 0, 0, 0, 0, 0, 0, 0, 0, 0, 0, 0, 0, 0, 0, 0, 0, 0, 0, 0, 0, 0, 0, 0, 0, 0, 0, 0, 0, 0, 0, 0, 0, 0, 0, 0, 0, 0, 0, 0, 0, 0, 0, 0, 0, 0, 0, 0, 0, 11, 0, 11, 11, 0, 11, 0, 0, 0, 0, 0, 0, 0, 0, 0, 0, 0, 0, 0, 0, 0, 0, 0, 0, 0, 0, 0, 0, 0, 0, 0, 0, 0, 0, 0, 0, 0, 0, 0, 0, 0, 0, 0, 0, 0, 0, 0, 0, 11, 0, 0, 0, 11, 0, 0, 0, 0, 0, 0, 11, 0, 0, 0, 0, 0, 0, 0, 0, 0, 0, 0, 0, 0, 0, 0, 0, 0, 0, 0, 0, 0, 0, 0, 0, 0, 0, 0, 0, 0, 0, 0, 0, 0, 0, 0, 0, 0, 0, 0, 0, 0, 0, 7, 11, 0, 0, 0, 0, 0, 0, 0, 0, 0, 11, 0, 0, 0, 0, 0, 0, 0, 0, 0, 0, 0, 0, 11, 0, 0, 0, 0, 0, 0, 11, 0, 0, 0, 0, 0, 0, 0, 0, 0, 0, 0, 0, 0, 0, 0, 0, 0, 0, 0, 0, 0, 11, 0, 0, 0, 0, 0, 0, 0, 0, 0, 0, 0, 0, 0, 0, 0, 0, 0, 0, 0, 0, 0, 0, 0, 0, 0, 0, 0, 0, 11, 0, 0, 0, 0, 0, 0, 0, 0, 0, 0, 0, 0, 0, 0, 0, 0, 0, 0, 0, 0, 0, 0, 0, 0, 0, 0, 0, 0, 0, 0, 0, 0, 0, 11, 11, 11, 11, 12, 11, 11, 11, 11, 11, 14, 11, 11, 11, 11, 11],
         "height":100,
         "name":"tiles",
         "opacity":1,
         "type":"tilelayer",
         "visible":true,
         "width":16,
         "x":0,
         "y":0
        }, 
        {
         "draworder":"topdown",
         "name":"items",
         "objects":[
                {
                 "height":60,
                 "id":2,
                 "name":"player",
                 "rotation":0,
                 "type":"",
                 "visible":true,
                 "width":62,
                 "x":192,
                 "y":32
                }, 
                {
                 "gid":19,
                 "height":32,
                 "id":7,
                 "name":"",
                 "rotation":0,
                 "type":"",
                 "visible":true,
                 "width":32,
                 "x":0,
                 "y":2304
                }, 
                {
                 "gid":19,
                 "height":32,
                 "id":8,
                 "name":"",
                 "rotation":0,
                 "type":"",
                 "visible":true,
                 "width":32,
                 "x":32,
                 "y":2304
                }, 
                {
                 "gid":19,
                 "height":32,
                 "id":9,
                 "name":"",
                 "rotation":0,
                 "type":"",
                 "visible":true,
                 "width":32,
                 "x":448,
                 "y":2304
                }, 
                {
                 "gid":19,
                 "height":32,
                 "id":10,
                 "name":"",
                 "rotation":0,
                 "type":"",
                 "visible":true,
                 "width":32,
                 "x":480,
                 "y":2304
                }, 
                {
                 "gid":17,
                 "height":32,
                 "id":11,
                 "name":"",
                 "rotation":0,
                 "type":"",
                 "visible":true,
                 "width":32,
                 "x":384,
                 "y":2304
                }, 
                {
                 "gid":17,
                 "height":32,
                 "id":12,
                 "name":"",
                 "rotation":0,
                 "type":"",
                 "visible":true,
                 "width":32,
                 "x":416,
                 "y":2304
                }, 
                {
                 "gid":17,
                 "height":32,
                 "id":13,
                 "name":"",
                 "rotation":0,
                 "type":"",
                 "visible":true,
                 "width":32,
                 "x":96,
                 "y":2304
                }, 
                {
                 "gid":17,
                 "height":32,
                 "id":14,
                 "name":"",
                 "rotation":0,
                 "type":"",
                 "visible":true,
                 "width":32,
                 "x":64,
                 "y":2304
                }, 
                {
                 "gid":21,
                 "height":32,
                 "id":23,
                 "name":"",
                 "rotation":0,
                 "type":"",
                 "visible":true,
                 "width":32,
                 "x":384,
                 "y":2720
                }, 
                {
                 "gid":21,
                 "height":32,
                 "id":24,
                 "name":"",
                 "rotation":0,
                 "type":"",
                 "visible":true,
                 "width":32,
                 "x":160,
                 "y":2720
                }, 
                {
                 "gid":22,
                 "height":32,
                 "id":25,
                 "name":"",
                 "rotation":0,
                 "type":"",
                 "visible":true,
                 "width":32,
                 "x":320,
                 "y":2752
                }, 
                {
                 "gid":22,
                 "height":32,
                 "id":26,
                 "name":"",
                 "rotation":0,
                 "type":"",
                 "visible":true,
                 "width":32,
                 "x":288,
                 "y":2752
                }, 
                {
                 "gid":22,
                 "height":32,
                 "id":27,
                 "name":"",
                 "rotation":0,
                 "type":"",
                 "visible":true,
                 "width":32,
                 "x":256,
                 "y":2752
                }, 
                {
                 "gid":22,
                 "height":32,
                 "id":28,
                 "name":"",
                 "rotation":0,
                 "type":"",
                 "visible":true,
                 "width":32,
                 "x":224,
                 "y":2752
                }, 
                {
                 "gid":17,
                 "height":32,
                 "id":33,
                 "name":"",
                 "rotation":0,
                 "type":"",
                 "visible":true,
                 "width":32,
                 "x":160,
                 "y":2784
                }, 
                {
                 "gid":17,
                 "height":32,
                 "id":34,
                 "name":"",
                 "rotation":0,
                 "type":"",
                 "visible":true,
                 "width":32,
                 "x":384,
                 "y":2784
                }, 
                {
                 "gid":19,
                 "height":32,
                 "id":42,
                 "name":"",
                 "rotation":0,
                 "type":"",
                 "visible":true,
                 "width":32,
                 "x":320,
                 "y":3104
                }, 
                {
                 "gid":17,
                 "height":32,
                 "id":45,
                 "name":"",
                 "rotation":0,
                 "type":"",
                 "visible":true,
                 "width":32,
                 "x":256,
                 "y":3072
                }, 
                {
                 "gid":17,
                 "height":32,
                 "id":46,
                 "name":"",
                 "rotation":0,
                 "type":"",
                 "visible":true,
                 "width":32,
                 "x":384,
                 "y":3040
                }, 
                {
                 "gid":17,
                 "height":32,
                 "id":47,
                 "name":"",
                 "rotation":0,
                 "type":"",
                 "visible":true,
                 "width":32,
                 "x":384,
                 "y":2944
                }, 
                {
                 "gid":17,
                 "height":32,
                 "id":48,
                 "name":"",
                 "rotation":0,
                 "type":"",
                 "visible":true,
                 "width":32,
                 "x":256,
                 "y":2944
                }, 
                {
                 "gid":17,
                 "height":32,
                 "id":49,
                 "name":"",
                 "rotation":0,
                 "type":"",
                 "visible":true,
                 "width":32,
                 "x":224,
                 "y":2880
                }, 
                {
                 "gid":17,
                 "height":32,
                 "id":50,
                 "name":"",
                 "rotation":0,
                 "type":"",
                 "visible":true,
                 "width":32,
                 "x":192,
                 "y":2976
                }, 
                {
                 "gid":17,
                 "height":32,
                 "id":51,
                 "name":"",
                 "rotation":0,
                 "type":"",
                 "visible":true,
                 "width":32,
                 "x":64,
                 "y":3008
                }, 
                {
                 "gid":17,
                 "height":32,
                 "id":52,
                 "name":"",
                 "rotation":0,
                 "type":"",
                 "visible":true,
                 "width":32,
                 "x":0,
                 "y":2912
                }, 
                {
                 "gid":17,
                 "height":32,
                 "id":53,
                 "name":"",
                 "rotation":0,
                 "type":"",
                 "visible":true,
                 "width":32,
                 "x":64,
                 "y":3104
                }, 
                {
                 "gid":17,
                 "height":32,
                 "id":54,
                 "name":"",
                 "rotation":0,
                 "type":"",
                 "visible":true,
                 "width":32,
                 "x":128,
                 "y":3104
                }, 
                {
                 "gid":17,
                 "height":32,
                 "id":55,
                 "name":"",
                 "rotation":0,
                 "type":"",
                 "visible":true,
                 "width":32,
                 "x":320,
                 "y":3136
                }, 
                {
                 "gid":19,
                 "height":32,
                 "id":62,
                 "name":"",
                 "rotation":0,
                 "type":"",
                 "visible":true,
                 "width":32,
                 "x":448,
                 "y":1568
                }, 
                {
                 "gid":19,
                 "height":32,
                 "id":66,
                 "name":"",
                 "rotation":0,
                 "type":"",
                 "visible":true,
                 "width":32,
                 "x":736,
                 "y":1568
                }, 
                {
                 "gid":12,
                 "height":32,
                 "id":95,
                 "name":"",
                 "rotation":0,
                 "type":"",
                 "visible":false,
                 "width":32,
                 "x":320,
                 "y":480
                }, 
                {
                 "gid":12,
                 "height":32,
                 "id":96,
                 "name":"",
                 "rotation":0,
                 "type":"",
                 "visible":false,
                 "width":32,
                 "x":288,
                 "y":480
                }, 
                {
                 "gid":12,
                 "height":32,
                 "id":97,
                 "name":"",
                 "rotation":0,
                 "type":"",
                 "visible":false,
                 "width":32,
                 "x":256,
                 "y":480
                }, 
                {
                 "gid":12,
                 "height":32,
                 "id":98,
                 "name":"",
                 "rotation":0,
                 "type":"",
                 "visible":false,
                 "width":32,
                 "x":224,
                 "y":480
                }, 
                {
                 "gid":12,
                 "height":32,
                 "id":99,
                 "name":"",
                 "rotation":0,
                 "type":"",
                 "visible":false,
                 "width":32,
                 "x":192,
                 "y":480
                }, 
                {
                 "gid":12,
                 "height":32,
                 "id":100,
                 "name":"",
                 "rotation":0,
                 "type":"",
                 "visible":false,
                 "width":32,
                 "x":160,
                 "y":480
                }, 
                {
                 "gid":12,
                 "height":32,
                 "id":101,
                 "name":"",
                 "rotation":0,
                 "type":"",
                 "visible":false,
                 "width":32,
                 "x":160,
                 "y":512
                }, 
                {
                 "gid":12,
                 "height":32,
                 "id":102,
                 "name":"",
                 "rotation":0,
                 "type":"",
                 "visible":false,
                 "width":32,
                 "x":192,
                 "y":512
                }, 
                {
                 "gid":12,
                 "height":32,
                 "id":103,
                 "name":"",
                 "rotation":0,
                 "type":"",
                 "visible":false,
                 "width":32,
                 "x":224,
                 "y":512
                }, 
                {
                 "gid":12,
                 "height":32,
                 "id":104,
                 "name":"",
                 "rotation":0,
                 "type":"",
                 "visible":false,
                 "width":32,
                 "x":224,
                 "y":512
                }, 
                {
                 "gid":12,
                 "height":32,
                 "id":105,
                 "name":"",
                 "rotation":0,
                 "type":"",
                 "visible":false,
                 "width":32,
                 "x":256,
                 "y":512
                }, 
                {
                 "gid":12,
                 "height":32,
                 "id":106,
                 "name":"",
                 "rotation":0,
                 "type":"",
                 "visible":false,
                 "width":32,
                 "x":288,
                 "y":512
                }, 
                {
                 "gid":12,
                 "height":32,
                 "id":107,
                 "name":"",
                 "rotation":0,
                 "type":"",
                 "visible":false,
                 "width":32,
                 "x":320,
                 "y":512
                }, 
                {
                 "gid":12,
                 "height":32,
                 "id":108,
                 "name":"",
                 "rotation":0,
                 "type":"",
                 "visible":false,
                 "width":32,
                 "x":320,
                 "y":480
                }, 
                {
                 "gid":12,
                 "height":32,
                 "id":111,
                 "name":"",
                 "rotation":0,
                 "type":"",
                 "visible":false,
                 "width":32,
                 "x":416,
                 "y":1216
                }, 
                {
                 "gid":12,
                 "height":32,
                 "id":112,
                 "name":"",
                 "rotation":0,
                 "type":"",
                 "visible":false,
                 "width":32,
                 "x":384,
                 "y":1216
                }, 
                {
                 "gid":12,
                 "height":32,
                 "id":113,
                 "name":"",
                 "rotation":0,
                 "type":"",
                 "visible":false,
                 "width":32,
                 "x":384,
                 "y":1248
                }, 
                {
                 "gid":12,
                 "height":32,
                 "id":114,
                 "name":"",
                 "rotation":0,
                 "type":"",
                 "visible":false,
                 "width":32,
                 "x":416,
                 "y":1248
                }, 
                {
                 "gid":12,
                 "height":32,
                 "id":115,
                 "name":"",
                 "rotation":0,
                 "type":"",
                 "visible":false,
                 "width":32,
                 "x":448,
                 "y":1248
                }, 
                {
                 "gid":12,
                 "height":32,
                 "id":116,
                 "name":"",
                 "rotation":0,
                 "type":"",
                 "visible":false,
                 "width":32,
                 "x":448,
                 "y":1216
                }, 
                {
                 "gid":12,
                 "height":32,
                 "id":117,
                 "name":"",
                 "rotation":0,
                 "type":"",
                 "visible":false,
                 "width":32,
                 "x":416,
                 "y":1216
                }, 
                {
                 "gid":12,
                 "height":32,
                 "id":118,
                 "name":"",
                 "rotation":0,
                 "type":"",
                 "visible":false,
                 "width":32,
                 "x":384,
                 "y":1216
                }, 
                {
                 "gid":12,
                 "height":32,
                 "id":119,
                 "name":"",
                 "rotation":0,
                 "type":"",
                 "visible":false,
                 "width":32,
                 "x":96,
                 "y":1216
                }, 
                {
                 "gid":12,
                 "height":32,
                 "id":120,
                 "name":"",
                 "rotation":0,
                 "type":"",
                 "visible":false,
                 "width":32,
                 "x":64,
                 "y":1216
                }, 
                {
                 "gid":12,
                 "height":32,
                 "id":121,
                 "name":"",
                 "rotation":0,
                 "type":"",
                 "visible":false,
                 "width":32,
                 "x":32,
                 "y":1216
                }, 
                {
                 "gid":12,
                 "height":32,
                 "id":122,
                 "name":"",
                 "rotation":0,
                 "type":"",
                 "visible":false,
                 "width":32,
                 "x":32,
                 "y":1248
                }, 
                {
                 "gid":12,
                 "height":32,
                 "id":123,
                 "name":"",
                 "rotation":0,
                 "type":"",
                 "visible":false,
                 "width":32,
                 "x":64,
                 "y":1248
                }, 
                {
                 "gid":12,
                 "height":32,
                 "id":124,
                 "name":"",
                 "rotation":0,
                 "type":"",
                 "visible":false,
                 "width":32,
                 "x":96,
                 "y":1248
                }, 
                {
                 "gid":12,
                 "height":32,
                 "id":125,
                 "name":"",
                 "rotation":0,
                 "type":"",
                 "visible":false,
                 "width":32,
                 "x":320,
                 "y":480
                }, 
                {
                 "gid":12,
                 "height":32,
                 "id":127,
                 "name":"",
                 "rotation":0,
                 "type":"",
                 "visible":false,
                 "width":32,
                 "x":288,
                 "y":480
                }, 
                {
                 "gid":12,
                 "height":32,
                 "id":128,
                 "name":"",
                 "rotation":0,
                 "type":"",
                 "visible":false,
                 "width":32,
                 "x":256,
                 "y":480
                }, 
                {
                 "gid":12,
                 "height":32,
                 "id":129,
                 "name":"",
                 "rotation":0,
                 "type":"",
                 "visible":false,
                 "width":32,
                 "x":224,
                 "y":480
                }, 
                {
                 "gid":12,
                 "height":32,
                 "id":130,
                 "name":"",
                 "rotation":0,
                 "type":"",
                 "visible":false,
                 "width":32,
                 "x":192,
                 "y":480
                }, 
                {
                 "gid":12,
                 "height":32,
                 "id":131,
                 "name":"",
                 "rotation":0,
                 "type":"",
                 "visible":false,
                 "width":32,
                 "x":160,
                 "y":480
                }, 
                {
                 "height":32,
                 "id":132,
                 "name":"",
                 "rotation":0,
                 "type":"",
                 "visible":true,
                 "width":32,
                 "x":224,
                 "y":3168
                }, 
                {
                 "gid":11,
                 "height":32,
                 "id":134,
                 "name":"",
                 "rotation":0,
                 "type":"",
                 "visible":true,
                 "width":32,
                 "x":256,
                 "y":2176
                }, 
                {
                 "gid":11,
                 "height":32,
                 "id":135,
                 "name":"",
                 "rotation":0,
                 "type":"",
                 "visible":true,
                 "width":32,
                 "x":224,
                 "y":2176
                }, 
                {
                 "gid":26,
                 "height":32,
                 "id":196,
                 "name":"t",
                 "rotation":0,
                 "type":"",
                 "visible":true,
                 "width":32,
                 "x":320,
                 "y":352
                }, 
                {
                 "gid":26,
                 "height":32,
                 "id":197,
                 "name":"t",
                 "rotation":0,
                 "type":"",
                 "visible":true,
                 "width":32,
                 "x":288,
                 "y":352
                }, 
                {
                 "gid":26,
                 "height":32,
                 "id":198,
                 "name":"t",
                 "rotation":0,
                 "type":"",
                 "visible":true,
                 "width":32,
                 "x":256,
                 "y":352
                }, 
                {
                 "gid":26,
                 "height":32,
                 "id":199,
                 "name":"t",
                 "rotation":0,
                 "type":"",
                 "visible":true,
                 "width":32,
                 "x":224,
                 "y":352
                }, 
                {
                 "gid":26,
                 "height":32,
                 "id":200,
                 "name":"t",
                 "rotation":0,
                 "type":"",
                 "visible":true,
                 "width":32,
                 "x":192,
                 "y":352
                }, 
                {
                 "gid":26,
                 "height":32,
                 "id":201,
                 "name":"t",
                 "rotation":0,
                 "type":"",
                 "visible":true,
                 "width":32,
                 "x":160,
                 "y":352
                }, 
                {
                 "gid":26,
                 "height":32,
                 "id":202,
                 "name":"t",
                 "rotation":0,
                 "type":"",
                 "visible":true,
                 "width":32,
                 "x":160,
                 "y":384
                }, 
                {
                 "gid":26,
                 "height":32,
                 "id":203,
                 "name":"t",
                 "rotation":0,
                 "type":"",
                 "visible":true,
                 "width":32,
                 "x":192,
                 "y":384
                }, 
                {
                 "gid":26,
                 "height":32,
                 "id":204,
                 "name":"t",
                 "rotation":0,
                 "type":"",
                 "visible":true,
                 "width":32,
                 "x":224,
                 "y":384
                }, 
                {
                 "gid":26,
                 "height":32,
                 "id":205,
                 "name":"t",
                 "rotation":0,
                 "type":"",
                 "visible":true,
                 "width":32,
                 "x":256,
                 "y":384
                }, 
                {
                 "gid":26,
                 "height":32,
                 "id":206,
                 "name":"t",
                 "rotation":0,
                 "type":"",
                 "visible":true,
                 "width":32,
                 "x":288,
                 "y":384
                }, 
                {
                 "gid":26,
                 "height":32,
                 "id":207,
                 "name":"t",
                 "rotation":0,
                 "type":"",
                 "visible":true,
                 "width":32,
                 "x":320,
                 "y":384
                }, 
                {
                 "gid":26,
                 "height":32,
                 "id":208,
                 "name":"t",
                 "rotation":0,
                 "type":"",
                 "visible":true,
                 "width":32,
                 "x":320,
                 "y":416
                }, 
                {
                 "gid":26,
                 "height":32,
                 "id":209,
                 "name":"t",
                 "rotation":0,
                 "type":"",
                 "visible":true,
                 "width":32,
                 "x":256,
                 "y":416
                }, 
                {
                 "gid":26,
                 "height":32,
                 "id":210,
                 "name":"t",
                 "rotation":0,
                 "type":"",
                 "visible":true,
                 "width":32,
                 "x":224,
                 "y":416
                }, 
                {
                 "gid":26,
                 "height":32,
                 "id":211,
                 "name":"t",
                 "rotation":0,
                 "type":"",
                 "visible":true,
                 "width":32,
                 "x":192,
                 "y":416
                }, 
                {
                 "gid":26,
                 "height":32,
                 "id":212,
                 "name":"t",
                 "rotation":0,
                 "type":"",
                 "visible":true,
                 "width":32,
                 "x":160,
                 "y":416
                }, 
                {
                 "gid":26,
                 "height":32,
                 "id":213,
                 "name":"t",
                 "rotation":0,
                 "type":"",
                 "visible":true,
                 "width":32,
                 "x":288,
                 "y":416
                }, 
                {
                 "gid":26,
                 "height":32,
                 "id":214,
                 "name":"t",
                 "rotation":0,
                 "type":"",
                 "visible":true,
                 "width":32,
                 "x":288,
                 "y":448
                }, 
                {
                 "gid":26,
                 "height":32,
                 "id":218,
                 "name":"t",
                 "rotation":0,
                 "type":"",
                 "visible":true,
                 "width":32,
                 "x":256,
                 "y":448
                }, 
                {
                 "gid":26,
                 "height":32,
                 "id":219,
                 "name":"t",
                 "rotation":0,
                 "type":"",
                 "visible":true,
                 "width":32,
                 "x":224,
                 "y":448
                }, 
                {
                 "gid":26,
                 "height":32,
                 "id":220,
                 "name":"t",
                 "rotation":0,
                 "type":"",
                 "visible":true,
                 "width":32,
                 "x":192,
                 "y":448
                }, 
                {
                 "gid":27,
                 "height":32,
                 "id":221,
                 "name":"c",
                 "rotation":0,
                 "type":"",
                 "visible":true,
                 "width":32,
                 "x":320,
                 "y":480
                }, 
                {
                 "gid":27,
                 "height":32,
                 "id":222,
                 "name":"c",
                 "rotation":0,
                 "type":"",
                 "visible":true,
                 "width":32,
                 "x":288,
                 "y":480
                }, 
                {
                 "gid":27,
                 "height":32,
                 "id":223,
                 "name":"c",
                 "rotation":0,
                 "type":"",
                 "visible":true,
                 "width":32,
                 "x":256,
                 "y":480
                }, 
                {
                 "gid":27,
                 "height":32,
                 "id":224,
                 "name":"c",
                 "rotation":0,
                 "type":"",
                 "visible":true,
                 "width":32,
                 "x":224,
                 "y":480
                }, 
                {
                 "gid":27,
                 "height":32,
                 "id":225,
                 "name":"c",
                 "rotation":0,
                 "type":"",
                 "visible":true,
                 "width":32,
                 "x":192,
                 "y":480
                }, 
                {
                 "gid":27,
                 "height":32,
                 "id":226,
                 "name":"c",
                 "rotation":0,
                 "type":"",
                 "visible":true,
                 "width":32,
                 "x":160,
                 "y":480
                }, 
                {
                 "gid":27,
                 "height":32,
                 "id":227,
                 "name":"c",
                 "rotation":0,
                 "type":"",
                 "visible":true,
                 "width":32,
                 "x":160,
                 "y":512
                }, 
                {
                 "gid":27,
                 "height":32,
                 "id":228,
                 "name":"c",
                 "rotation":0,
                 "type":"",
                 "visible":true,
                 "width":32,
                 "x":192,
                 "y":512
                }, 
                {
                 "gid":27,
                 "height":32,
                 "id":229,
                 "name":"c",
                 "rotation":0,
                 "type":"",
                 "visible":true,
                 "width":32,
                 "x":224,
                 "y":512
                }, 
                {
                 "gid":27,
                 "height":32,
                 "id":230,
                 "name":"c",
                 "rotation":0,
                 "type":"",
                 "visible":true,
                 "width":32,
                 "x":256,
                 "y":512
                }, 
                {
                 "gid":27,
                 "height":32,
                 "id":231,
                 "name":"c",
                 "rotation":0,
                 "type":"",
                 "visible":true,
                 "width":32,
                 "x":256,
                 "y":512
                }, 
                {
                 "gid":27,
                 "height":32,
                 "id":232,
                 "name":"c",
                 "rotation":0,
                 "type":"",
                 "visible":true,
                 "width":32,
                 "x":288,
                 "y":512
                }, 
                {
                 "gid":27,
                 "height":32,
                 "id":233,
                 "name":"c",
                 "rotation":0,
                 "type":"",
                 "visible":true,
                 "width":32,
                 "x":320,
                 "y":512
                }, 
                {
                 "gid":27,
                 "height":32,
                 "id":244,
                 "name":"c",
                 "rotation":0,
                 "type":"",
                 "visible":true,
                 "width":32,
                 "x":384,
                 "y":672
                }, 
                {
                 "gid":27,
                 "height":32,
                 "id":245,
                 "name":"c",
                 "rotation":0,
                 "type":"",
                 "visible":true,
                 "width":32,
                 "x":96,
                 "y":672
                }, 
                {
                 "gid":27,
                 "height":32,
                 "id":246,
                 "name":"c",
                 "rotation":0,
                 "type":"",
                 "visible":true,
                 "width":32,
                 "x":64,
                 "y":672
                }, 
                {
                 "gid":27,
                 "height":32,
                 "id":247,
                 "name":"c",
                 "rotation":0,
                 "type":"",
                 "visible":true,
                 "width":32,
                 "x":32,
                 "y":672
                }, 
                {
                 "gid":27,
                 "height":32,
                 "id":248,
                 "name":"c",
                 "rotation":0,
                 "type":"",
                 "visible":true,
                 "width":32,
                 "x":416,
                 "y":672
                }, 
                {
                 "gid":27,
                 "height":32,
                 "id":250,
                 "name":"c",
                 "rotation":0,
                 "type":"",
                 "visible":true,
                 "width":32,
                 "x":448,
                 "y":1024
                }, 
                {
                 "gid":27,
                 "height":32,
                 "id":251,
                 "name":"c",
                 "rotation":0,
                 "type":"",
                 "visible":true,
                 "width":32,
                 "x":416,
                 "y":1024
                }, 
                {
                 "gid":27,
                 "height":32,
                 "id":252,
                 "name":"c",
                 "rotation":0,
                 "type":"",
                 "visible":true,
                 "width":32,
                 "x":384,
                 "y":1024
                }, 
                {
                 "gid":28,
                 "height":32,
                 "id":253,
                 "name":"a",
                 "rotation":0,
                 "type":"",
                 "visible":true,
                 "width":32,
                 "x":96,
                 "y":1024
                }, 
                {
                 "gid":28,
                 "height":32,
                 "id":254,
                 "name":"a",
                 "rotation":0,
                 "type":"",
                 "visible":true,
                 "width":32,
                 "x":64,
                 "y":1024
                }, 
                {
                 "gid":28,
                 "height":32,
                 "id":255,
                 "name":"a",
                 "rotation":0,
                 "type":"",
                 "visible":true,
                 "width":32,
                 "x":32,
                 "y":1024
                }, 
                {
                 "gid":27,
                 "height":32,
                 "id":257,
                 "name":"c",
                 "rotation":0,
                 "type":"",
                 "visible":true,
                 "width":32,
                 "x":448,
                 "y":1248
                }, 
                {
                 "gid":27,
                 "height":32,
                 "id":258,
                 "name":"c",
                 "rotation":0,
                 "type":"",
                 "visible":true,
                 "width":32,
                 "x":416,
                 "y":1248
                }, 
                {
                 "gid":27,
                 "height":32,
                 "id":259,
                 "name":"c",
                 "rotation":0,
                 "type":"",
                 "visible":true,
                 "width":32,
                 "x":384,
                 "y":1248
                }, 
                {
                 "gid":27,
                 "height":32,
                 "id":260,
                 "name":"c",
                 "rotation":0,
                 "type":"",
                 "visible":true,
                 "width":32,
                 "x":96,
                 "y":1248
                }, 
                {
                 "gid":27,
                 "height":32,
                 "id":261,
                 "name":"c",
                 "rotation":0,
                 "type":"",
                 "visible":true,
                 "width":32,
                 "x":64,
                 "y":1248
                }, 
                {
                 "gid":27,
                 "height":32,
                 "id":262,
                 "name":"c",
                 "rotation":0,
                 "type":"",
                 "visible":true,
                 "width":32,
                 "x":32,
                 "y":1248
                }, 
                {
                 "gid":28,
                 "height":32,
                 "id":263,
                 "name":"a",
                 "rotation":0,
                 "type":"",
                 "visible":true,
                 "width":32,
                 "x":384,
                 "y":1504
                }, 
                {
                 "gid":28,
                 "height":32,
                 "id":264,
                 "name":"",
                 "rotation":0,
                 "type":"",
                 "visible":true,
                 "width":32,
                 "x":384,
                 "y":1504
                }, 
                {
                 "gid":28,
                 "height":32,
                 "id":265,
                 "name":"a",
                 "rotation":0,
                 "type":"",
                 "visible":true,
                 "width":32,
                 "x":352,
                 "y":1504
                }, 
                {
                 "gid":28,
                 "height":32,
                 "id":266,
                 "name":"a",
                 "rotation":0,
                 "type":"",
                 "visible":true,
                 "width":32,
                 "x":128,
                 "y":1504
                }, 
                {
                 "gid":28,
                 "height":32,
                 "id":267,
                 "name":"a",
                 "rotation":0,
                 "type":"",
                 "visible":true,
                 "width":32,
                 "x":96,
                 "y":1504
                }, 
                {
                 "gid":28,
                 "height":32,
                 "id":268,
                 "name":"a",
                 "rotation":0,
                 "type":"",
                 "visible":true,
                 "width":32,
                 "x":320,
                 "y":1632
                }, 
                {
                 "gid":28,
                 "height":32,
                 "id":269,
                 "name":"a",
                 "rotation":0,
                 "type":"",
                 "visible":true,
                 "width":32,
                 "x":96,
                 "y":1600
                }, 
                {
                 "gid":28,
                 "height":32,
                 "id":271,
                 "name":"a",
                 "rotation":0,
                 "type":"",
                 "visible":true,
                 "width":32,
                 "x":32,
                 "y":1664
                }, 
                {
                 "gid":28,
                 "height":32,
                 "id":272,
                 "name":"a",
                 "rotation":0,
                 "type":"",
                 "visible":true,
                 "width":32,
                 "x":448,
                 "y":1568
                }, 
                {
                 "gid":28,
                 "height":32,
                 "id":273,
                 "name":"a",
                 "rotation":0,
                 "type":"",
                 "visible":true,
                 "width":32,
                 "x":320,
                 "y":1760
                }, 
                {
                 "height":32,
                 "id":274,
                 "name":"d",
                 "rotation":0,
                 "type":"",
                 "visible":true,
                 "width":32,
                 "x":448,
                 "y":1792
                }, 
                {
                 "height":32,
                 "id":275,
                 "name":"d",
                 "rotation":0,
                 "type":"",
                 "visible":true,
                 "width":32,
                 "x":480,
                 "y":1792
                }, 
                {
                 "height":32,
                 "id":276,
                 "name":"d",
                 "rotation":0,
                 "type":"",
                 "visible":true,
                 "width":32,
                 "x":0,
                 "y":1792
                }, 
                {
                 "height":32,
                 "id":277,
                 "name":"d",
                 "rotation":0,
                 "type":"",
                 "visible":true,
                 "width":32,
                 "x":32,
                 "y":1792
                }, 
                {
                 "height":32,
                 "id":278,
                 "name":"d",
                 "rotation":0,
                 "type":"",
                 "visible":true,
                 "width":32,
                 "x":32,
                 "y":1472
                }, 
                {
                 "height":32,
                 "id":279,
                 "name":"d",
                 "rotation":0,
                 "type":"",
                 "visible":true,
                 "width":32,
                 "x":96,
                 "y":1472
                }, 
                {
                 "height":32,
                 "id":280,
                 "name":"d",
                 "rotation":0,
                 "type":"",
                 "visible":true,
                 "width":32,
                 "x":384,
                 "y":1472
                }, 
                {
                 "height":32,
                 "id":281,
                 "name":"dd",
                 "rotation":0,
                 "type":"",
                 "visible":true,
                 "width":32,
                 "x":416,
                 "y":1472
                }, 
                {
                 "height":32,
                 "id":282,
                 "name":"",
                 "rotation":0,
                 "type":"",
                 "visible":true,
                 "width":32,
                 "x":256,
                 "y":1952
                }, 
                {
                 "height":32,
                 "id":283,
                 "name":"",
                 "rotation":0,
                 "type":"",
                 "visible":true,
                 "width":32,
                 "x":256,
                 "y":1952
                }, 
                {
                 "height":32,
                 "id":284,
                 "name":"d",
                 "rotation":0,
                 "type":"",
                 "visible":true,
                 "width":32,
                 "x":256,
                 "y":1952
                }, 
                {
                 "height":32,
                 "id":285,
                 "name":"d",
                 "rotation":0,
                 "type":"",
                 "visible":true,
                 "width":32,
                 "x":224,
                 "y":1952
                }, 
                {
                 "gid":28,
                 "height":32,
                 "id":286,
                 "name":"a",
                 "rotation":0,
                 "type":"",
                 "visible":true,
                 "width":32,
                 "x":288,
                 "y":2176
                }, 
                {
                 "gid":28,
                 "height":32,
                 "id":287,
                 "name":"a",
                 "rotation":0,
                 "type":"",
                 "visible":true,
                 "width":32,
                 "x":192,
                 "y":2176
                }, 
                {
                 "gid":28,
                 "height":32,
                 "id":288,
                 "name":"a",
                 "rotation":0,
                 "type":"",
                 "visible":true,
                 "width":32,
                 "x":416,
                 "y":2304
                }, 
                {
                 "gid":28,
                 "height":32,
                 "id":289,
                 "name":"a",
                 "rotation":0,
                 "type":"",
                 "visible":true,
                 "width":32,
                 "x":384,
                 "y":2304
                }, 
                {
                 "gid":28,
                 "height":32,
                 "id":290,
                 "name":"a",
                 "rotation":0,
                 "type":"",
                 "visible":true,
                 "width":32,
                 "x":96,
                 "y":2304
                }, 
                {
                 "gid":28,
                 "height":32,
                 "id":291,
                 "name":"a",
                 "rotation":0,
                 "type":"",
                 "visible":true,
                 "width":32,
                 "x":64,
                 "y":2304
                }, 
                {
                 "gid":27,
                 "height":32,
                 "id":292,
                 "name":"c",
                 "rotation":0,
                 "type":"",
                 "visible":true,
                 "width":32,
                 "x":320,
                 "y":2752
                }, 
                {
                 "gid":27,
                 "height":32,
                 "id":295,
                 "name":"c",
                 "rotation":0,
                 "type":"",
                 "visible":true,
                 "width":32,
                 "x":224,
                 "y":2752
                }, 
                {
                 "gid":27,
                 "height":32,
                 "id":296,
                 "name":"c",
                 "rotation":0,
                 "type":"",
                 "visible":true,
                 "width":32,
                 "x":160,
                 "y":2720
                }, 
                {
                 "gid":27,
                 "height":32,
                 "id":297,
                 "name":"c",
                 "rotation":0,
                 "type":"",
                 "visible":true,
                 "width":32,
                 "x":384,
                 "y":2720
                }, 
                {
                 "gid":28,
                 "height":32,
                 "id":299,
                 "name":"a",
                 "rotation":0,
                 "type":"",
                 "visible":true,
                 "width":32,
                 "x":384,
                 "y":3040
                }, 
                {
                 "gid":28,
                 "height":32,
                 "id":300,
                 "name":"a",
                 "rotation":0,
                 "type":"",
                 "visible":true,
                 "width":32,
                 "x":256,
                 "y":3072
                }, 
                {
                 "gid":28,
                 "height":32,
                 "id":301,
                 "name":"a",
                 "rotation":0,
                 "type":"",
                 "visible":true,
                 "width":32,
                 "x":320,
                 "y":3136
                }, 
                {
                 "gid":28,
                 "height":32,
                 "id":302,
                 "name":"a",
                 "rotation":0,
                 "type":"",
                 "visible":true,
                 "width":32,
                 "x":128,
                 "y":3104
                }, 
                {
                 "gid":28,
                 "height":32,
                 "id":303,
                 "name":"a",
                 "rotation":0,
                 "type":"",
                 "visible":true,
                 "width":32,
                 "x":64,
                 "y":3104
                }, 
                {
                 "gid":28,
                 "height":32,
                 "id":304,
                 "name":"a",
                 "rotation":0,
                 "type":"",
                 "visible":true,
                 "width":32,
                 "x":64,
                 "y":3008
                }, 
                {
                 "gid":28,
                 "height":32,
                 "id":305,
                 "name":"a",
                 "rotation":0,
                 "type":"",
                 "visible":true,
                 "width":32,
                 "x":192,
                 "y":2976
                }, 
                {
                 "gid":28,
                 "height":32,
                 "id":306,
                 "name":"a",
                 "rotation":0,
                 "type":"",
                 "visible":true,
                 "width":32,
                 "x":256,
                 "y":2944
                }, 
                {
                 "gid":28,
                 "height":32,
                 "id":307,
                 "name":"a",
                 "rotation":0,
                 "type":"",
                 "visible":true,
                 "width":32,
                 "x":384,
                 "y":2944
                }, 
                {
                 "gid":28,
                 "height":32,
                 "id":308,
                 "name":"a",
                 "rotation":0,
                 "type":"",
                 "visible":true,
                 "width":32,
                 "x":0,
                 "y":2912
                }, 
                {
                 "gid":28,
                 "height":32,
                 "id":309,
                 "name":"a",
                 "rotation":0,
                 "type":"",
                 "visible":true,
                 "width":32,
                 "x":224,
                 "y":2880
                }, 
                {
                 "gid":28,
                 "height":32,
                 "id":310,
                 "name":"a",
                 "rotation":0,
                 "type":"",
                 "visible":true,
                 "width":32,
                 "x":384,
                 "y":2784
                }, 
                {
                 "gid":28,
                 "height":32,
                 "id":311,
                 "name":"a",
                 "rotation":0,
                 "type":"",
                 "visible":true,
                 "width":32,
                 "x":160,
                 "y":2784
                }, 
                {
                 "gid":30,
                 "height":32,
                 "id":312,
                 "name":"f",
                 "rotation":0,
                 "type":"",
                 "visible":true,
                 "width":32,
                 "x":224,
                 "y":3168
                }, 
                {
                 "height":32,
                 "id":313,
                 "name":"d",
                 "rotation":0,
                 "type":"",
                 "visible":true,
                 "width":32,
                 "x":352,
                 "y":2720
                }, 
                {
                 "height":32,
                 "id":314,
                 "name":"d",
                 "rotation":0,
                 "type":"",
                 "visible":true,
                 "width":32,
                 "x":192,
                 "y":2720
                }, 
                {
                 "height":32,
                 "id":315,
                 "name":"d",
                 "rotation":0,
                 "type":"",
                 "visible":true,
                 "width":32,
                 "x":256,
                 "y":2144
                }, 
                {
                 "height":32,
                 "id":316,
                 "name":"d",
                 "rotation":0,
                 "type":"",
                 "visible":true,
                 "width":32,
                 "x":224,
                 "y":2144
                }, 
                {
                 "height":32,
                 "id":317,
                 "name":"d",
                 "rotation":0,
                 "type":"",
                 "visible":true,
                 "width":32,
                 "x":128,
                 "y":1152
                }, 
                {
                 "height":32,
                 "id":318,
                 "name":"d",
                 "rotation":0,
                 "type":"",
                 "visible":true,
                 "width":32,
                 "x":352,
                 "y":1152
                }, 
                {
                 "gid":29,
                 "height":32,
                 "id":319,
                 "name":"w",
                 "rotation":0,
                 "type":"",
                 "visible":true,
                 "width":32,
                 "x":256,
                 "y":1216
                }, 
                {
                 "gid":29,
                 "height":32,
                 "id":320,
                 "name":"w",
                 "rotation":0,
                 "type":"",
                 "visible":true,
                 "width":32,
                 "x":224,
                 "y":1216
                }, 
                {
                 "gid":29,
                 "height":32,
                 "id":321,
                 "name":"w",
                 "rotation":0,
                 "type":"",
                 "visible":true,
                 "width":32,
                 "x":256,
                 "y":1920
                }, 
                {
                 "gid":29,
                 "height":32,
                 "id":322,
                 "name":"w",
                 "rotation":0,
                 "type":"",
                 "visible":true,
                 "width":32,
                 "x":224,
                 "y":1920
                }, 
                {
                 "height":32,
                 "id":323,
                 "name":"s",
                 "rotation":0,
                 "type":"",
                 "visible":true,
                 "width":32,
                 "x":448,
                 "y":2304
                }, 
                {
                 "height":32,
                 "id":324,
                 "name":"s",
                 "rotation":0,
                 "type":"",
                 "visible":true,
                 "width":32,
                 "x":480,
                 "y":2304
                }, 
                {
                 "height":32,
                 "id":325,
                 "name":"s",
                 "rotation":0,
                 "type":"",
                 "visible":true,
                 "width":32,
                 "x":32,
                 "y":2304
                }, 
                {
                 "height":32,
                 "id":326,
                 "name":"s",
                 "rotation":0,
                 "type":"",
                 "visible":true,
                 "width":32,
                 "x":0,
                 "y":2304
                }, 
                {
                 "gid":27,
                 "height":32,
                 "id":330,
                 "name":"",
                 "rotation":0,
                 "type":"",
                 "visible":true,
                 "width":32,
                 "x":320,
                 "y":256
                }, 
                {
                 "gid":27,
                 "height":32,
                 "id":331,
                 "name":"c",
                 "rotation":0,
                 "type":"",
                 "visible":true,
                 "width":32,
                 "x":160,
                 "y":256
                }, 
                {
                 "gid":27,
                 "height":32,
                 "id":332,
                 "name":"c",
                 "rotation":0,
                 "type":"",
                 "visible":true,
                 "width":32,
                 "x":320,
                 "y":256
                }, 
                {
                 "gid":28,
                 "height":32,
                 "id":334,
                 "name":"",
                 "rotation":0,
                 "type":"",
                 "visible":true,
                 "width":32,
                 "x":256,
                 "y":608
                }, 
                {
                 "gid":28,
                 "height":32,
                 "id":335,
                 "name":"d",
                 "rotation":0,
                 "type":"",
                 "visible":true,
                 "width":32,
                 "x":224,
                 "y":608
                }, 
                {
                 "gid":28,
                 "height":32,
                 "id":337,
                 "name":"d",
                 "rotation":0,
                 "type":"",
                 "visible":true,
                 "width":32,
                 "x":256,
                 "y":608
                }, 
                {
                 "gid":31,
                 "height":32,
                 "id":338,
                 "name":"s",
                 "rotation":0,
                 "type":"",
                 "visible":true,
                 "width":32,
                 "x":256,
                 "y":576
                }, 
                {
                 "gid":31,
                 "height":32,
                 "id":339,
                 "name":"s",
                 "rotation":0,
                 "type":"",
                 "visible":true,
                 "width":32,
                 "x":224,
                 "y":576
                }, 
                {
                 "gid":31,
                 "height":32,
                 "id":340,
                 "name":"s",
                 "rotation":0,
                 "type":"",
                 "visible":true,
                 "width":32,
                 "x":448,
                 "y":2688
                }, 
                {
                 "gid":31,
                 "height":32,
                 "id":341,
                 "name":"s",
                 "rotation":0,
                 "type":"",
                 "visible":true,
                 "width":32,
                 "x":64,
                 "y":2688
                }, 
                {
                 "gid":31,
                 "height":32,
                 "id":342,
                 "name":"s",
                 "rotation":0,
                 "type":"",
                 "visible":true,
                 "width":32,
                 "x":32,
                 "y":2688
                }, 
                {
                 "gid":31,
                 "height":32,
                 "id":343,
                 "name":"s",
                 "rotation":0,
                 "type":"",
                 "visible":true,
                 "width":32,
                 "x":320,
                 "y":1472
                }, 
                {
                 "gid":31,
                 "height":32,
                 "id":344,
                 "name":"s",
                 "rotation":0,
                 "type":"",
                 "visible":true,
                 "width":32,
                 "x":160,
                 "y":1472
                }],
         "opacity":1,
         "type":"objectgroup",
         "visible":true,
         "x":0,
         "y":0
        }],
 "nextobjectid":345,
 "orientation":"orthogonal",
 "renderorder":"left-up",
 "tileheight":32,
 "tilesets":[
        {
         "columns":5,
         "firstgid":1,
         "image":"tiles.png",
         "imageheight":160,
         "imagewidth":160,
         "margin":0,
         "name":"tiles",
         "spacing":0,
         "tilecount":25,
         "tileheight":32,
         "tileproperties":
            {
             "0":
                {
                 "terrain":"block"
                },
             "1":
                {
                 "terrain":"block"
                },
             "10":
                {
                 "terrain":"block"
                },
             "12":
                {
                 "terrain":"block"
                },
             "13":
                {
                 "terrain":"block"
                },
             "15":
                {
                 "terrain":"block"
                },
             "17":
                {
                 "terrain":"block"
                },
             "2":
                {
                 "terrain":"block"
                },
             "22":
                {
                 "terrain":"block"
                },
             "23":
                {
                 "terrain":"block"
                },
             "3":
                {
                 "terrain":"block"
                },
             "5":
                {
                 "terrain":"block"
                },
             "6":
                {
                 "terrain":"block"
                },
             "7":
                {
                 "terrain":"block"
                },
             "8":
                {
                 "terrain":"block"
                }
            },
         "tilepropertytypes":
            {
             "0":
                {
                 "terrain":"string"
                },
             "1":
                {
                 "terrain":"string"
                },
             "10":
                {
                 "terrain":"string"
                },
             "12":
                {
                 "terrain":"string"
                },
             "13":
                {
                 "terrain":"string"
                },
             "15":
                {
                 "terrain":"string"
                },
             "17":
                {
                 "terrain":"string"
                },
             "2":
                {
                 "terrain":"string"
                },
             "22":
                {
                 "terrain":"string"
                },
             "23":
                {
                 "terrain":"string"
                },
             "3":
                {
                 "terrain":"string"
                },
             "5":
                {
                 "terrain":"string"
                },
             "6":
                {
                 "terrain":"string"
                },
             "7":
                {
                 "terrain":"string"
                },
             "8":
                {
                 "terrain":"string"
                }
            },
         "tilewidth":32
        }, 
        {
         "columns":2,
         "firstgid":26,
         "image":"items.png",
         "imageheight":96,
         "imagewidth":64,
         "margin":0,
         "name":"items",
         "spacing":0,
         "tilecount":6,
         "tileheight":32,
         "tilewidth":32
        }],
 "tilewidth":32,
 "type":"map",
 "version":1,
 "width":16
}