{"filter":false,"title":"level1.json","tooltip":"/2-Platformer/assets/level1.json","undoManager":{"mark":9,"position":9,"stack":[[{"start":{"row":3,"column":1952},"end":{"row":3,"column":1953},"action":"remove","lines":["5"],"id":1,"ignore":true},{"start":{"row":3,"column":1952},"end":{"row":3,"column":1953},"action":"insert","lines":["0"]},{"start":{"row":3,"column":2531},"end":{"row":3,"column":2532},"action":"remove","lines":["5"]},{"start":{"row":3,"column":2531},"end":{"row":3,"column":2532},"action":"insert","lines":["0"]},{"start":{"row":3,"column":2543},"end":{"row":3,"column":2544},"action":"remove","lines":["5"]},{"start":{"row":3,"column":2543},"end":{"row":3,"column":2544},"action":"insert","lines":["0"]}],[{"start":{"row":3,"column":4421},"end":{"row":3,"column":4422},"action":"remove","lines":["3"],"id":2,"ignore":true},{"start":{"row":3,"column":4421},"end":{"row":3,"column":4422},"action":"insert","lines":["0"]},{"start":{"row":97,"column":0},"end":{"row":110,"column":0},"action":"insert","lines":["        }, ","        {","         \"columns\":2,","         \"firstgid\":7,","         \"image\":\"items.png\",","         \"imageheight\":96,","         \"imagewidth\":64,","         \"margin\":0,","         \"name\":\"items\",","         \"spacing\":0,","         \"tilecount\":6,","         \"tileheight\":32,","         \"tilewidth\":32",""]}],[{"start":{"row":3,"column":776},"end":{"row":3,"column":777},"action":"remove","lines":["0"],"id":3,"ignore":true},{"start":{"row":3,"column":776},"end":{"row":3,"column":778},"action":"insert","lines":["11"]},{"start":{"row":3,"column":4128},"end":{"row":3,"column":4129},"action":"remove","lines":["0"]},{"start":{"row":3,"column":4128},"end":{"row":3,"column":4130},"action":"insert","lines":["11"]}],[{"start":{"row":3,"column":3468},"end":{"row":3,"column":3469},"action":"insert","lines":["1"],"id":4,"ignore":true},{"start":{"row":27,"column":0},"end":{"row":39,"column":0},"action":"insert","lines":["                }, ","                {","                 \"gid\":10,","                 \"height\":32,","                 \"id\":2,","                 \"name\":\"exit\",","                 \"rotation\":0,","                 \"type\":\"\",","                 \"visible\":true,","                 \"width\":32,","                 \"x\":3008,","                 \"y\":384",""]},{"start":{"row":46,"column":16},"end":{"row":46,"column":17},"action":"remove","lines":["2"]},{"start":{"row":46,"column":16},"end":{"row":46,"column":17},"action":"insert","lines":["3"]}],[{"start":{"row":39,"column":0},"end":{"row":63,"column":0},"action":"insert","lines":["                }, ","                {","                 \"gid\":11,","                 \"height\":32,","                 \"id\":3,","                 \"name\":\"cherry\",","                 \"rotation\":0,","                 \"type\":\"\",","                 \"visible\":true,","                 \"width\":32,","                 \"x\":1952,","                 \"y\":96","                }, ","                {","                 \"gid\":11,","                 \"height\":32,","                 \"id\":4,","                 \"name\":\"cherry2\",","                 \"rotation\":0,","                 \"type\":\"\",","                 \"visible\":true,","                 \"width\":32,","                 \"x\":832,","                 \"y\":480",""],"id":5,"ignore":true},{"start":{"row":70,"column":16},"end":{"row":70,"column":17},"action":"remove","lines":["3"]},{"start":{"row":70,"column":16},"end":{"row":70,"column":17},"action":"insert","lines":["5"]}],[{"start":{"row":63,"column":0},"end":{"row":183,"column":0},"action":"insert","lines":["                }, ","                {","                 \"gid\":9,","                 \"height\":32,","                 \"id\":5,","                 \"name\":\"spikes\",","                 \"rotation\":0,","                 \"type\":\"\",","                 \"visible\":true,","                 \"width\":32,","                 \"x\":608,","                 \"y\":160","                }, ","                {","                 \"gid\":9,","                 \"height\":32,","                 \"id\":6,","                 \"name\":\"spike\",","                 \"rotation\":0,","                 \"type\":\"\",","                 \"visible\":true,","                 \"width\":32,","                 \"x\":1664,","                 \"y\":160","                }, ","                {","                 \"gid\":8,","                 \"height\":32,","                 \"id\":7,","                 \"name\":\"bomb\",","                 \"rotation\":0,","                 \"type\":\"\",","                 \"visible\":true,","                 \"width\":32,","                 \"x\":2048,","                 \"y\":128","                }, ","                {","                 \"gid\":7,","                 \"height\":32,","                 \"id\":9,","                 \"name\":\"coin\",","                 \"rotation\":0,","                 \"type\":\"\",","                 \"visible\":true,","                 \"width\":32,","                 \"x\":2272,","                 \"y\":352","                }, ","                {","                 \"gid\":7,","                 \"height\":32,","                 \"id\":10,","                 \"name\":\"coin\",","                 \"rotation\":0,","                 \"type\":\"\",","                 \"visible\":true,","                 \"width\":32,","                 \"x\":2304,","                 \"y\":352","                }, ","                {","                 \"gid\":7,","                 \"height\":32,","                 \"id\":11,","                 \"name\":\"coin\",","                 \"rotation\":0,","                 \"type\":\"\",","                 \"visible\":true,","                 \"width\":32,","                 \"x\":2336,","                 \"y\":352","                }, ","                {","                 \"gid\":7,","                 \"height\":32,","                 \"id\":12,","                 \"name\":\"coin\",","                 \"rotation\":0,","                 \"type\":\"\",","                 \"visible\":true,","                 \"width\":32,","                 \"x\":2304,","                 \"y\":352","                }, ","                {","                 \"gid\":7,","                 \"height\":32,","                 \"id\":18,","                 \"name\":\"coin\",","                 \"rotation\":0,","                 \"type\":\"\",","                 \"visible\":true,","                 \"width\":32,","                 \"x\":1728,","                 \"y\":224","                }, ","                {","                 \"gid\":7,","                 \"height\":32,","                 \"id\":19,","                 \"name\":\"coin\",","                 \"rotation\":0,","                 \"type\":\"\",","                 \"visible\":true,","                 \"width\":32,","                 \"x\":1248,","                 \"y\":320","                }, ","                {","                 \"gid\":8,","                 \"height\":32,","                 \"id\":20,","                 \"name\":\"bomb\",","                 \"rotation\":0,","                 \"type\":\"\",","                 \"visible\":true,","                 \"width\":32,","                 \"x\":800,","                 \"y\":160",""],"id":6,"ignore":true},{"start":{"row":190,"column":16},"end":{"row":190,"column":17},"action":"remove","lines":["5"]},{"start":{"row":190,"column":16},"end":{"row":190,"column":18},"action":"insert","lines":["21"]}],[{"start":{"row":183,"column":0},"end":{"row":207,"column":0},"action":"insert","lines":["                }, ","                {","                 \"gid\":7,","                 \"height\":32,","                 \"id\":21,","                 \"name\":\"coin\",","                 \"rotation\":0,","                 \"type\":\"\",","                 \"visible\":true,","                 \"width\":32,","                 \"x\":192,","                 \"y\":416","                }, ","                {","                 \"gid\":7,","                 \"height\":32,","                 \"id\":22,","                 \"name\":\"\",","                 \"rotation\":0,","                 \"type\":\"\",","                 \"visible\":true,","                 \"width\":32,","                 \"x\":192,","                 \"y\":416",""],"id":7,"ignore":true},{"start":{"row":214,"column":17},"end":{"row":214,"column":18},"action":"remove","lines":["1"]},{"start":{"row":214,"column":17},"end":{"row":214,"column":18},"action":"insert","lines":["3"]}],[{"start":{"row":197,"column":23},"end":{"row":197,"column":24},"action":"remove","lines":["7"],"id":8,"ignore":true},{"start":{"row":197,"column":23},"end":{"row":197,"column":24},"action":"insert","lines":["9"]},{"start":{"row":199,"column":23},"end":{"row":199,"column":24},"action":"remove","lines":["2"]},{"start":{"row":199,"column":23},"end":{"row":199,"column":24},"action":"insert","lines":["4"]},{"start":{"row":200,"column":25},"end":{"row":200,"column":31},"action":"insert","lines":["spikes"]},{"start":{"row":205,"column":21},"end":{"row":205,"column":24},"action":"remove","lines":["192"]},{"start":{"row":205,"column":21},"end":{"row":205,"column":25},"action":"insert","lines":["2560"]},{"start":{"row":206,"column":21},"end":{"row":206,"column":23},"action":"remove","lines":["41"]},{"start":{"row":206,"column":21},"end":{"row":206,"column":22},"action":"insert","lines":["9"]},{"start":{"row":214,"column":17},"end":{"row":214,"column":18},"action":"remove","lines":["3"]},{"start":{"row":214,"column":17},"end":{"row":214,"column":18},"action":"insert","lines":["6"]}],[{"start":{"row":56,"column":31},"end":{"row":56,"column":32},"action":"remove","lines":["2"],"id":9,"ignore":true},{"start":{"row":80,"column":30},"end":{"row":80,"column":31},"action":"insert","lines":["s"]}],[{"start":{"row":207,"column":0},"end":{"row":229,"column":0},"action":"insert","lines":["                }, ","                {","                 \"height\":64,","                 \"id\":26,","                 \"name\":\"enemy\",","                 \"rotation\":0,","                 \"type\":\"\",","                 \"visible\":true,","                 \"width\":64,","                 \"x\":1088,","                 \"y\":352","                }, ","                {","                 \"height\":64,","                 \"id\":28,","                 \"name\":\"enemy\",","                 \"rotation\":0,","                 \"type\":\"\",","                 \"visible\":true,","                 \"width\":64,","                 \"x\":2912,","                 \"y\":320",""],"id":10,"ignore":true},{"start":{"row":236,"column":17},"end":{"row":236,"column":18},"action":"remove","lines":["6"]},{"start":{"row":236,"column":17},"end":{"row":236,"column":18},"action":"insert","lines":["9"]}]]},"ace":{"folds":[],"scrolltop":0,"scrollleft":0,"selection":{"start":{"row":0,"column":0},"end":{"row":0,"column":0},"isBackwards":false},"options":{"guessTabSize":true,"useWrapMode":false,"wrapToView":true},"firstLineState":0},"timestamp":1530117419871,"hash":"c0ad94ea90c0565b7b4c170f0fb268315f1ae0b9"}