{ "height":16,
 "layers":[
        {
         "data":[0, 0, 0, 0, 0, 0, 0, 0, 0, 0, 0, 0, 0, 0, 0, 0, 0, 0, 0, 0, 0, 0, 0, 0, 0, 0, 0, 0, 0, 0, 0, 0, 0, 0, 0, 0, 0, 0, 0, 0, 0, 0, 0, 0, 0, 0, 0, 0, 0, 0, 0, 0, 0, 0, 0, 0, 0, 0, 0, 0, 0, 0, 0, 0, 0, 0, 0, 0, 0, 0, 0, 0, 0, 0, 0, 0, 0, 0, 0, 0, 0, 0, 0, 0, 0, 0, 0, 0, 0, 0, 0, 0, 0, 0, 0, 0, 0, 0, 0, 0, 0, 0, 0, 0, 0, 0, 0, 0, 0, 0, 0, 0, 0, 0, 0, 0, 0, 0, 0, 0, 0, 0, 0, 0, 0, 0, 0, 0, 0, 0, 0, 0, 0, 0, 0, 0, 0, 0, 0, 0, 0, 0, 0, 0, 0, 0, 0, 0, 0, 0, 0, 0, 0, 0, 0, 0, 0, 0, 0, 0, 0, 0, 0, 0, 0, 0, 0, 0, 0, 0, 0, 0, 0, 0, 0, 0, 0, 0, 0, 0, 0, 0, 0, 0, 0, 0, 0, 0, 0, 0, 0, 0, 0, 0, 0, 0, 0, 0, 0, 0, 0, 0, 0, 0, 0, 0, 0, 0, 0, 0, 0, 0, 0, 0, 0, 0, 0, 0, 0, 0, 0, 0, 0, 0, 0, 0, 0, 0, 0, 0, 0, 0, 0, 0, 0, 0, 0, 0, 0, 0, 0, 0, 0, 0, 0, 0, 0, 0, 0, 0, 0, 0, 0, 0, 0, 0, 0, 0, 0, 0, 0, 0, 0, 0, 0, 0, 0, 0, 0, 0, 0, 0, 0, 0, 0, 0, 0, 0, 0, 0, 0, 0, 0, 0, 0, 0, 0, 0, 0, 0, 0, 0, 0, 0, 0, 0, 0, 0, 0, 0, 0, 0, 0, 0, 0, 0, 0, 0, 0, 0, 0, 0, 0, 0, 0, 0, 0, 0, 0, 0, 0, 0, 6, 0, 0, 0, 0, 0, 0, 0, 0, 0, 0, 0, 0, 0, 0, 0, 0, 0, 0, 0, 0, 0, 0, 0, 0, 0, 0, 0, 0, 0, 0, 0, 0, 0, 0, 0, 0, 0, 0, 0, 0, 0, 0, 0, 0, 0, 0, 0, 0, 0, 0, 0, 0, 0, 0, 0, 0, 0, 0, 0, 0, 0, 0, 0, 0, 0, 0, 0, 0, 0, 0, 0, 0, 0, 0, 0, 0, 0, 0, 0, 0, 0, 0, 0, 0, 0, 0, 0, 0, 0, 0, 0, 0, 0, 0, 6, 5, 0, 0, 0, 0, 0, 0, 0, 0, 0, 0, 0, 0, 0, 0, 0, 0, 0, 0, 0, 0, 0, 0, 0, 0, 0, 0, 0, 0, 0, 0, 0, 0, 0, 0, 0, 0, 0, 0, 0, 0, 0, 0, 0, 0, 0, 0, 0, 0, 0, 0, 0, 0, 0, 0, 0, 0, 0, 0, 0, 0, 0, 0, 0, 0, 0, 0, 0, 0, 0, 0, 0, 0, 0, 0, 0, 0, 0, 0, 0, 0, 0, 0, 0, 0, 0, 0, 0, 0, 0, 0, 0, 0, 0, 6, 5, 5, 0, 0, 0, 0, 0, 0, 0, 0, 0, 0, 0, 0, 0, 0, 0, 0, 0, 0, 0, 0, 0, 0, 0, 0, 0, 0, 0, 0, 0, 0, 0, 0, 0, 0, 0, 0, 0, 0, 0, 0, 0, 0, 0, 0, 0, 0, 0, 0, 0, 0, 0, 0, 0, 0, 0, 0, 0, 0, 0, 0, 0, 0, 0, 0, 0, 0, 0, 0, 0, 0, 0, 0, 0, 0, 0, 0, 0, 0, 0, 0, 0, 0, 0, 0, 0, 0, 0, 0, 0, 0, 0, 0, 6, 5, 5, 5, 0, 0, 0, 0, 0, 0, 0, 0, 0, 0, 0, 0, 0, 0, 0, 0, 0, 0, 0, 0, 0, 0, 0, 0, 0, 0, 0, 0, 0, 0, 0, 0, 0, 0, 0, 0, 0, 0, 0, 0, 0, 0, 0, 6, 6, 6, 6, 6, 0, 0, 0, 0, 0, 0, 0, 0, 0, 0, 0, 0, 0, 0, 0, 0, 0, 0, 0, 0, 0, 0, 0, 0, 0, 0, 0, 0, 0, 0, 6, 0, 0, 0, 0, 0, 0, 0, 0, 0, 0, 0, 0, 6, 5, 5, 5, 5, 0, 0, 0, 0, 0, 0, 0, 0, 0, 0, 0, 0, 0, 0, 0, 0, 0, 0, 0, 0, 0, 0, 0, 0, 0, 0, 0, 0, 0, 0, 0, 0, 0, 0, 0, 0, 0, 0, 0, 0, 6, 0, 0, 0, 0, 0, 0, 0, 0, 0, 0, 0, 0, 0, 0, 0, 0, 0, 0, 0, 0, 0, 0, 0, 0, 0, 0, 0, 0, 0, 0, 0, 0, 6, 6, 6, 0, 0, 0, 0, 0, 0, 0, 0, 0, 0, 0, 0, 0, 0, 6, 5, 5, 5, 5, 5, 0, 0, 0, 0, 0, 0, 0, 0, 0, 0, 0, 0, 0, 0, 0, 0, 0, 0, 0, 0, 0, 0, 0, 0, 0, 0, 0, 0, 0, 0, 0, 0, 0, 0, 0, 0, 0, 0, 0, 6, 5, 0, 0, 0, 0, 0, 0, 0, 0, 0, 0, 0, 0, 0, 0, 0, 0, 0, 0, 0, 0, 0, 0, 0, 0, 0, 0, 0, 0, 0, 0, 0, 0, 0, 0, 0, 0, 0, 0, 0, 0, 0, 0, 0, 0, 0, 0, 0, 0, 6, 5, 5, 5, 5, 5, 5, 0, 0, 0, 0, 0, 0, 0, 0, 0, 0, 0, 0, 0, 0, 0, 0, 0, 0, 0, 0, 0, 0, 0, 0, 0, 0, 6, 6, 6, 6, 6, 6, 0, 0, 0, 0, 6, 6, 6, 5, 5, 0, 0, 0, 0, 0, 0, 0, 0, 0, 0, 0, 0, 0, 0, 0, 0, 0, 0, 0, 0, 0, 0, 0, 0, 0, 0, 6, 6, 6, 6, 6, 0, 0, 0, 0, 0, 0, 0, 0, 0, 0, 0, 0, 0, 0, 0, 0, 6, 5, 5, 5, 5, 5, 5, 5, 0, 0, 0, 0, 0, 0, 0, 0, 0, 0, 0, 0, 0, 6, 0, 0, 0, 0, 0, 0, 0, 0, 0, 0, 6, 6, 5, 5, 5, 5, 5, 5, 6, 6, 6, 6, 5, 5, 5, 5, 5, 0, 0, 0, 0, 0, 0, 0, 0, 0, 0, 0, 0, 0, 0, 0, 0, 0, 0, 0, 0, 6, 6, 6, 6, 6, 6, 5, 5, 5, 5, 5, 6, 6, 0, 0, 0, 0, 0, 0, 0, 0, 6, 6, 6, 6, 6, 6, 5, 5, 5, 5, 5, 5, 5, 5, 0, 0, 0, 0, 0, 0, 0, 0, 0, 0, 6, 0, 0, 0, 0, 0, 0, 0, 0, 0, 0, 0, 6, 0, 5, 5, 5, 5, 5, 5, 5, 5, 5, 5, 5, 5, 5, 5, 5, 5, 5, 0, 0, 0, 0, 0, 0, 0, 0, 0, 0, 6, 0, 0, 0, 0, 0, 6, 0, 0, 0, 5, 5, 5, 5, 5, 5, 5, 5, 5, 5, 5, 5, 5, 1, 1, 1, 1, 1, 1, 1, 1, 5, 5, 5, 5, 5, 5, 5, 5, 5, 5, 5, 5, 5, 5, 0, 0, 0, 0, 0, 0, 0, 0, 0, 0, 0, 0, 0, 0, 0, 0, 0, 0, 0, 0, 6, 0, 0, 0, 5, 5, 5, 5, 5, 5, 5, 5, 5, 5, 5, 5, 5, 5, 5, 5, 5, 1, 1, 1, 1, 1, 1, 1, 1, 1, 1, 5, 6, 6, 6, 6, 6, 5, 0, 0, 0, 5, 5, 5, 5, 5, 5, 5, 5, 5, 5, 5, 5, 5, 1, 1, 1, 1, 1, 1, 1, 1, 5, 5, 5, 5, 5, 5, 5, 5, 5, 5, 5, 5, 5, 5, 0, 0, 0, 0, 0, 0, 6, 6, 0, 0, 0, 0, 0, 0, 0, 0, 0, 0, 6, 0, 0, 0, 0, 0, 5, 5, 5, 5, 5, 5, 5, 5, 5, 5, 5, 5, 5, 5, 5, 5, 5, 1, 1, 1, 1, 1, 1, 1, 1, 1, 1, 5, 5, 5, 5, 5, 5, 5, 6, 6, 6, 5, 5, 5, 5, 5, 5, 5, 5, 5, 5, 5, 5, 5, 1, 1, 1, 1, 1, 1, 1, 1, 5, 5, 5, 5, 5, 5, 5, 5, 5, 5, 5, 5, 5, 5, 0, 0, 0, 0, 0, 0, 0, 0, 0, 0, 0, 0, 0, 0, 0, 0, 6, 0, 0, 0, 0, 0, 0, 0, 5, 5, 5, 5, 5, 5, 5, 5, 5, 5, 5, 5, 5, 5, 5, 5, 5, 1, 1, 1, 1, 1, 1, 1, 1, 1, 1, 5, 5, 5, 5, 5, 5, 5, 1, 1, 1, 5, 5, 5, 5, 5, 5, 5, 5, 5, 5, 5, 5, 5, 1, 1, 1, 1, 1, 1, 1, 1, 5, 5, 5, 5, 5, 5, 5, 5, 5, 5, 5, 5, 5, 5, 1, 1, 1, 1, 1, 1, 1, 1, 1, 1, 1, 1, 1, 1, 1, 1, 1, 1, 1, 1, 1, 1, 1, 1, 5, 5, 5, 5, 5, 5, 5, 5, 5, 5, 5, 5, 5, 5, 5, 5, 5, 1, 1, 1, 1, 1, 1, 1, 1, 1, 1, 5, 5, 5, 5, 5, 5, 5, 1, 1, 1],
         "height":16,
         "name":"tiles",
         "opacity":1,
         "type":"tilelayer",
         "visible":true,
         "width":96,
         "x":0,
         "y":0
        }, 
        {
         "draworder":"topdown",
         "name":"items",
         "objects":[
                {
                 "height":59,
                 "id":1,
                 "name":"start",
                 "rotation":0,
                 "type":"",
                 "visible":true,
                 "width":60,
                 "x":35,
                 "y":257
                }, 
                {
                 "gid":12,
                 "height":32,
                 "id":2,
                 "name":"coin",
                 "rotation":0,
                 "type":"",
                 "visible":true,
                 "width":32,
                 "x":1348,
                 "y":416
                }, 
                {
                 "gid":11,
                 "height":32,
                 "id":4,
                 "name":"power ",
                 "rotation":0,
                 "type":"",
                 "visible":true,
                 "width":32,
                 "x":1088,
                 "y":96
                }, 
                {
                 "gid":13,
                 "height":32,
                 "id":5,
                 "name":"spike",
                 "rotation":0,
                 "type":"",
                 "visible":true,
                 "width":32,
                 "x":1312,
                 "y":416
                }, 
                {
                 "gid":13,
                 "height":32,
                 "id":7,
                 "name":"spike",
                 "rotation":0,
                 "type":"",
                 "visible":true,
                 "width":32,
                 "x":352,
                 "y":352
                }, 
                {
                 "gid":12,
                 "height":32,
                 "id":8,
                 "name":"coin",
                 "rotation":0,
                 "type":"",
                 "visible":true,
                 "width":32,
                 "x":448,
                 "y":256
                }, 
                {
                 "gid":12,
                 "height":32,
                 "id":9,
                 "name":"",
                 "rotation":0,
                 "type":"",
                 "visible":true,
                 "width":32,
                 "x":960,
                 "y":224
                }, 
                {
                 "gid":12,
                 "height":32,
                 "id":15,
                 "name":"coin",
                 "rotation":0,
                 "type":"",
                 "visible":true,
                 "width":32,
                 "x":960,
                 "y":224
                }, 
                {
                 "gid":13,
                 "height":32,
                 "id":16,
                 "name":"spike",
                 "rotation":0,
                 "type":"",
                 "visible":true,
                 "width":32,
                 "x":896,
                 "y":288
                }, 
                {
                 "gid":11,
                 "height":32,
                 "id":18,
                 "name":"power ",
                 "rotation":0,
                 "type":"",
                 "visible":true,
                 "width":32,
                 "x":2016,
                 "y":288
                }, 
                {
                 "gid":13,
                 "height":32,
                 "id":20,
                 "name":"spike",
                 "rotation":0,
                 "type":"",
                 "visible":true,
                 "width":32,
                 "x":2752,
                 "y":352
                }, 
                {
                 "gid":12,
                 "height":32,
                 "id":22,
                 "name":"coin",
                 "rotation":0,
                 "type":"",
                 "visible":true,
                 "width":32,
                 "x":1632,
                 "y":448
                }, 
                {
                 "gid":13,
                 "height":32,
                 "id":26,
                 "name":"spike",
                 "rotation":0,
                 "type":"",
                 "visible":true,
                 "width":32,
                 "x":2240,
                 "y":320
                }, 
                {
                 "gid":12,
                 "height":32,
                 "id":29,
                 "name":"",
                 "rotation":0,
                 "type":"",
                 "visible":true,
                 "width":32,
                 "x":2496,
                 "y":192
                }, 
                {
                 "gid":12,
                 "height":32,
                 "id":30,
                 "name":"",
                 "rotation":0,
                 "type":"",
                 "visible":true,
                 "width":32,
                 "x":2528,
                 "y":192
                }, 
                {
                 "gid":12,
                 "height":32,
                 "id":31,
                 "name":"coin",
                 "rotation":0,
                 "type":"",
                 "visible":true,
                 "width":32,
                 "x":2560,
                 "y":192
                }, 
                {
                 "gid":12,
                 "height":32,
                 "id":32,
                 "name":"coin",
                 "rotation":0,
                 "type":"",
                 "visible":true,
                 "width":32,
                 "x":2624,
                 "y":192
                }, 
                {
                 "gid":12,
                 "height":32,
                 "id":33,
                 "name":"coin",
                 "rotation":0,
                 "type":"",
                 "visible":true,
                 "width":32,
                 "x":2592,
                 "y":192
                }, 
                {
                 "gid":12,
                 "height":32,
                 "id":34,
                 "name":"coin",
                 "rotation":0,
                 "type":"",
                 "visible":true,
                 "width":32,
                 "x":2496,
                 "y":192
                }, 
                {
                 "gid":12,
                 "height":32,
                 "id":35,
                 "name":"coin",
                 "rotation":0,
                 "type":"",
                 "visible":true,
                 "width":32,
                 "x":2528,
                 "y":192
                }, 
                {
                 "gid":12,
                 "height":32,
                 "id":36,
                 "name":"coin",
                 "rotation":0,
                 "type":"",
                 "visible":true,
                 "width":32,
                 "x":2208,
                 "y":320
                }, 
                {
                 "gid":13,
                 "height":32,
                 "id":37,
                 "name":"spike",
                 "rotation":0,
                 "type":"",
                 "visible":true,
                 "width":32,
                 "x":1920,
                 "y":320
                }, 
                {
                 "gid":12,
                 "height":32,
                 "id":38,
                 "name":"coin",
                 "rotation":0,
                 "type":"",
                 "visible":true,
                 "width":32,
                 "x":160,
                 "y":352
                }, 
                {
                 "height":64,
                 "id":40,
                 "name":"goal",
                 "rotation":0,
                 "type":"",
                 "visible":true,
                 "width":64,
                 "x":3008,
                 "y":288
                }, 
                {
                 "height":64,
                 "id":41,
                 "name":"enemy",
                 "rotation":0,
                 "type":"",
                 "visible":true,
                 "width":64,
                 "x":2848,
                 "y":288
                }, 
                {
                 "height":64,
                 "id":42,
                 "name":"enemy",
                 "rotation":0,
                 "type":"",
                 "visible":true,
                 "width":64,
                 "x":2080,
                 "y":192
                }, 
                {
                 "height":64,
                 "id":43,
                 "name":"enemy",
                 "rotation":0,
                 "type":"",
                 "visible":true,
                 "width":64,
                 "x":1792,
                 "y":256
                }, 
                {
                 "height":64,
                 "id":44,
                 "name":"enemy",
                 "rotation":0,
                 "type":"",
                 "visible":true,
                 "width":64,
                 "x":1024,
                 "y":32
                }],
         "opacity":1,
         "type":"objectgroup",
         "visible":true,
         "x":0,
         "y":0
        }],
 "nextobjectid":46,
 "orientation":"orthogonal",
 "renderorder":"left-up",
 "tileheight":32,
 "tilesets":[
        {
         "columns":3,
         "firstgid":1,
         "image":"titles.png",
         "imageheight":96,
         "imagewidth":96,
         "margin":0,
         "name":"tiles",
         "properties":
            {
             "terrain":"wall"
            },
         "propertytypes":
            {
             "terrain":"string"
            },
         "spacing":0,
         "tilecount":9,
         "tileheight":32,
         "tileproperties":
            {
             "1":
                {
                 "terrain":"wall"
                },
             "2":
                {
                 "terrain":"wall"
                },
             "4":
                {
                 "terrain":"wall"
                },
             "5":
                {
                 "terrain":"wall"
                },
             "6":
                {
                 "terrain":"wall"
                },
             "7":
                {
                 "terrain":"wall"
                }
            },
         "tilepropertytypes":
            {
             "1":
                {
                 "terrain":"string"
                },
             "2":
                {
                 "terrain":"string"
                },
             "4":
                {
                 "terrain":"string"
                },
             "5":
                {
                 "terrain":"string"
                },
             "6":
                {
                 "terrain":"string"
                },
             "7":
                {
                 "terrain":"string"
                }
            },
         "tilewidth":32
        }, 
        {
         "columns":2,
         "firstgid":10,
         "image":"items.png",
         "imageheight":64,
         "imagewidth":64,
         "margin":0,
         "name":"items",
         "spacing":0,
         "tilecount":4,
         "tileheight":32,
         "tilewidth":32
        }],
 "tilewidth":32,
 "type":"map",
 "version":1,
 "width":96
}