{ "height":16,
 "layers":[
        {
         "data":[0, 0, 0, 0, 0, 0, 0, 0, 0, 0, 0, 0, 0, 0, 0, 0, 0, 0, 0, 0, 0, 0, 0, 0, 0, 0, 0, 0, 0, 0, 0, 0, 0, 0, 0, 0, 0, 0, 0, 0, 0, 0, 0, 0, 0, 0, 0, 0, 0, 0, 0, 0, 0, 0, 0, 0, 0, 0, 0, 0, 0, 0, 0, 0, 0, 0, 0, 0, 0, 0, 0, 0, 0, 0, 0, 0, 0, 0, 0, 0, 0, 0, 0, 0, 0, 0, 0, 0, 0, 0, 0, 0, 0, 0, 0, 0, 0, 0, 0, 0, 0, 0, 0, 0, 0, 0, 0, 0, 0, 0, 0, 0, 0, 0, 0, 0, 0, 0, 0, 0, 0, 0, 0, 0, 0, 0, 0, 0, 0, 0, 0, 0, 0, 0, 0, 0, 0, 0, 0, 0, 0, 0, 0, 0, 0, 0, 0, 0, 0, 0, 0, 0, 0, 0, 0, 0, 0, 0, 0, 0, 0, 0, 0, 0, 0, 0, 0, 0, 0, 0, 0, 0, 0, 0, 0, 0, 0, 0, 0, 0, 0, 0, 0, 0, 0, 0, 0, 0, 0, 0, 0, 0, 0, 0, 0, 0, 0, 0, 0, 0, 0, 0, 0, 0, 0, 0, 0, 0, 0, 0, 0, 0, 0, 0, 0, 0, 0, 0, 0, 0, 0, 0, 0, 0, 0, 0, 0, 0, 0, 0, 0, 0, 0, 0, 0, 0, 0, 0, 0, 0, 0, 0, 0, 0, 0, 0, 0, 0, 0, 0, 0, 0, 0, 0, 0, 0, 0, 0, 0, 0, 0, 0, 0, 0, 0, 0, 0, 0, 0, 0, 0, 0, 0, 0, 0, 0, 0, 0, 0, 0, 0, 0, 0, 0, 0, 0, 0, 0, 0, 0, 0, 0, 0, 0, 0, 0, 0, 0, 0, 0, 0, 0, 0, 0, 0, 0, 0, 0, 0, 0, 0, 0, 0, 0, 0, 0, 0, 0, 0, 0, 0, 0, 0, 0, 0, 0, 0, 0, 0, 0, 0, 0, 0, 0, 0, 0, 0, 0, 0, 0, 0, 0, 0, 0, 0, 0, 0, 0, 0, 0, 0, 0, 0, 0, 0, 0, 0, 0, 0, 0, 0, 0, 0, 0, 0, 0, 0, 0, 0, 0, 0, 0, 0, 0, 0, 0, 0, 0, 0, 0, 0, 0, 0, 0, 0, 0, 0, 0, 0, 0, 0, 0, 0, 0, 0, 0, 0, 0, 0, 0, 0, 0, 0, 0, 0, 0, 0, 0, 0, 0, 0, 0, 0, 0, 0, 0, 0, 0, 0, 0, 0, 0, 0, 0, 0, 0, 0, 0, 0, 0, 0, 0, 0, 0, 0, 0, 0, 0, 0, 0, 0, 0, 0, 0, 0, 0, 0, 0, 0, 0, 0, 0, 0, 0, 0, 0, 0, 0, 0, 0, 0, 0, 0, 0, 0, 0, 0, 0, 0, 0, 0, 0, 0, 0, 0, 0, 0, 0, 0, 0, 0, 0, 0, 0, 0, 0, 0, 0, 0, 0, 0, 0, 0, 0, 0, 0, 0, 0, 0, 0, 0, 0, 0, 0, 0, 0, 0, 0, 0, 0, 0, 0, 0, 0, 0, 0, 0, 0, 0, 0, 0, 0, 0, 0, 0, 0, 0, 0, 0, 0, 0, 0, 0, 0, 0, 0, 0, 0, 0, 0, 0, 0, 0, 0, 0, 0, 0, 0, 0, 0, 0, 0, 0, 0, 0, 0, 0, 0, 0, 0, 0, 0, 0, 0, 0, 0, 0, 0, 0, 0, 0, 0, 0, 0, 0, 0, 0, 0, 0, 0, 0, 0, 0, 0, 0, 0, 0, 0, 0, 0, 0, 0, 0, 0, 0, 0, 0, 0, 0, 0, 0, 0, 0, 0, 0, 0, 0, 0, 0, 0, 0, 0, 0, 0, 0, 0, 0, 0, 0, 0, 0, 0, 0, 0, 0, 0, 0, 0, 0, 0, 0, 0, 0, 0, 0, 0, 0, 0, 0, 0, 0, 0, 0, 0, 0, 0, 0, 0, 0, 0, 0, 0, 0, 0, 0, 0, 0, 0, 0, 0, 0, 0, 0, 0, 0, 0, 0, 0, 0, 0, 0, 0, 0, 0, 0, 0, 0, 0, 0, 0, 0, 0, 0, 0, 0, 0, 0, 0, 0, 0, 0, 0, 0, 0, 0, 0, 0, 0, 0, 0, 0, 0, 0, 0, 0, 0, 0, 0, 0, 0, 0, 0, 0, 0, 0, 0, 0, 0, 0, 0, 0, 0, 0, 0, 0, 0, 0, 0, 0, 0, 0, 0, 0, 0, 0, 0, 0, 0, 0, 0, 0, 0, 0, 0, 0, 0, 0, 0, 0, 0, 0, 0, 0, 0, 0, 0, 0, 0, 0, 0, 0, 0, 0, 0, 0, 0, 0, 0, 0, 0, 0, 0, 0, 0, 0, 0, 0, 0, 0, 0, 0, 0, 0, 0, 0, 0, 0, 0, 0, 0, 0, 0, 0, 0, 0, 0, 0, 0, 0, 0, 0, 0, 0, 0, 0, 0, 0, 0, 0, 0, 0, 0, 0, 0, 0, 0, 0, 0, 0, 0, 0, 0, 0, 0, 0, 0, 0, 0, 0, 0, 0, 0, 0, 0, 0, 0, 0, 0, 0, 0, 0, 0, 0, 0, 0, 0, 0, 0, 0, 0, 0, 0, 0, 0, 0, 0, 0, 0, 0, 0, 0, 0, 0, 0, 0, 0, 0, 0, 0, 0, 4, 4, 4, 4, 0, 0, 4, 4, 4, 4, 0, 0, 0, 0, 0, 0, 0, 0, 0, 0, 0, 0, 0, 0, 0, 0, 0, 0, 0, 0, 0, 0, 0, 0, 0, 0, 0, 0, 0, 0, 0, 0, 0, 0, 0, 4, 0, 0, 4, 0, 0, 0, 0, 0, 0, 0, 0, 0, 0, 0, 0, 0, 0, 0, 0, 0, 0, 0, 0, 0, 0, 0, 0, 0, 0, 0, 0, 0, 0, 0, 0, 0, 0, 0, 0, 0, 0, 0, 0, 0, 0, 0, 0, 0, 4, 4, 0, 0, 0, 0, 0, 0, 0, 0, 0, 0, 4, 4, 0, 0, 0, 0, 0, 0, 0, 0, 0, 0, 0, 0, 0, 0, 0, 0, 0, 0, 0, 0, 0, 0, 0, 0, 0, 0, 0, 0, 0, 0, 0, 4, 0, 0, 0, 0, 0, 0, 0, 0, 0, 0, 0, 0, 0, 0, 0, 0, 0, 0, 0, 0, 0, 0, 0, 0, 0, 4, 0, 0, 0, 0, 0, 0, 0, 0, 0, 0, 0, 0, 0, 0, 4, 6, 4, 0, 0, 4, 0, 0, 0, 0, 4, 0, 0, 0, 0, 0, 0, 0, 0, 0, 0, 0, 0, 4, 0, 0, 0, 0, 0, 0, 0, 0, 4, 0, 0, 0, 0, 4, 0, 0, 0, 4, 0, 4, 4, 4, 4, 4, 4, 0, 0, 0, 4, 4, 0, 0, 0, 0, 0, 0, 0, 0, 4, 0, 0, 0, 0, 0, 0, 0, 0, 0, 0, 0, 0, 0, 0, 0, 0, 4, 0, 0, 0, 4, 0, 0, 0, 0, 0, 0, 0, 0, 0, 0, 0, 4, 0, 0, 0, 0, 0, 0, 0, 0, 0, 4, 0, 0, 0, 0, 0, 0, 0, 0, 0, 0, 0, 0, 0, 0, 4, 0, 0, 0, 0, 4, 0, 0, 0, 0, 0, 4, 0, 0, 0, 4, 0, 0, 0, 4, 4, 4, 4, 4, 4, 0, 0, 0, 4, 4, 0, 0, 0, 0, 0, 0, 0, 0, 0, 0, 0, 4, 0, 0, 4, 0, 0, 0, 0, 0, 0, 0, 0, 0, 0, 0, 0, 0, 0, 0, 0, 0, 0, 4, 0, 0, 0, 4, 0, 0, 4, 0, 0, 0, 0, 0, 0, 0, 0, 0, 4, 0, 0, 0, 0, 0, 0, 0, 0, 0, 0, 0, 0, 0, 0, 0, 0, 4, 0, 4, 0, 0, 0, 0, 0, 0, 0, 0, 0, 0, 0, 0, 0, 0, 0, 4, 4, 4, 4, 4, 4, 2, 2, 2, 4, 4, 2, 2, 2, 2, 2, 2, 2, 2, 2, 2, 2, 2, 2, 2, 2, 0, 0, 0, 0, 0, 4, 0, 0, 4, 0, 0, 0, 0, 0, 0, 0, 4, 0, 0, 0, 4, 0, 0, 0, 4, 0, 0, 0, 0, 0, 0, 0, 0, 0, 4, 4, 2, 2, 2, 2, 2, 2, 2, 2, 2, 2, 2, 2, 2, 2, 2, 4, 4, 2, 2, 2, 2, 2, 2, 2, 2, 2, 2, 2, 2, 2, 2, 2, 2, 2, 4, 4, 4, 4, 4, 4, 2, 2, 2, 4, 4, 2, 2, 2, 2, 2, 2, 2, 2, 2, 2, 2, 2, 2, 2, 2, 2, 0, 4, 0, 0, 2, 2, 2, 2, 2, 2, 2, 2, 2, 2, 2, 2, 2, 2, 2, 2, 2, 2, 2, 2, 2, 2, 2, 2, 2, 2, 2, 2, 4, 4, 2, 2, 2, 2, 2, 2, 2, 2, 2, 2, 2, 2, 2, 2, 2, 2, 2, 4, 4, 2, 2, 2, 2, 2, 2, 2, 2, 2, 2, 2, 2, 2, 2, 2, 2, 4, 4, 4, 4, 4, 4, 2, 2, 2, 4, 4, 2, 2, 2, 2, 2, 2, 2, 2, 2, 2, 2, 2, 2, 2, 2, 2, 2, 2, 2, 2, 2, 2, 2, 2, 2, 2, 2, 2, 2, 2, 2, 2, 2, 2, 2, 2, 2, 2, 2, 2, 2, 2, 2, 2, 2, 2, 2, 2],
         "height":16,
         "name":"Tiles",
         "opacity":1,
         "type":"tilelayer",
         "visible":true,
         "width":96,
         "x":0,
         "y":0
        }, 
        {
         "draworder":"topdown",
         "name":"items",
         "objects":[
                {
                 "height":62,
                 "id":1,
                 "name":"start",
                 "rotation":0,
                 "type":"",
                 "visible":true,
                 "width":65,
                 "x":62,
                 "y":223
                }, 
                {
                 "gid":7,
                 "height":32,
                 "id":2,
                 "name":"spikes",
                 "rotation":0,
                 "type":"",
                 "visible":true,
                 "width":32,
                 "x":284,
                 "y":284
                }, 
                {
                 "gid":5,
                 "height":32,
                 "id":3,
                 "name":"coin",
                 "rotation":0,
                 "type":"",
                 "visible":true,
                 "width":32,
                 "x":670,
                 "y":418
                }, 
                {
                 "gid":5,
                 "height":32,
                 "id":4,
                 "name":"coin",
                 "rotation":0,
                 "type":"",
                 "visible":true,
                 "width":32,
                 "x":734,
                 "y":378
                }, 
                {
                 "gid":5,
                 "height":32,
                 "id":5,
                 "name":"coin",
                 "rotation":0,
                 "type":"",
                 "visible":true,
                 "width":32,
                 "x":832,
                 "y":346
                }, 
                {
                 "gid":5,
                 "height":32,
                 "id":6,
                 "name":"coin",
                 "rotation":0,
                 "type":"",
                 "visible":true,
                 "width":32,
                 "x":992,
                 "y":347
                }, 
                {
                 "gid":5,
                 "height":32,
                 "id":7,
                 "name":"coin",
                 "rotation":0,
                 "type":"",
                 "visible":true,
                 "width":32,
                 "x":1123,
                 "y":348
                }, 
                {
                 "gid":9,
                 "height":32,
                 "id":8,
                 "name":"power",
                 "rotation":0,
                 "type":"",
                 "visible":true,
                 "width":32,
                 "x":1208,
                 "y":342
                }, 
                {
                 "gid":7,
                 "height":32,
                 "id":9,
                 "name":"spikes",
                 "rotation":0,
                 "type":"",
                 "visible":true,
                 "width":32,
                 "x":1276,
                 "y":351
                }, 
                {
                 "gid":7,
                 "height":32,
                 "id":10,
                 "name":"spikes",
                 "rotation":0,
                 "type":"",
                 "visible":true,
                 "width":32,
                 "x":1312,
                 "y":351
                }, 
                {
                 "gid":5,
                 "height":32,
                 "id":11,
                 "name":"coin",
                 "rotation":0,
                 "type":"",
                 "visible":true,
                 "width":32,
                 "x":1466,
                 "y":351
                }, 
                {
                 "gid":5,
                 "height":32,
                 "id":12,
                 "name":"coin",
                 "rotation":0,
                 "type":"",
                 "visible":true,
                 "width":32,
                 "x":1504,
                 "y":354
                }, 
                {
                 "gid":5,
                 "height":32,
                 "id":13,
                 "name":"coin",
                 "rotation":0,
                 "type":"",
                 "visible":true,
                 "width":32,
                 "x":1567,
                 "y":315
                }, 
                {
                 "gid":5,
                 "height":32,
                 "id":14,
                 "name":"coin",
                 "rotation":0,
                 "type":"",
                 "visible":true,
                 "width":32,
                 "x":1631,
                 "y":284
                }, 
                {
                 "gid":5,
                 "height":32,
                 "id":15,
                 "name":"coin",
                 "rotation":0,
                 "type":"",
                 "visible":true,
                 "width":32,
                 "x":1792,
                 "y":352
                }, 
                {
                 "gid":5,
                 "height":32,
                 "id":16,
                 "name":"coin",
                 "rotation":0,
                 "type":"",
                 "visible":true,
                 "width":32,
                 "x":1985,
                 "y":372
                }, 
                {
                 "gid":10,
                 "height":32,
                 "id":17,
                 "name":"power",
                 "rotation":0,
                 "type":"",
                 "visible":true,
                 "width":32,
                 "x":2074,
                 "y":443
                }, 
                {
                 "gid":5,
                 "height":32,
                 "id":18,
                 "name":"coin",
                 "rotation":0,
                 "type":"",
                 "visible":true,
                 "width":32,
                 "x":2407,
                 "y":318
                }, 
                {
                 "gid":5,
                 "height":32,
                 "id":19,
                 "name":"coin",
                 "rotation":0,
                 "type":"",
                 "visible":true,
                 "width":32,
                 "x":2462,
                 "y":361
                }, 
                {
                 "gid":5,
                 "height":32,
                 "id":20,
                 "name":"coin",
                 "rotation":0,
                 "type":"",
                 "visible":true,
                 "width":32,
                 "x":2523,
                 "y":410
                }, 
                {
                 "gid":5,
                 "height":32,
                 "id":21,
                 "name":"",
                 "rotation":0,
                 "type":"",
                 "visible":true,
                 "width":32,
                 "x":2452,
                 "y":585
                }, 
                {
                 "gid":8,
                 "height":32,
                 "id":22,
                 "name":"power",
                 "rotation":0,
                 "type":"",
                 "visible":true,
                 "width":32,
                 "x":1344,
                 "y":348
                }, 
                {
                 "gid":6,
                 "height":32,
                 "id":23,
                 "name":"",
                 "rotation":0,
                 "type":"",
                 "visible":true,
                 "width":32,
                 "x":2969,
                 "y":351
                }, 
                {
                 "gid":6,
                 "height":32,
                 "id":24,
                 "name":"",
                 "rotation":0,
                 "type":"",
                 "visible":true,
                 "width":32,
                 "x":2999,
                 "y":351
                }, 
                {
                 "gid":6,
                 "height":32,
                 "id":25,
                 "name":"",
                 "rotation":0,
                 "type":"",
                 "visible":true,
                 "width":32,
                 "x":3008,
                 "y":352
                }, 
                {
                 "height":59,
                 "id":34,
                 "name":"goal",
                 "rotation":0,
                 "type":"",
                 "visible":true,
                 "width":62,
                 "x":3008,
                 "y":258
                }, 
                {
                 "gid":7,
                 "height":32,
                 "id":35,
                 "name":"spikes",
                 "rotation":0,
                 "type":"",
                 "visible":true,
                 "width":32,
                 "x":2657,
                 "y":414
                }, 
                {
                 "height":61,
                 "id":36,
                 "name":"enemy",
                 "rotation":0,
                 "type":"",
                 "visible":true,
                 "width":62,
                 "x":385,
                 "y":194
                }],
         "opacity":1,
         "type":"objectgroup",
         "visible":true,
         "x":0,
         "y":0
        }],
 "nextobjectid":47,
 "orientation":"orthogonal",
 "renderorder":"left-up",
 "tileheight":32,
 "tilesets":[
        {
         "columns":2,
         "firstgid":1,
         "image":"tiles.png.png",
         "imageheight":64,
         "imagewidth":64,
         "margin":0,
         "name":"tiles",
         "properties":
            {
             "terran":"wall"
            },
         "propertytypes":
            {
             "terran":"string"
            },
         "spacing":0,
         "tilecount":4,
         "tileheight":32,
         "tileproperties":
            {
             "0":
                {
                 "terrain":"wall"
                },
             "2":
                {
                 "terrain":"wall"
                },
             "3":
                {
                 "terrain":"wall"
                }
            },
         "tilepropertytypes":
            {
             "0":
                {
                 "terrain":"string"
                },
             "2":
                {
                 "terrain":"string"
                },
             "3":
                {
                 "terrain":"string"
                }
            },
         "tilewidth":32
        }, 
        {
         "columns":2,
         "firstgid":5,
         "image":"items.png",
         "imageheight":96,
         "imagewidth":64,
         "margin":0,
         "name":"items",
         "spacing":0,
         "tilecount":6,
         "tileheight":32,
         "tilewidth":32
        }],
 "tilewidth":32,
 "type":"map",
 "version":1,
 "width":96
}