{ "height":16,
 "layers":[
        {
         "data":[36, 38, 37, 41, 41, 43, 44, 43, 43, 43, 43, 43, 43, 43, 0, 0, 0, 0, 0, 0, 0, 0, 0, 0, 0, 0, 0, 0, 0, 0, 0, 0, 0, 0, 0, 0, 0, 0, 0, 0, 0, 0, 0, 0, 0, 0, 0, 0, 0, 0, 0, 0, 0, 0, 0, 0, 0, 0, 0, 0, 0, 0, 0, 0, 0, 0, 0, 0, 0, 0, 0, 0, 0, 0, 0, 0, 0, 0, 0, 0, 0, 0, 0, 0, 0, 0, 0, 0, 0, 0, 0, 0, 0, 0, 0, 0, 36, 39, 39, 41, 41, 43, 43, 43, 44, 44, 43, 43, 43, 43, 0, 0, 0, 0, 0, 0, 0, 0, 0, 0, 0, 0, 0, 0, 0, 0, 0, 0, 0, 0, 0, 0, 0, 0, 0, 0, 0, 0, 0, 0, 0, 0, 0, 0, 0, 0, 0, 0, 0, 0, 0, 0, 0, 0, 0, 0, 0, 0, 0, 0, 0, 0, 0, 0, 0, 0, 0, 0, 0, 0, 0, 0, 0, 0, 0, 0, 0, 0, 0, 0, 0, 0, 0, 0, 0, 0, 0, 0, 0, 0, 0, 0, 44, 36, 40, 40, 36, 43, 44, 42, 42, 42, 42, 42, 42, 42, 0, 0, 0, 0, 0, 0, 0, 0, 0, 0, 0, 0, 0, 0, 0, 0, 0, 0, 0, 0, 0, 0, 0, 0, 0, 0, 0, 0, 0, 0, 0, 0, 0, 0, 0, 0, 0, 0, 0, 0, 0, 0, 0, 0, 0, 0, 0, 0, 0, 0, 0, 0, 17, 17, 17, 0, 0, 17, 17, 17, 0, 0, 17, 0, 0, 0, 0, 0, 0, 0, 0, 0, 0, 0, 0, 0, 0, 0, 0, 0, 0, 0, 41, 42, 37, 37, 44, 44, 42, 42, 42, 42, 42, 42, 42, 42, 0, 0, 0, 0, 0, 0, 0, 0, 0, 0, 0, 0, 0, 0, 0, 0, 0, 0, 0, 0, 0, 0, 0, 0, 0, 0, 0, 0, 0, 0, 0, 0, 0, 0, 0, 0, 0, 0, 0, 0, 0, 0, 0, 0, 0, 0, 0, 0, 9, 0, 0, 0, 0, 0, 0, 0, 0, 0, 0, 0, 0, 0, 34, 0, 0, 0, 0, 0, 0, 0, 0, 0, 0, 0, 0, 0, 0, 0, 0, 0, 0, 0, 43, 43, 36, 38, 44, 46, 46, 46, 46, 46, 46, 46, 46, 42, 0, 0, 0, 0, 0, 0, 0, 0, 0, 0, 0, 0, 0, 0, 0, 0, 0, 0, 0, 0, 0, 0, 0, 0, 0, 0, 0, 0, 0, 0, 0, 0, 0, 0, 0, 0, 0, 0, 0, 0, 0, 0, 0, 0, 0, 0, 0, 0, 0, 0, 0, 0, 0, 0, 0, 0, 0, 0, 0, 0, 0, 0, 34, 0, 0, 0, 0, 0, 0, 34, 34, 0, 0, 0, 0, 0, 0, 0, 0, 0, 0, 0, 43, 43, 43, 43, 43, 46, 46, 46, 46, 46, 46, 46, 46, 42, 0, 0, 0, 0, 0, 0, 0, 0, 0, 0, 0, 0, 0, 0, 0, 0, 0, 0, 0, 0, 0, 0, 0, 0, 0, 0, 0, 0, 0, 0, 0, 0, 0, 0, 0, 0, 0, 0, 0, 0, 0, 0, 0, 0, 0, 0, 0, 0, 0, 0, 9, 0, 0, 0, 0, 0, 0, 0, 0, 0, 0, 0, 34, 34, 0, 0, 0, 0, 34, 34, 34, 0, 0, 0, 0, 0, 0, 0, 0, 0, 0, 0, 0, 0, 0, 0, 0, 0, 0, 0, 0, 0, 0, 0, 0, 0, 0, 0, 0, 0, 0, 0, 0, 0, 0, 0, 0, 0, 0, 0, 0, 0, 0, 0, 0, 0, 0, 0, 0, 0, 0, 0, 0, 0, 0, 0, 0, 0, 0, 0, 0, 0, 0, 0, 0, 0, 0, 0, 0, 0, 0, 0, 0, 0, 0, 0, 0, 0, 0, 17, 17, 17, 0, 0, 0, 0, 0, 17, 25, 34, 34, 0, 0, 34, 34, 25, 34, 0, 0, 0, 0, 0, 0, 0, 0, 0, 0, 0, 0, 0, 0, 0, 0, 0, 0, 0, 0, 0, 0, 0, 0, 0, 0, 0, 0, 0, 0, 0, 0, 0, 0, 0, 0, 0, 0, 0, 0, 0, 0, 0, 0, 0, 0, 0, 0, 0, 0, 0, 0, 0, 0, 0, 0, 0, 0, 0, 0, 0, 0, 0, 0, 0, 0, 0, 0, 0, 0, 0, 0, 0, 0, 0, 0, 0, 0, 0, 0, 0, 0, 0, 0, 0, 0, 17, 25, 25, 34, 34, 34, 34, 25, 25, 34, 0, 0, 0, 0, 0, 0, 0, 0, 0, 0, 0, 0, 0, 0, 0, 0, 0, 0, 0, 0, 0, 0, 0, 0, 0, 0, 0, 0, 0, 0, 0, 0, 0, 0, 0, 34, 0, 0, 0, 0, 0, 0, 0, 0, 0, 0, 0, 0, 0, 0, 0, 0, 0, 0, 0, 0, 0, 0, 0, 0, 0, 0, 0, 0, 0, 0, 0, 0, 0, 0, 0, 0, 0, 0, 0, 0, 0, 0, 0, 0, 0, 0, 0, 0, 0, 0, 16, 25, 25, 25, 25, 25, 25, 25, 25, 34, 0, 0, 0, 0, 0, 0, 0, 0, 0, 0, 0, 0, 0, 0, 0, 0, 0, 0, 0, 0, 0, 0, 0, 0, 0, 0, 0, 0, 0, 0, 0, 0, 0, 0, 0, 0, 0, 0, 0, 0, 0, 0, 0, 0, 0, 0, 0, 0, 0, 0, 0, 0, 0, 0, 0, 0, 0, 0, 0, 0, 0, 0, 0, 0, 0, 0, 0, 0, 0, 0, 0, 0, 0, 46, 0, 0, 0, 0, 0, 0, 0, 0, 0, 0, 0, 17, 25, 25, 25, 25, 25, 25, 25, 25, 25, 34, 0, 0, 34, 34, 0, 0, 0, 0, 34, 0, 0, 0, 0, 0, 0, 0, 0, 0, 0, 0, 0, 0, 0, 0, 0, 0, 0, 0, 0, 0, 0, 0, 0, 34, 0, 0, 0, 0, 0, 0, 0, 0, 0, 0, 0, 0, 0, 0, 0, 44, 44, 44, 0, 0, 0, 0, 0, 0, 0, 0, 0, 0, 0, 0, 0, 0, 0, 0, 0, 0, 0, 0, 46, 5, 46, 46, 46, 0, 0, 0, 0, 0, 0, 0, 17, 17, 25, 25, 25, 25, 25, 25, 25, 25, 25, 34, 0, 0, 34, 34, 34, 0, 0, 34, 34, 0, 0, 0, 0, 0, 0, 0, 0, 0, 0, 0, 0, 17, 0, 0, 42, 44, 43, 43, 36, 0, 0, 34, 0, 0, 0, 0, 0, 0, 0, 0, 0, 0, 0, 0, 51, 0, 0, 9, 0, 0, 0, 0, 0, 0, 0, 0, 0, 0, 0, 0, 0, 0, 0, 0, 0, 0, 53, 46, 46, 0, 0, 46, 46, 5, 46, 46, 46, 46, 0, 0, 0, 0, 0, 17, 17, 31, 25, 25, 25, 25, 25, 25, 25, 27, 34, 34, 0, 0, 0, 0, 34, 34, 34, 34, 0, 0, 0, 36, 43, 37, 44, 42, 36, 0, 0, 0, 0, 0, 0, 0, 9, 9, 9, 9, 9, 0, 0, 0, 0, 0, 0, 0, 0, 0, 0, 34, 0, 0, 0, 0, 9, 0, 0, 0, 0, 0, 0, 0, 0, 0, 42, 0, 0, 9, 9, 9, 9, 0, 0, 0, 0, 0, 5, 46, 46, 0, 0, 0, 0, 5, 0, 0, 0, 0, 0, 0, 0, 0, 17, 17, 17, 29, 25, 25, 25, 25, 25, 25, 25, 27, 34, 34, 0, 0, 0, 0, 0, 34, 34, 0, 0, 0, 0, 19, 19, 19, 19, 19, 19, 6, 6, 6, 6, 6, 6, 6, 47, 47, 47, 47, 47, 12, 12, 12, 12, 12, 12, 12, 12, 35, 35, 35, 35, 35, 25, 25, 25, 25, 25, 25, 25, 25, 25, 25, 25, 25, 25, 25, 25, 9, 9, 9, 9, 9, 0, 0, 0, 5, 5, 46, 45, 0, 0, 0, 0, 5, 0, 0, 0, 0, 0, 0, 0, 17, 17, 17, 31, 25, 25, 25, 25, 25, 25, 25, 25, 27, 34, 34, 6, 6, 6, 6, 34, 34, 34, 34, 6, 6, 6, 47, 47, 47, 47, 47, 47, 6, 6, 6, 6, 6, 6, 6, 47, 47, 47, 47, 47, 12, 12, 12, 12, 12, 12, 12, 12, 35, 35, 35, 35, 35, 25, 25, 25, 25, 25, 25, 25, 25, 25, 25, 25, 25, 25, 25, 34, 35, 9, 9, 34, 35, 25, 25, 25, 45, 5, 5, 45, 25, 25, 25, 25, 5, 26, 26, 26, 26, 26, 17, 17, 17, 17, 9, 29, 25, 25, 25, 25, 25, 25, 25, 25, 27, 34, 34, 6, 6, 6, 6, 34, 34, 34, 34, 6, 6, 6, 47, 47, 47, 47, 47, 47, 6, 6, 6, 6, 6, 6, 6, 47, 47, 47, 47, 47, 12, 12, 12, 12, 12, 12, 12, 12, 35, 35, 35, 35, 35, 25, 25, 25, 25, 25, 25, 25, 25, 25, 25, 25, 25, 25, 25, 35, 34, 9, 9, 35, 34, 25, 25, 25, 45, 5, 45, 45, 25, 25, 25, 25, 5, 26, 26, 26, 26, 26, 9, 9, 9, 9, 9, 32, 25, 25, 25, 25, 25, 25, 25, 25, 33, 34, 34, 6, 6, 6, 6, 34, 34, 34, 34, 6, 6, 6],
         "height":16,
         "name":"tiles",
         "opacity":1,
         "type":"tilelayer",
         "visible":true,
         "width":96,
         "x":0,
         "y":0
        }, 
        {
         "draworder":"topdown",
         "name":"items",
         "objects":[
                {
                 "height":64,
                 "id":1,
                 "name":"player",
                 "rotation":0,
                 "type":"",
                 "visible":true,
                 "width":64,
                 "x":64,
                 "y":288
                }, 
                {
                 "gid":54,
                 "height":32,
                 "id":7,
                 "name":"",
                 "rotation":0,
                 "type":"",
                 "visible":true,
                 "width":32,
                 "x":2944,
                 "y":320
                }, 
                {
                 "gid":55,
                 "height":32,
                 "id":8,
                 "name":"",
                 "rotation":0,
                 "type":"",
                 "visible":true,
                 "width":32,
                 "x":2944,
                 "y":320
                }, 
                {
                 "gid":55,
                 "height":32,
                 "id":9,
                 "name":"",
                 "rotation":0,
                 "type":"",
                 "visible":true,
                 "width":32,
                 "x":2944,
                 "y":320
                }, 
                {
                 "gid":55,
                 "height":32,
                 "id":10,
                 "name":"",
                 "rotation":0,
                 "type":"",
                 "visible":true,
                 "width":32,
                 "x":2944,
                 "y":320
                }, 
                {
                 "gid":54,
                 "height":32,
                 "id":11,
                 "name":"Exit",
                 "rotation":0,
                 "type":"",
                 "visible":true,
                 "width":32,
                 "x":2944,
                 "y":320
                }, 
                {
                 "gid":52,
                 "height":32,
                 "id":21,
                 "name":"ivy",
                 "rotation":0,
                 "type":"",
                 "visible":true,
                 "width":32,
                 "x":1920,
                 "y":416
                }, 
                {
                 "gid":51,
                 "height":32,
                 "id":24,
                 "name":"Tek Mushroom",
                 "rotation":0,
                 "type":"",
                 "visible":true,
                 "width":32,
                 "x":2464,
                 "y":160
                }, 
                {
                 "gid":53,
                 "height":32,
                 "id":26,
                 "name":"Golden slurp chug cup",
                 "rotation":0,
                 "type":"",
                 "visible":true,
                 "width":32,
                 "x":864,
                 "y":416
                }, 
                {
                 "gid":51,
                 "height":32,
                 "id":27,
                 "name":"Tek Mushroom",
                 "rotation":0,
                 "type":"",
                 "visible":true,
                 "width":32,
                 "x":416,
                 "y":352
                }, 
                {
                 "gid":50,
                 "height":32,
                 "id":28,
                 "name":"flames",
                 "rotation":0,
                 "type":"",
                 "visible":true,
                 "width":32,
                 "x":2688,
                 "y":128
                }, 
                {
                 "gid":50,
                 "height":32,
                 "id":29,
                 "name":"flames",
                 "rotation":0,
                 "type":"",
                 "visible":true,
                 "width":32,
                 "x":160,
                 "y":384
                }, 
                {
                 "gid":50,
                 "height":32,
                 "id":30,
                 "name":"flames",
                 "rotation":0,
                 "type":"",
                 "visible":true,
                 "width":32,
                 "x":0,
                 "y":384
                }, 
                {
                 "gid":50,
                 "height":32,
                 "id":31,
                 "name":"flames",
                 "rotation":0,
                 "type":"",
                 "visible":true,
                 "width":32,
                 "x":2112,
                 "y":352
                }, 
                {
                 "gid":50,
                 "height":32,
                 "id":33,
                 "name":"",
                 "rotation":0,
                 "type":"",
                 "visible":true,
                 "width":32,
                 "x":2784,
                 "y":288
                }, 
                {
                 "gid":50,
                 "height":32,
                 "id":34,
                 "name":"flames",
                 "rotation":0,
                 "type":"",
                 "visible":true,
                 "width":32,
                 "x":2816,
                 "y":288
                }, 
                {
                 "gid":50,
                 "height":32,
                 "id":35,
                 "name":"",
                 "rotation":0,
                 "type":"",
                 "visible":true,
                 "width":32,
                 "x":2784,
                 "y":288
                }, 
                {
                 "gid":50,
                 "height":32,
                 "id":36,
                 "name":"",
                 "rotation":0,
                 "type":"",
                 "visible":true,
                 "width":32,
                 "x":2784,
                 "y":288
                }, 
                {
                 "gid":50,
                 "height":32,
                 "id":37,
                 "name":"flames",
                 "rotation":0,
                 "type":"",
                 "visible":true,
                 "width":32,
                 "x":2976,
                 "y":288
                }, 
                {
                 "gid":52,
                 "height":32,
                 "id":38,
                 "name":"",
                 "rotation":0,
                 "type":"",
                 "visible":true,
                 "width":32,
                 "x":2976,
                 "y":384
                }, 
                {
                 "gid":52,
                 "height":32,
                 "id":39,
                 "name":"",
                 "rotation":0,
                 "type":"",
                 "visible":true,
                 "width":32,
                 "x":2816,
                 "y":384
                }, 
                {
                 "gid":52,
                 "height":32,
                 "id":40,
                 "name":"",
                 "rotation":0,
                 "type":"",
                 "visible":true,
                 "width":32,
                 "x":2816,
                 "y":384
                }, 
                {
                 "gid":52,
                 "height":32,
                 "id":41,
                 "name":"",
                 "rotation":0,
                 "type":"",
                 "visible":true,
                 "width":32,
                 "x":2848,
                 "y":416
                }, 
                {
                 "gid":52,
                 "height":32,
                 "id":42,
                 "name":"",
                 "rotation":0,
                 "type":"",
                 "visible":true,
                 "width":32,
                 "x":2784,
                 "y":384
                }, 
                {
                 "gid":52,
                 "height":32,
                 "id":43,
                 "name":"ivy",
                 "rotation":0,
                 "type":"",
                 "visible":true,
                 "width":32,
                 "x":2944,
                 "y":416
                }, 
                {
                 "gid":52,
                 "height":32,
                 "id":44,
                 "name":"ivy",
                 "rotation":0,
                 "type":"",
                 "visible":true,
                 "width":32,
                 "x":2976,
                 "y":384
                }, 
                {
                 "gid":52,
                 "height":32,
                 "id":46,
                 "name":"ivy",
                 "rotation":0,
                 "type":"",
                 "visible":true,
                 "width":32,
                 "x":2816,
                 "y":384
                }, 
                {
                 "gid":52,
                 "height":32,
                 "id":47,
                 "name":"ivy",
                 "rotation":0,
                 "type":"",
                 "visible":true,
                 "width":32,
                 "x":2784,
                 "y":384
                }, 
                {
                 "gid":52,
                 "height":32,
                 "id":48,
                 "name":"ivy",
                 "rotation":0,
                 "type":"",
                 "visible":true,
                 "width":32,
                 "x":2848,
                 "y":416
                }, 
                {
                 "gid":50,
                 "height":32,
                 "id":49,
                 "name":"flames",
                 "rotation":0,
                 "type":"",
                 "visible":true,
                 "width":32,
                 "x":2528,
                 "y":224
                }, 
                {
                 "height":64,
                 "id":50,
                 "name":"enemy",
                 "rotation":0,
                 "type":"",
                 "visible":true,
                 "width":64,
                 "x":2176,
                 "y":384
                }, 
                {
                 "height":64,
                 "id":51,
                 "name":"enemy",
                 "rotation":0,
                 "type":"",
                 "visible":true,
                 "width":64,
                 "x":1504,
                 "y":320
                }, 
                {
                 "height":64,
                 "id":52,
                 "name":"enemy",
                 "rotation":0,
                 "type":"",
                 "visible":true,
                 "width":64,
                 "x":512,
                 "y":288
                }, 
                {
                 "gid":53,
                 "height":32,
                 "id":55,
                 "name":"Golden slurp chug cup",
                 "rotation":0,
                 "type":"",
                 "visible":true,
                 "width":32,
                 "x":1760,
                 "y":384
                }],
         "opacity":1,
         "type":"objectgroup",
         "visible":true,
         "x":0,
         "y":0
        }],
 "nextobjectid":56,
 "orientation":"orthogonal",
 "renderorder":"left-up",
 "tileheight":32,
 "tilesets":[
        {
         "columns":7,
         "firstgid":1,
         "image":"tiles.png",
         "imageheight":224,
         "imagewidth":224,
         "margin":0,
         "name":"tiles",
         "spacing":0,
         "tilecount":49,
         "tileheight":32,
         "tileproperties":
            {
             "0":
                {
                 "terrain":"block"
                },
             "1":
                {
                 "terrain":"block"
                },
             "10":
                {
                 "terrain":"block"
                },
             "12":
                {
                 "terrain":"block"
                },
             "15":
                {
                 "terrain":"block"
                },
             "16":
                {
                 "terrain":"block"
                },
             "18":
                {
                 "terrain":"block"
                },
             "2":
                {
                 "terrain":"block"
                },
             "33":
                {
                 "terrain":"block"
                },
             "34":
                {
                 "terrain":"block"
                },
             "35":
                {
                 "terrain":"block"
                },
             "36":
                {
                 "terrain":"block"
                },
             "37":
                {
                 "terrain":"block"
                },
             "38":
                {
                 "terrain":"block"
                },
             "39":
                {
                 "terrain":"block"
                },
             "4":
                {
                 "terrain":"block"
                },
             "40":
                {
                 "terrain":"block"
                },
             "41":
                {
                 "terrain":"block"
                },
             "42":
                {
                 "terrain":"block"
                },
             "43":
                {
                 "terrain":"block"
                },
             "44":
                {
                 "terrain":"block"
                },
             "45":
                {
                 "terrain":"block"
                },
             "46":
                {
                 "terrain":"block"
                },
             "47":
                {
                 "terrain":"block"
                },
             "6":
                {
                 "terrain":"block"
                },
             "7":
                {
                 "terrain":"block"
                },
             "8":
                {
                 "terrain":"block"
                },
             "9":
                {
                 "terrain":"block"
                }
            },
         "tilepropertytypes":
            {
             "0":
                {
                 "terrain":"string"
                },
             "1":
                {
                 "terrain":"string"
                },
             "10":
                {
                 "terrain":"string"
                },
             "12":
                {
                 "terrain":"string"
                },
             "15":
                {
                 "terrain":"string"
                },
             "16":
                {
                 "terrain":"string"
                },
             "18":
                {
                 "terrain":"string"
                },
             "2":
                {
                 "terrain":"string"
                },
             "33":
                {
                 "terrain":"string"
                },
             "34":
                {
                 "terrain":"string"
                },
             "35":
                {
                 "terrain":"string"
                },
             "36":
                {
                 "terrain":"string"
                },
             "37":
                {
                 "terrain":"string"
                },
             "38":
                {
                 "terrain":"string"
                },
             "39":
                {
                 "terrain":"string"
                },
             "4":
                {
                 "terrain":"string"
                },
             "40":
                {
                 "terrain":"string"
                },
             "41":
                {
                 "terrain":"string"
                },
             "42":
                {
                 "terrain":"string"
                },
             "43":
                {
                 "terrain":"string"
                },
             "44":
                {
                 "terrain":"string"
                },
             "45":
                {
                 "terrain":"string"
                },
             "46":
                {
                 "terrain":"string"
                },
             "47":
                {
                 "terrain":"string"
                },
             "6":
                {
                 "terrain":"string"
                },
             "7":
                {
                 "terrain":"string"
                },
             "8":
                {
                 "terrain":"string"
                },
             "9":
                {
                 "terrain":"string"
                }
            },
         "tilewidth":32
        }, 
        {
         "columns":2,
         "firstgid":50,
         "image":"items.png",
         "imageheight":96,
         "imagewidth":64,
         "margin":0,
         "name":"items",
         "spacing":0,
         "tilecount":6,
         "tileheight":32,
         "tilewidth":32
        }],
 "tilewidth":32,
 "type":"map",
 "version":1,
 "width":96
}