{ "height":16,
 "layers":[
        {
         "data":[0, 0, 0, 0, 0, 0, 0, 0, 0, 0, 0, 0, 0, 0, 0, 0, 0, 0, 0, 0, 0, 0, 0, 0, 0, 0, 0, 0, 0, 0, 0, 0, 0, 0, 0, 0, 0, 0, 0, 0, 0, 0, 0, 0, 0, 0, 0, 0, 0, 0, 0, 0, 0, 0, 0, 0, 0, 0, 0, 0, 0, 0, 0, 34, 34, 34, 34, 34, 34, 0, 0, 0, 0, 0, 0, 34, 34, 34, 34, 34, 34, 34, 34, 34, 34, 34, 34, 34, 34, 34, 34, 34, 34, 34, 0, 0, 0, 0, 0, 0, 0, 0, 0, 0, 0, 0, 0, 0, 0, 0, 0, 0, 0, 0, 0, 0, 0, 0, 0, 0, 0, 0, 0, 0, 0, 0, 0, 0, 0, 0, 0, 0, 0, 0, 0, 0, 0, 0, 0, 0, 0, 0, 0, 0, 0, 0, 0, 0, 0, 0, 0, 0, 0, 0, 0, 0, 0, 0, 0, 34, 0, 0, 0, 0, 0, 0, 0, 0, 0, 0, 0, 0, 0, 0, 0, 0, 0, 0, 0, 0, 0, 0, 0, 0, 0, 0, 0, 25, 25, 34, 0, 0, 0, 0, 0, 0, 0, 0, 0, 0, 0, 0, 0, 0, 0, 0, 0, 0, 0, 0, 0, 0, 0, 0, 0, 0, 0, 0, 0, 0, 0, 0, 0, 0, 0, 0, 0, 0, 0, 0, 0, 0, 0, 0, 0, 0, 0, 0, 0, 0, 0, 0, 0, 0, 0, 0, 0, 0, 0, 0, 0, 0, 0, 0, 0, 34, 0, 0, 0, 0, 0, 0, 0, 0, 0, 0, 0, 0, 0, 0, 0, 0, 0, 0, 0, 0, 0, 0, 0, 0, 0, 0, 0, 25, 25, 34, 0, 0, 0, 0, 0, 0, 0, 0, 0, 0, 0, 0, 0, 0, 0, 0, 0, 0, 0, 0, 0, 0, 0, 0, 0, 0, 0, 0, 0, 0, 0, 0, 0, 0, 0, 0, 0, 0, 0, 0, 0, 0, 0, 0, 0, 0, 0, 0, 0, 0, 0, 0, 0, 0, 0, 34, 34, 34, 34, 34, 34, 34, 34, 34, 34, 0, 0, 0, 0, 0, 0, 0, 0, 34, 0, 0, 0, 0, 0, 0, 0, 0, 0, 0, 0, 0, 0, 0, 0, 0, 0, 0, 0, 25, 25, 34, 0, 0, 0, 0, 0, 0, 0, 0, 0, 0, 0, 0, 0, 0, 0, 0, 0, 0, 0, 0, 0, 0, 0, 0, 0, 0, 0, 0, 0, 0, 0, 0, 0, 0, 0, 0, 0, 0, 0, 0, 0, 0, 0, 0, 0, 0, 0, 0, 0, 0, 0, 0, 0, 0, 0, 34, 0, 0, 0, 0, 0, 0, 0, 0, 0, 0, 0, 0, 0, 0, 0, 34, 0, 0, 0, 0, 0, 0, 0, 0, 0, 0, 0, 0, 0, 0, 0, 0, 0, 0, 0, 0, 0, 25, 25, 34, 0, 0, 0, 0, 0, 0, 0, 0, 0, 0, 0, 0, 0, 0, 0, 0, 0, 0, 0, 0, 0, 0, 0, 0, 0, 0, 0, 0, 0, 0, 0, 0, 0, 0, 0, 0, 0, 0, 0, 0, 0, 0, 0, 0, 0, 0, 0, 0, 0, 0, 0, 0, 0, 0, 0, 34, 0, 0, 0, 0, 0, 0, 0, 0, 0, 0, 0, 0, 0, 34, 0, 0, 0, 0, 0, 0, 0, 0, 0, 34, 0, 0, 0, 0, 0, 0, 0, 0, 0, 0, 0, 0, 0, 25, 25, 34, 0, 0, 0, 0, 0, 0, 0, 0, 0, 0, 0, 0, 0, 0, 0, 0, 0, 0, 0, 0, 0, 0, 0, 0, 0, 0, 0, 0, 0, 0, 0, 0, 0, 0, 0, 0, 0, 0, 0, 0, 0, 0, 0, 0, 0, 0, 0, 0, 0, 0, 0, 0, 0, 0, 0, 0, 0, 0, 0, 0, 0, 0, 0, 0, 0, 0, 0, 35, 0, 0, 0, 0, 0, 0, 0, 0, 34, 34, 0, 0, 0, 0, 0, 0, 0, 0, 0, 0, 0, 0, 0, 0, 0, 25, 25, 34, 0, 0, 0, 0, 0, 0, 0, 0, 0, 0, 0, 0, 0, 0, 0, 0, 0, 0, 0, 0, 0, 0, 0, 0, 0, 0, 0, 0, 0, 0, 0, 0, 0, 0, 0, 0, 0, 0, 0, 0, 0, 0, 0, 0, 0, 0, 0, 0, 0, 0, 0, 0, 0, 0, 0, 0, 0, 0, 0, 0, 0, 34, 34, 34, 34, 35, 30, 30, 30, 30, 30, 30, 30, 30, 30, 34, 34, 0, 0, 0, 0, 0, 34, 34, 0, 0, 0, 0, 0, 0, 0, 0, 0, 25, 25, 34, 0, 0, 0, 0, 0, 0, 0, 0, 0, 0, 0, 0, 0, 0, 0, 0, 0, 0, 0, 0, 0, 0, 34, 0, 0, 0, 0, 0, 0, 0, 0, 0, 0, 0, 0, 0, 0, 0, 0, 0, 0, 0, 0, 0, 0, 0, 0, 0, 35, 0, 0, 0, 0, 0, 0, 0, 0, 0, 34, 4, 4, 34, 34, 34, 34, 30, 30, 30, 30, 30, 30, 30, 30, 30, 30, 34, 0, 0, 0, 0, 0, 0, 0, 0, 0, 0, 0, 0, 0, 0, 0, 0, 0, 25, 25, 34, 0, 0, 0, 0, 0, 0, 0, 0, 0, 0, 0, 0, 34, 0, 0, 0, 0, 0, 0, 0, 34, 0, 0, 0, 0, 0, 0, 0, 0, 0, 0, 0, 0, 0, 0, 0, 0, 0, 0, 0, 0, 0, 0, 0, 0, 0, 35, 0, 35, 0, 0, 35, 0, 0, 35, 35, 34, 34, 34, 4, 4, 34, 34, 34, 34, 30, 30, 30, 30, 30, 30, 30, 30, 30, 30, 34, 0, 0, 0, 0, 0, 0, 0, 0, 0, 0, 0, 0, 0, 0, 0, 0, 0, 25, 25, 34, 0, 0, 0, 0, 0, 0, 0, 0, 0, 0, 34, 0, 0, 0, 0, 0, 0, 0, 0, 0, 0, 0, 0, 0, 0, 0, 0, 0, 0, 0, 0, 0, 0, 0, 0, 0, 0, 0, 0, 0, 0, 0, 0, 0, 35, 0, 35, 0, 35, 0, 0, 35, 0, 35, 35, 4, 4, 4, 4, 4, 4, 4, 4, 4, 34, 34, 30, 30, 30, 30, 30, 30, 30, 30, 30, 34, 0, 0, 0, 0, 0, 0, 0, 0, 0, 34, 34, 34, 0, 0, 0, 0, 0, 25, 25, 25, 0, 0, 34, 34, 34, 34, 34, 34, 0, 0, 0, 0, 0, 0, 34, 34, 34, 34, 34, 12, 12, 12, 12, 12, 12, 44, 42, 41, 36, 35, 0, 0, 0, 0, 0, 0, 0, 0, 0, 0, 0, 35, 35, 0, 35, 0, 35, 0, 35, 0, 0, 35, 35, 35, 4, 4, 4, 4, 4, 4, 4, 4, 4, 4, 4, 34, 30, 30, 30, 30, 30, 30, 30, 30, 30, 34, 0, 0, 0, 0, 0, 0, 0, 0, 0, 0, 0, 0, 0, 0, 0, 0, 0, 25, 25, 25, 0, 0, 34, 25, 25, 25, 25, 25, 25, 25, 25, 25, 25, 25, 25, 25, 25, 25, 34, 12, 12, 12, 12, 12, 12, 47, 47, 47, 47, 35, 35, 0, 0, 0, 0, 0, 0, 0, 0, 0, 35, 35, 4, 4, 4, 4, 4, 4, 4, 4, 4, 4, 35, 4, 4, 4, 4, 4, 4, 4, 4, 4, 4, 4, 4, 34, 30, 30, 30, 30, 30, 30, 30, 30, 30, 34, 0, 0, 0, 0, 0, 0, 0, 0, 0, 0, 0, 0, 0, 0, 0, 0, 0, 25, 25, 25, 0, 0, 34, 25, 25, 25, 25, 25, 25, 25, 25, 25, 25, 25, 25, 25, 25, 25, 34, 12, 12, 12, 12, 12, 12, 47, 47, 47, 47, 35, 35, 35, 0, 0, 0, 0, 0, 0, 0, 35, 35, 35, 4, 4, 4, 4, 4, 4, 4, 4, 4, 4, 35, 4, 4, 4, 4, 4, 4, 4, 4, 4, 4, 4, 4, 34, 34, 30, 30, 30, 30, 30, 30, 30, 30, 34, 0, 0, 0, 0, 0, 0, 0, 0, 0, 0, 0, 0, 0, 0, 34, 34, 34, 25, 25, 34, 9, 9, 34, 25, 25, 25, 25, 25, 25, 25, 25, 25, 25, 25, 25, 25, 25, 25, 34, 12, 12, 12, 12, 12, 12, 47, 47, 47, 47, 35, 35, 35, 35, 35, 35, 35, 35, 35, 35, 35, 35, 35, 4, 4, 4, 4, 4, 4, 4, 4, 4, 4, 4, 4, 4, 4, 4, 4, 4, 4, 4, 4, 4, 4, 4, 4, 34, 30, 30, 30, 30, 30, 30, 30, 30, 34, 4, 4, 4, 4, 4, 4, 4, 4, 4, 4, 4, 4, 4, 4, 34, 34, 34, 25, 25, 34, 9, 9, 34, 25, 25, 25, 25, 25, 25, 25, 25, 25, 25, 25, 25, 25, 25, 25, 34, 12, 12, 12, 12, 12, 12, 47, 47, 47, 47, 35, 35, 35, 35, 39, 39, 39, 39, 39, 35, 35, 35, 35, 4, 4, 4, 4, 4, 4, 4, 4, 4, 4, 4, 4, 4, 4, 4, 4, 4, 4, 4, 4, 4, 4, 4, 4, 34, 30, 30, 30, 30, 30, 30, 30, 30, 34, 4, 4, 4, 4, 4, 4, 4, 4, 4, 4, 4, 4, 4, 4, 34, 34, 34, 25, 25, 34, 9, 9],
         "height":16,
         "name":"tiles",
         "opacity":1,
         "type":"tilelayer",
         "visible":true,
         "width":96,
         "x":0,
         "y":0
        }, 
        {
         "draworder":"topdown",
         "name":"items",
         "objects":[
                {
                 "height":64,
                 "id":1,
                 "name":"player",
                 "rotation":0,
                 "type":"",
                 "visible":true,
                 "width":64,
                 "x":64,
                 "y":288
                }, 
                {
                 "gid":50,
                 "height":32,
                 "id":57,
                 "name":"flames",
                 "rotation":0,
                 "type":"",
                 "visible":true,
                 "width":32,
                 "x":0,
                 "y":352
                }, 
                {
                 "gid":51,
                 "height":32,
                 "id":58,
                 "name":"Tek Mushroom",
                 "rotation":0,
                 "type":"",
                 "visible":true,
                 "width":32,
                 "x":736,
                 "y":352
                }, 
                {
                 "height":64,
                 "id":59,
                 "name":"enemy",
                 "rotation":0,
                 "type":"",
                 "visible":true,
                 "width":64,
                 "x":1056,
                 "y":352
                }, 
                {
                 "gid":50,
                 "height":32,
                 "id":62,
                 "name":"flames",
                 "rotation":0,
                 "type":"",
                 "visible":true,
                 "width":32,
                 "x":1280,
                 "y":352
                }, 
                {
                 "gid":50,
                 "height":32,
                 "id":63,
                 "name":"flames",
                 "rotation":0,
                 "type":"",
                 "visible":true,
                 "width":32,
                 "x":864,
                 "y":352
                }, 
                {
                 "gid":54,
                 "height":32,
                 "id":64,
                 "name":"exit",
                 "rotation":0,
                 "type":"",
                 "visible":true,
                 "width":32,
                 "x":3040,
                 "y":416
                }, 
                {
                 "gid":50,
                 "height":32,
                 "id":67,
                 "name":"flames",
                 "rotation":0,
                 "type":"",
                 "visible":true,
                 "width":32,
                 "x":1600,
                 "y":352
                }, 
                {
                 "gid":53,
                 "height":32,
                 "id":69,
                 "name":"Golden slurp chug cup",
                 "rotation":0,
                 "type":"",
                 "visible":true,
                 "width":32,
                 "x":1184,
                 "y":416
                }, 
                {
                 "gid":50,
                 "height":32,
                 "id":74,
                 "name":"flames",
                 "rotation":0,
                 "type":"",
                 "visible":true,
                 "width":32,
                 "x":2336,
                 "y":224
                }, 
                {
                 "gid":50,
                 "height":32,
                 "id":75,
                 "name":"",
                 "rotation":0,
                 "type":"",
                 "visible":true,
                 "width":32,
                 "x":2816,
                 "y":416
                }, 
                {
                 "gid":50,
                 "height":32,
                 "id":77,
                 "name":"flames",
                 "rotation":0,
                 "type":"",
                 "visible":true,
                 "width":32,
                 "x":2816,
                 "y":416
                }, 
                {
                 "gid":34,
                 "height":32,
                 "id":78,
                 "name":"fall",
                 "rotation":0,
                 "type":"",
                 "visible":true,
                 "width":32,
                 "x":1824,
                 "y":256
                }, 
                {
                 "gid":34,
                 "height":32,
                 "id":79,
                 "name":"fall",
                 "rotation":0,
                 "type":"",
                 "visible":true,
                 "width":32,
                 "x":1856,
                 "y":256
                }, 
                {
                 "gid":50,
                 "height":32,
                 "id":81,
                 "name":"flames",
                 "rotation":0,
                 "type":"",
                 "visible":true,
                 "width":32,
                 "x":1920,
                 "y":224
                }, 
                {
                 "gid":50,
                 "height":32,
                 "id":82,
                 "name":"flames",
                 "rotation":0,
                 "type":"",
                 "visible":true,
                 "width":32,
                 "x":448,
                 "y":352
                }, 
                {
                 "gid":53,
                 "height":32,
                 "id":83,
                 "name":"Golden slurp chug cup",
                 "rotation":0,
                 "type":"",
                 "visible":true,
                 "width":32,
                 "x":3008,
                 "y":416
                }, 
                {
                 "gid":53,
                 "height":32,
                 "id":84,
                 "name":"",
                 "rotation":0,
                 "type":"",
                 "visible":true,
                 "width":32,
                 "x":1472,
                 "y":256
                }, 
                {
                 "gid":53,
                 "height":32,
                 "id":85,
                 "name":"",
                 "rotation":0,
                 "type":"",
                 "visible":true,
                 "width":32,
                 "x":1408,
                 "y":288
                }, 
                {
                 "gid":53,
                 "height":32,
                 "id":86,
                 "name":"Golden slurp chug cup",
                 "rotation":0,
                 "type":"",
                 "visible":true,
                 "width":32,
                 "x":1344,
                 "y":320
                }, 
                {
                 "gid":53,
                 "height":32,
                 "id":87,
                 "name":"Golden slurp chug cup",
                 "rotation":0,
                 "type":"",
                 "visible":true,
                 "width":32,
                 "x":1408,
                 "y":288
                }, 
                {
                 "gid":53,
                 "height":32,
                 "id":88,
                 "name":"Golden slurp chug cup",
                 "rotation":0,
                 "type":"",
                 "visible":true,
                 "width":32,
                 "x":1472,
                 "y":256
                }],
         "opacity":1,
         "type":"objectgroup",
         "visible":true,
         "x":0,
         "y":0
        }],
 "nextobjectid":89,
 "orientation":"orthogonal",
 "renderorder":"left-up",
 "tileheight":32,
 "tilesets":[
        {
         "columns":7,
         "firstgid":1,
         "image":"tiles.png",
         "imageheight":224,
         "imagewidth":224,
         "margin":0,
         "name":"tiles",
         "spacing":0,
         "tilecount":49,
         "tileheight":32,
         "tileproperties":
            {
             "0":
                {
                 "terrain":"block"
                },
             "1":
                {
                 "terrain":"block"
                },
             "10":
                {
                 "terrain":"block"
                },
             "12":
                {
                 "terrain":"block"
                },
             "15":
                {
                 "terrain":"block"
                },
             "16":
                {
                 "terrain":"block"
                },
             "18":
                {
                 "terrain":"block"
                },
             "2":
                {
                 "terrain":"block"
                },
             "33":
                {
                 "terrain":"block"
                },
             "34":
                {
                 "terrain":"block"
                },
             "35":
                {
                 "terrain":"block"
                },
             "36":
                {
                 "terrain":"block"
                },
             "37":
                {
                 "terrain":"block"
                },
             "38":
                {
                 "terrain":"block"
                },
             "39":
                {
                 "terrain":"block"
                },
             "4":
                {
                 "terrain":"block"
                },
             "40":
                {
                 "terrain":"block"
                },
             "41":
                {
                 "terrain":"block"
                },
             "42":
                {
                 "terrain":"block"
                },
             "43":
                {
                 "terrain":"block"
                },
             "44":
                {
                 "terrain":"block"
                },
             "45":
                {
                 "terrain":"block"
                },
             "46":
                {
                 "terrain":"block"
                },
             "47":
                {
                 "terrain":"block"
                },
             "6":
                {
                 "terrain":"block"
                },
             "7":
                {
                 "terrain":"block"
                },
             "8":
                {
                 "terrain":"block"
                },
             "9":
                {
                 "terrain":"block"
                }
            },
         "tilepropertytypes":
            {
             "0":
                {
                 "terrain":"string"
                },
             "1":
                {
                 "terrain":"string"
                },
             "10":
                {
                 "terrain":"string"
                },
             "12":
                {
                 "terrain":"string"
                },
             "15":
                {
                 "terrain":"string"
                },
             "16":
                {
                 "terrain":"string"
                },
             "18":
                {
                 "terrain":"string"
                },
             "2":
                {
                 "terrain":"string"
                },
             "33":
                {
                 "terrain":"string"
                },
             "34":
                {
                 "terrain":"string"
                },
             "35":
                {
                 "terrain":"string"
                },
             "36":
                {
                 "terrain":"string"
                },
             "37":
                {
                 "terrain":"string"
                },
             "38":
                {
                 "terrain":"string"
                },
             "39":
                {
                 "terrain":"string"
                },
             "4":
                {
                 "terrain":"string"
                },
             "40":
                {
                 "terrain":"string"
                },
             "41":
                {
                 "terrain":"string"
                },
             "42":
                {
                 "terrain":"string"
                },
             "43":
                {
                 "terrain":"string"
                },
             "44":
                {
                 "terrain":"string"
                },
             "45":
                {
                 "terrain":"string"
                },
             "46":
                {
                 "terrain":"string"
                },
             "47":
                {
                 "terrain":"string"
                },
             "6":
                {
                 "terrain":"string"
                },
             "7":
                {
                 "terrain":"string"
                },
             "8":
                {
                 "terrain":"string"
                },
             "9":
                {
                 "terrain":"string"
                }
            },
         "tilewidth":32
        }, 
        {
         "columns":2,
         "firstgid":50,
         "image":"items.png",
         "imageheight":96,
         "imagewidth":64,
         "margin":0,
         "name":"items",
         "spacing":0,
         "tilecount":6,
         "tileheight":32,
         "tilewidth":32
        }],
 "tilewidth":32,
 "type":"map",
 "version":1,
 "width":96
}