{"filter":false,"title":"level2.json","tooltip":"/2-Platformer/assets/level2.json","undoManager":{"mark":3,"position":3,"stack":[[{"start":{"row":641,"column":34},"end":{"row":642,"column":37},"action":"remove","lines":[",","                 \"terrain(2)\":\"block\""],"id":2,"ignore":true},{"start":{"row":645,"column":34},"end":{"row":646,"column":37},"action":"remove","lines":[",","                 \"terrain(2)\":\"block\""]},{"start":{"row":657,"column":34},"end":{"row":658,"column":37},"action":"remove","lines":[",","                 \"terrain(2)\":\"block\""]},{"start":{"row":661,"column":34},"end":{"row":662,"column":37},"action":"remove","lines":[",","                 \"terrain(2)\":\"block\""]},{"start":{"row":676,"column":35},"end":{"row":677,"column":38},"action":"remove","lines":[",","                 \"terrain(2)\":\"string\""]},{"start":{"row":680,"column":35},"end":{"row":681,"column":38},"action":"remove","lines":[",","                 \"terrain(2)\":\"string\""]},{"start":{"row":692,"column":35},"end":{"row":693,"column":38},"action":"remove","lines":[",","                 \"terrain(2)\":\"string\""]},{"start":{"row":696,"column":35},"end":{"row":697,"column":38},"action":"remove","lines":[",","                 \"terrain(2)\":\"string\""]}],[{"start":{"row":5,"column":21},"end":{"row":5,"column":22},"action":"insert","lines":["s"],"id":3,"ignore":true}],[{"start":{"row":3,"column":667},"end":{"row":3,"column":668},"action":"remove","lines":["0"],"id":4,"ignore":true},{"start":{"row":3,"column":667},"end":{"row":3,"column":668},"action":"insert","lines":["9"]},{"start":{"row":3,"column":961},"end":{"row":3,"column":962},"action":"remove","lines":["9"]},{"start":{"row":3,"column":961},"end":{"row":3,"column":962},"action":"insert","lines":["0"]},{"start":{"row":256,"column":21},"end":{"row":256,"column":22},"action":"remove","lines":["9"]},{"start":{"row":256,"column":22},"end":{"row":256,"column":23},"action":"insert","lines":["4"]},{"start":{"row":614,"column":0},"end":{"row":638,"column":0},"action":"insert","lines":["                }, ","                {","                 \"gid\":26,","                 \"height\":32,","                 \"id\":56,","                 \"name\":\"coin\",","                 \"rotation\":0,","                 \"type\":\"\",","                 \"visible\":true,","                 \"width\":32,","                 \"x\":0,","                 \"y\":128","                }, ","                {","                 \"gid\":26,","                 \"height\":32,","                 \"id\":57,","                 \"name\":\"coin\",","                 \"rotation\":0,","                 \"type\":\"\",","                 \"visible\":true,","                 \"width\":32,","                 \"x\":32,","                 \"y\":128",""]},{"start":{"row":645,"column":17},"end":{"row":645,"column":18},"action":"remove","lines":["6"]},{"start":{"row":645,"column":17},"end":{"row":645,"column":18},"action":"insert","lines":["8"]}],[{"start":{"row":167,"column":0},"end":{"row":178,"column":0},"action":"remove","lines":["                 \"height\":64,","                 \"id\":15,","                 \"name\":\"enemy\",","                 \"rotation\":0,","                 \"type\":\"\",","                 \"visible\":true,","                 \"width\":64,","                 \"x\":448,","                 \"y\":256","                }, ","                {",""],"id":5,"ignore":true},{"start":{"row":627,"column":0},"end":{"row":660,"column":0},"action":"insert","lines":["                }, ","                {","                 \"height\":0,","                 \"id\":59,","                 \"name\":\"falling block\",","                 \"rotation\":0,","                 \"type\":\"\",","                 \"visible\":true,","                 \"width\":32,","                 \"x\":448,","                 \"y\":320","                }, ","                {","                 \"height\":32,","                 \"id\":60,","                 \"name\":\"falling block\",","                 \"rotation\":0,","                 \"type\":\"\",","                 \"visible\":true,","                 \"width\":32,","                 \"x\":480,","                 \"y\":320","                }, ","                {","                 \"height\":0,","                 \"id\":61,","                 \"name\":\"\",","                 \"rotation\":0,","                 \"type\":\"\",","                 \"visible\":true,","                 \"width\":0,","                 \"x\":192,","                 \"y\":160",""]},{"start":{"row":667,"column":16},"end":{"row":667,"column":18},"action":"remove","lines":["58"]},{"start":{"row":667,"column":16},"end":{"row":667,"column":18},"action":"insert","lines":["62"]}]]},"ace":{"folds":[],"scrolltop":0,"scrollleft":0,"selection":{"start":{"row":0,"column":0},"end":{"row":0,"column":0},"isBackwards":false},"options":{"guessTabSize":true,"useWrapMode":false,"wrapToView":true},"firstLineState":0},"timestamp":1530128800792,"hash":"79657430ece9005585b299939c137f3a3bedd630"}