{"filter":false,"title":"level1.json","tooltip":"/2-Platformer/assets/level1.json","undoManager":{"mark":0,"position":0,"stack":[[{"start":{"row":331,"column":30},"end":{"row":331,"column":35},"action":"insert","lines":["-down"],"id":2},{"start":{"row":352,"column":23},"end":{"row":352,"column":24},"action":"remove","lines":["1"]},{"start":{"row":352,"column":23},"end":{"row":352,"column":24},"action":"insert","lines":["2"]},{"start":{"row":353,"column":30},"end":{"row":354,"column":19},"action":"remove","lines":["\",","                 \"r"]},{"start":{"row":353,"column":30},"end":{"row":353,"column":32},"action":"insert","lines":["-d"]},{"start":{"row":353,"column":33},"end":{"row":356,"column":18},"action":"remove","lines":["tation\":0,","                 \"type\":\"\",","                 \"visible\":true,","                 \""]},{"start":{"row":353,"column":34},"end":{"row":360,"column":18},"action":"remove","lines":["idth\":64,","                 \"x\":928,","                 \"y\":352","                }, ","                {","                 \"height\":64,","                 \"id\":42,","                 \""]},{"start":{"row":353,"column":35},"end":{"row":353,"column":46},"action":"remove","lines":["ame\":\"enemy"]}]]},"ace":{"folds":[],"scrolltop":8492,"scrollleft":0,"selection":{"start":{"row":331,"column":25},"end":{"row":331,"column":30},"isBackwards":false},"options":{"guessTabSize":true,"useWrapMode":false,"wrapToView":true},"firstLineState":0},"timestamp":1530214762320,"hash":"dfa9a7864859c475c05d75cec61865432b537e2e"}