{"changed":false,"filter":false,"title":"level1.json","tooltip":"/2-Platformer/assets/level1.json","undoManager":{"mark":3,"position":3,"stack":[[{"start":{"row":3,"column":3034},"end":{"row":3,"column":3035},"action":"remove","lines":["8"],"id":2,"ignore":true},{"start":{"row":3,"column":3034},"end":{"row":3,"column":3035},"action":"insert","lines":["0"]},{"start":{"row":3,"column":3141},"end":{"row":3,"column":3142},"action":"remove","lines":["0"]},{"start":{"row":3,"column":3141},"end":{"row":3,"column":3142},"action":"insert","lines":["8"]},{"start":{"row":3,"column":3329},"end":{"row":3,"column":3330},"action":"remove","lines":["0"]},{"start":{"row":3,"column":3329},"end":{"row":3,"column":3330},"action":"insert","lines":["8"]},{"start":{"row":579,"column":17},"end":{"row":603,"column":17},"action":"insert","lines":[", ","                {","                 \"gid\":21,","                 \"height\":32,","                 \"id\":80,","                 \"name\":\"downspike\",","                 \"rotation\":0,","                 \"type\":\"\",","                 \"visible\":true,","                 \"width\":32,","                 \"x\":1504,","                 \"y\":320","                }, ","                {","                 \"gid\":22,","                 \"height\":32,","                 \"id\":81,","                 \"name\":\"upspike\",","                 \"rotation\":0,","                 \"type\":\"\",","                 \"visible\":true,","                 \"width\":32,","                 \"x\":1504,","                 \"y\":96","                }"]},{"start":{"row":610,"column":17},"end":{"row":610,"column":18},"action":"remove","lines":["0"]},{"start":{"row":610,"column":17},"end":{"row":610,"column":18},"action":"insert","lines":["2"]}],[{"start":{"row":584,"column":25},"end":{"row":584,"column":29},"action":"remove","lines":["down"],"id":3,"ignore":true},{"start":{"row":584,"column":25},"end":{"row":584,"column":27},"action":"insert","lines":["up"]},{"start":{"row":596,"column":25},"end":{"row":596,"column":27},"action":"remove","lines":["up"]},{"start":{"row":596,"column":25},"end":{"row":596,"column":29},"action":"insert","lines":["down"]}],[{"start":{"row":3,"column":1990},"end":{"row":3,"column":1991},"action":"remove","lines":["2"],"id":4,"ignore":true},{"start":{"row":3,"column":1990},"end":{"row":3,"column":1991},"action":"insert","lines":["0"]}],[{"start":{"row":601,"column":22},"end":{"row":601,"column":25},"action":"remove","lines":["504"],"id":5,"ignore":true},{"start":{"row":601,"column":22},"end":{"row":601,"column":25},"action":"insert","lines":["376"]}]]},"ace":{"folds":[],"scrolltop":0,"scrollleft":0,"selection":{"start":{"row":452,"column":25},"end":{"row":452,"column":34},"isBackwards":true},"options":{"guessTabSize":true,"useWrapMode":false,"wrapToView":true},"firstLineState":0},"timestamp":1530204722437}