{"changed":false,"filter":false,"title":"level2.json","tooltip":"/2-Platformer/assets/level2.json","value":"{ \"height\":16,\n \"layers\":[\n        {\n         \"data\":[0, 0, 0, 0, 0, 6, 0, 0, 0, 0, 0, 0, 0, 0, 0, 0, 0, 0, 0, 0, 0, 14, 0, 0, 0, 0, 0, 14, 0, 0, 0, 0, 0, 0, 0, 0, 0, 0, 0, 14, 0, 0, 0, 0, 0, 0, 0, 0, 0, 14, 0, 0, 0, 14, 0, 0, 0, 0, 14, 0, 0, 0, 14, 0, 0, 14, 0, 0, 0, 0, 0, 0, 14, 0, 0, 0, 0, 0, 0, 0, 14, 0, 14, 0, 0, 14, 0, 0, 14, 0, 0, 0, 0, 0, 0, 0, 0, 0, 0, 0, 0, 6, 0, 0, 0, 0, 0, 0, 0, 0, 0, 0, 0, 0, 0, 0, 0, 0, 0, 0, 0, 0, 0, 0, 0, 14, 14, 0, 0, 0, 14, 0, 0, 0, 0, 0, 0, 0, 14, 0, 0, 0, 0, 0, 0, 0, 0, 0, 0, 0, 0, 0, 14, 0, 0, 14, 0, 0, 0, 0, 0, 0, 14, 0, 14, 0, 0, 0, 0, 0, 0, 14, 0, 14, 0, 0, 14, 0, 0, 0, 14, 0, 0, 14, 0, 14, 0, 0, 0, 0, 0, 0, 0, 14, 0, 0, 14, 6, 0, 0, 0, 0, 0, 14, 0, 0, 0, 0, 0, 0, 14, 0, 0, 0, 0, 0, 14, 14, 14, 0, 0, 0, 0, 0, 0, 0, 0, 0, 0, 0, 0, 0, 0, 0, 0, 0, 0, 0, 0, 0, 0, 0, 0, 0, 14, 0, 0, 0, 0, 0, 0, 0, 0, 0, 0, 0, 14, 0, 0, 0, 14, 0, 0, 0, 0, 0, 0, 0, 0, 0, 0, 0, 0, 0, 14, 0, 14, 0, 14, 0, 0, 0, 0, 0, 0, 0, 0, 0, 0, 0, 0, 0, 0, 6, 0, 0, 0, 0, 0, 0, 0, 0, 0, 0, 0, 0, 0, 0, 0, 0, 0, 0, 0, 0, 0, 0, 0, 0, 0, 0, 0, 0, 0, 0, 0, 0, 0, 0, 0, 0, 0, 0, 0, 0, 0, 14, 0, 0, 0, 0, 0, 0, 0, 0, 0, 0, 0, 14, 0, 14, 0, 0, 0, 0, 0, 0, 0, 0, 0, 12, 0, 0, 0, 0, 0, 0, 14, 0, 14, 14, 0, 0, 0, 0, 0, 0, 0, 0, 14, 0, 0, 0, 0, 0, 0, 0, 0, 0, 0, 6, 0, 0, 0, 0, 0, 0, 0, 0, 0, 0, 0, 0, 0, 0, 0, 0, 0, 0, 0, 0, 0, 9, 0, 0, 0, 0, 0, 0, 0, 0, 0, 0, 0, 0, 0, 0, 0, 0, 0, 0, 0, 0, 0, 0, 0, 0, 0, 14, 0, 0, 0, 0, 0, 0, 0, 0, 0, 0, 0, 0, 0, 0, 0, 0, 0, 0, 0, 0, 14, 0, 0, 0, 0, 0, 0, 0, 0, 0, 14, 0, 0, 0, 0, 0, 0, 0, 0, 0, 0, 0, 0, 0, 0, 0, 0, 6, 0, 0, 0, 0, 0, 0, 0, 0, 0, 0, 0, 0, 0, 0, 0, 0, 0, 0, 0, 0, 0, 9, 0, 0, 0, 14, 0, 0, 0, 0, 0, 0, 14, 0, 0, 0, 0, 0, 0, 0, 0, 0, 0, 0, 0, 0, 0, 0, 0, 0, 0, 0, 0, 0, 0, 0, 0, 0, 0, 0, 0, 0, 0, 0, 0, 0, 0, 0, 0, 0, 0, 0, 0, 0, 0, 0, 0, 0, 0, 0, 0, 0, 0, 0, 0, 0, 0, 0, 0, 0, 0, 14, 0, 0, 0, 0, 6, 6, 6, 6, 6, 0, 0, 0, 0, 0, 0, 0, 0, 0, 0, 0, 0, 14, 0, 0, 0, 9, 0, 0, 0, 0, 0, 0, 0, 0, 0, 0, 0, 0, 0, 0, 0, 14, 0, 0, 0, 0, 0, 14, 0, 0, 0, 0, 0, 0, 0, 14, 0, 0, 0, 0, 0, 14, 0, 0, 0, 0, 12, 0, 0, 0, 0, 0, 0, 0, 0, 0, 0, 0, 0, 0, 0, 0, 0, 0, 0, 0, 0, 0, 0, 4, 1, 3, 2, 4, 0, 0, 0, 0, 0, 0, 0, 0, 0, 0, 0, 0, 6, 0, 0, 0, 0, 0, 0, 0, 0, 0, 0, 0, 0, 0, 0, 9, 0, 0, 0, 0, 0, 0, 0, 0, 0, 0, 0, 0, 0, 0, 0, 0, 0, 0, 0, 0, 0, 0, 0, 0, 0, 0, 0, 0, 0, 0, 0, 0, 0, 0, 0, 0, 0, 0, 0, 0, 0, 0, 0, 14, 0, 0, 0, 0, 0, 0, 0, 0, 0, 0, 0, 0, 0, 0, 0, 0, 7, 7, 7, 1, 0, 0, 0, 3, 0, 0, 0, 0, 0, 0, 0, 0, 0, 0, 0, 0, 6, 0, 0, 0, 0, 0, 0, 0, 0, 0, 0, 0, 0, 0, 0, 9, 0, 0, 0, 0, 0, 0, 0, 0, 0, 0, 0, 0, 0, 0, 0, 0, 13, 0, 0, 0, 0, 0, 0, 0, 0, 0, 0, 0, 0, 0, 0, 0, 0, 0, 0, 0, 0, 0, 0, 0, 0, 0, 0, 0, 0, 0, 0, 0, 0, 0, 0, 0, 0, 0, 0, 0, 0, 0, 0, 0, 7, 0, 0, 0, 0, 0, 0, 2, 0, 0, 0, 0, 0, 0, 0, 6, 6, 6, 6, 0, 6, 0, 0, 0, 0, 0, 0, 0, 6, 0, 0, 0, 0, 0, 0, 9, 0, 0, 0, 0, 0, 0, 0, 0, 13, 0, 0, 0, 0, 0, 0, 0, 0, 0, 0, 0, 0, 0, 0, 0, 0, 13, 13, 13, 0, 0, 0, 0, 0, 0, 0, 0, 0, 12, 0, 0, 0, 0, 0, 0, 0, 0, 0, 0, 0, 0, 0, 0, 0, 0, 0, 0, 0, 0, 0, 0, 7, 0, 0, 0, 0, 0, 0, 1, 0, 0, 0, 0, 0, 6, 6, 6, 6, 6, 6, 6, 6, 0, 0, 0, 0, 0, 0, 0, 0, 0, 0, 0, 0, 0, 0, 9, 0, 0, 0, 0, 0, 0, 0, 0, 0, 0, 0, 0, 0, 0, 0, 0, 0, 0, 0, 0, 0, 0, 0, 0, 10, 8, 13, 13, 0, 0, 0, 0, 0, 0, 0, 0, 0, 0, 0, 0, 0, 0, 0, 0, 0, 0, 0, 0, 0, 0, 0, 0, 0, 0, 0, 7, 7, 7, 7, 7, 7, 0, 7, 2, 4, 1, 2, 3, 0, 0, 0, 0, 6, 6, 6, 6, 6, 6, 6, 6, 6, 0, 0, 0, 0, 0, 0, 0, 0, 0, 0, 11, 11, 11, 11, 11, 11, 11, 11, 11, 11, 10, 10, 10, 10, 10, 10, 10, 10, 10, 10, 10, 10, 10, 10, 10, 10, 10, 10, 10, 8, 8, 13, 13, 13, 13, 0, 0, 0, 0, 0, 0, 0, 0, 0, 0, 0, 0, 0, 0, 0, 0, 0, 0, 0, 0, 0, 0, 0, 0, 0, 0, 0, 0, 0, 0, 0, 0, 7, 1, 3, 2, 2, 4, 11, 11, 11, 11, 11, 11, 11, 11, 11, 11, 11, 11, 11, 10, 10, 10, 10, 10, 10, 10, 10, 10, 10, 12, 12, 12, 12, 12, 12, 12, 12, 12, 12, 8, 8, 8, 8, 8, 8, 8, 8, 8, 8, 8, 8, 8, 8, 8, 8, 8, 8, 8, 8, 8, 13, 13, 13, 13, 0, 0, 0, 0, 0, 12, 0, 0, 0, 0, 0, 0, 0, 0, 0, 0, 0, 0, 0, 0, 0, 0, 0, 0, 0, 0, 0, 0, 0, 0, 0, 0, 7, 2, 3, 2, 3, 4, 12, 12, 12, 12, 12, 12, 12, 12, 12, 12, 12, 12, 12, 8, 8, 8, 8, 8, 8, 8, 8, 8, 8, 12, 12, 12, 12, 12, 12, 12, 12, 12, 12, 8, 8, 8, 8, 8, 8, 8, 8, 8, 8, 8, 8, 8, 8, 8, 8, 8, 8, 8, 8, 8, 13, 13, 13, 13, 13, 0, 0, 0, 0, 0, 0, 0, 0, 0, 0, 0, 0, 0, 0, 0, 0, 0, 0, 0, 0, 0, 0, 0, 0, 5, 5, 5, 5, 5, 5, 5, 5, 3, 4, 2, 3, 4, 12, 12, 12, 12, 12, 12, 12, 12, 12, 12, 12, 12, 12, 8, 8, 8, 8, 8, 8, 8, 8, 8, 8, 12, 12, 12, 12, 12, 12, 12, 12, 12, 12, 8, 8, 8, 8, 8, 8, 8, 8, 8, 8, 8, 8, 8, 8, 8, 8, 8, 8, 8, 8, 8, 13, 13, 13, 13, 13, 13, 0, 0, 10, 10, 10, 10, 10, 10, 10, 10, 10, 10, 10, 10, 10, 10, 10, 10, 5, 10, 10, 10, 10, 5, 5, 5, 5, 5, 5, 5, 5, 3, 4, 2, 4, 4, 13, 13, 13, 13, 13, 13, 13, 13, 13, 13, 13, 13, 13, 8, 8, 8, 8, 8, 8, 8, 8, 8, 8, 12, 12, 12, 12, 12, 12, 12, 12, 12, 12, 8, 8, 8, 8, 8, 8, 8, 8, 8, 8, 8, 8, 8, 8, 8, 8, 8, 8, 8, 8, 8, 13, 13, 13, 13, 13, 13, 13, 12, 8, 8, 8, 8, 8, 8, 8, 8, 8, 8, 8, 8, 8, 8, 8, 8, 8, 8, 8, 8, 8, 5, 5, 5, 5, 5, 5, 5, 5, 1, 2, 1, 2, 3],\n         \"height\":16,\n         \"name\":\"tiles\",\n         \"opacity\":1,\n         \"type\":\"tilelayer\",\n         \"visible\":true,\n         \"width\":96,\n         \"x\":0,\n         \"y\":0\n        }, \n        {\n         \"draworder\":\"topdown\",\n         \"name\":\"items\",\n         \"objects\":[\n                {\n                 \"height\":64,\n                 \"id\":1,\n                 \"name\":\"player\",\n                 \"rotation\":0,\n                 \"type\":\"\",\n                 \"visible\":true,\n                 \"width\":64,\n                 \"x\":32,\n                 \"y\":32\n                }],\n         \"opacity\":1,\n         \"type\":\"objectgroup\",\n         \"visible\":true,\n         \"x\":0,\n         \"y\":0\n        }],\n \"nextobjectid\":3,\n \"orientation\":\"orthogonal\",\n \"renderorder\":\"left-up\",\n \"tileheight\":32,\n \"tilesets\":[\n        {\n         \"columns\":5,\n         \"firstgid\":1,\n         \"image\":\"tiles.png\",\n         \"imageheight\":160,\n         \"imagewidth\":160,\n         \"margin\":0,\n         \"name\":\"tiles\",\n         \"spacing\":0,\n         \"tilecount\":25,\n         \"tileheight\":32,\n         \"tileproperties\":\n            {\n             \"0\":\n                {\n                 \"terrain\":\"block\"\n                },\n             \"1\":\n                {\n                 \"terrain\":\"block\"\n                },\n             \"10\":\n                {\n                 \"terrain\":\"block\"\n                },\n             \"11\":\n                {\n                 \"terrain\":\"block\"\n                },\n             \"12\":\n                {\n                 \"terrain\":\"block\"\n                },\n             \"2\":\n                {\n                 \"terrain\":\"block\"\n                },\n             \"3\":\n                {\n                 \"terrain\":\"block\"\n                },\n             \"4\":\n                {\n                 \"terrain\":\"block\"\n                },\n             \"5\":\n                {\n                 \"terrain\":\"block\"\n                },\n             \"6\":\n                {\n                 \"terrain\":\"block\"\n                }\n            },\n         \"tilepropertytypes\":\n            {\n             \"0\":\n                {\n                 \"terrain\":\"string\"\n                },\n             \"1\":\n                {\n                 \"terrain\":\"string\"\n                },\n             \"10\":\n                {\n                 \"terrain\":\"string\"\n                },\n             \"11\":\n                {\n                 \"terrain\":\"string\"\n                },\n             \"12\":\n                {\n                 \"terrain\":\"string\"\n                },\n             \"2\":\n                {\n                 \"terrain\":\"string\"\n                },\n             \"3\":\n                {\n                 \"terrain\":\"string\"\n                },\n             \"4\":\n                {\n                 \"terrain\":\"string\"\n                },\n             \"5\":\n                {\n                 \"terrain\":\"string\"\n                },\n             \"6\":\n                {\n                 \"terrain\":\"string\"\n                }\n            },\n         \"tilewidth\":32\n        }, \n        {\n         \"columns\":5,\n         \"firstgid\":26,\n         \"image\":\"tiles.png\",\n         \"imageheight\":160,\n         \"imagewidth\":160,\n         \"margin\":0,\n         \"name\":\"tiles\",\n         \"spacing\":0,\n         \"tilecount\":25,\n         \"tileheight\":32,\n         \"tilewidth\":32\n        }, \n        {\n         \"columns\":2,\n         \"firstgid\":51,\n         \"image\":\"items.png\",\n         \"imageheight\":96,\n         \"imagewidth\":64,\n         \"margin\":0,\n         \"name\":\"items\",\n         \"spacing\":0,\n         \"tilecount\":6,\n         \"tileheight\":32,\n         \"tilewidth\":32\n        }],\n \"tilewidth\":32,\n \"type\":\"map\",\n \"version\":1,\n \"width\":96\n}","undoManager":{"mark":-1,"position":-1,"stack":[]},"ace":{"folds":[],"scrolltop":0,"scrollleft":0,"selection":{"start":{"row":155,"column":26},"end":{"row":155,"column":26},"isBackwards":false},"options":{"guessTabSize":true,"useWrapMode":false,"wrapToView":true},"firstLineState":0},"timestamp":1530152413855}