{"filter":false,"title":"level0.json","tooltip":"/2-Platformer/assets/level0.json","undoManager":{"mark":1,"position":1,"stack":[[{"start":{"row":54,"column":22},"end":{"row":54,"column":23},"action":"insert","lines":[" "],"id":2},{"start":{"row":54,"column":23},"end":{"row":54,"column":24},"action":"insert","lines":["/"]},{"start":{"row":54,"column":24},"end":{"row":54,"column":25},"action":"insert","lines":["/"]}],[{"start":{"row":54,"column":24},"end":{"row":54,"column":25},"action":"remove","lines":["/"],"id":3},{"start":{"row":54,"column":23},"end":{"row":54,"column":24},"action":"remove","lines":["/"]},{"start":{"row":54,"column":22},"end":{"row":54,"column":23},"action":"remove","lines":[" "]}]]},"ace":{"folds":[],"scrolltop":1680,"scrollleft":0,"selection":{"start":{"row":54,"column":22},"end":{"row":54,"column":22},"isBackwards":false},"options":{"guessTabSize":true,"useWrapMode":false,"wrapToView":true},"firstLineState":{"row":75,"state":"start","mode":"ace/mode/json"}},"timestamp":1530024671776,"hash":"c9af62c9311395b6117a453b37ecbf30af6d6855"}