{ "height":16,
 "layers":[
        {
         "data":[4, 4, 4, 4, 4, 4, 4, 4, 4, 4, 4, 4, 4, 4, 4, 4, 4, 4, 4, 4, 4, 4, 4, 4, 4, 4, 4, 4, 4, 4, 4, 4, 4, 4, 4, 4, 4, 4, 4, 4, 4, 4, 4, 4, 4, 4, 4, 4, 4, 4, 4, 4, 4, 4, 4, 4, 4, 4, 4, 4, 4, 4, 4, 4, 4, 4, 4, 4, 4, 4, 4, 4, 4, 4, 4, 4, 4, 4, 4, 4, 4, 4, 4, 4, 4, 4, 4, 4, 4, 4, 4, 4, 4, 4, 4, 4, 4, 4, 4, 4, 4, 4, 4, 4, 4, 4, 4, 0, 0, 4, 4, 4, 4, 4, 4, 4, 4, 4, 4, 4, 0, 4, 4, 4, 4, 4, 4, 4, 0, 0, 0, 4, 3, 3, 3, 3, 4, 4, 4, 4, 4, 4, 4, 4, 0, 0, 0, 4, 4, 4, 4, 4, 4, 4, 4, 4, 4, 4, 4, 4, 5, 5, 4, 4, 4, 4, 4, 4, 4, 4, 4, 4, 4, 4, 4, 4, 4, 4, 4, 4, 4, 4, 4, 4, 4, 4, 0, 0, 0, 0, 0, 4, 0, 0, 0, 4, 4, 0, 4, 4, 4, 4, 4, 0, 0, 4, 4, 4, 4, 4, 4, 4, 0, 4, 4, 4, 0, 4, 0, 0, 4, 4, 4, 0, 0, 0, 0, 4, 4, 3, 3, 3, 4, 4, 4, 4, 4, 4, 4, 4, 4, 0, 0, 0, 0, 4, 4, 4, 4, 0, 0, 0, 0, 0, 4, 4, 4, 4, 4, 4, 0, 4, 4, 5, 4, 4, 4, 0, 4, 4, 4, 4, 4, 4, 4, 4, 4, 4, 0, 0, 0, 0, 0, 0, 0, 0, 0, 0, 0, 0, 0, 0, 0, 0, 0, 4, 4, 4, 4, 0, 0, 0, 4, 0, 0, 4, 4, 0, 0, 0, 4, 4, 0, 4, 0, 0, 4, 4, 0, 0, 0, 0, 0, 0, 4, 4, 4, 4, 4, 0, 4, 4, 4, 4, 4, 0, 0, 0, 0, 0, 0, 0, 0, 4, 0, 0, 0, 0, 0, 0, 0, 0, 4, 4, 4, 0, 0, 0, 0, 4, 4, 4, 0, 0, 0, 0, 0, 0, 4, 4, 4, 5, 4, 4, 0, 0, 0, 0, 0, 0, 0, 0, 0, 0, 0, 0, 0, 0, 0, 0, 0, 0, 4, 4, 4, 0, 0, 0, 0, 0, 0, 0, 0, 0, 0, 4, 4, 4, 4, 4, 0, 0, 0, 0, 0, 0, 0, 0, 0, 0, 0, 0, 0, 0, 0, 0, 0, 0, 4, 4, 4, 0, 0, 0, 0, 0, 0, 0, 0, 0, 0, 0, 0, 0, 0, 0, 0, 0, 0, 0, 0, 0, 0, 0, 0, 0, 4, 4, 0, 0, 0, 0, 0, 0, 0, 4, 4, 4, 4, 4, 4, 0, 0, 0, 0, 0, 4, 0, 0, 0, 0, 0, 0, 0, 0, 0, 0, 0, 0, 0, 4, 0, 0, 0, 0, 0, 0, 0, 0, 0, 0, 0, 4, 4, 4, 0, 0, 0, 0, 0, 0, 0, 0, 0, 0, 0, 0, 0, 0, 0, 0, 0, 0, 0, 0, 0, 0, 0, 0, 0, 0, 0, 0, 0, 0, 0, 0, 0, 0, 0, 0, 0, 0, 0, 0, 0, 0, 0, 0, 0, 0, 0, 0, 0, 0, 0, 0, 0, 0, 0, 0, 0, 4, 4, 4, 4, 4, 0, 0, 0, 0, 0, 0, 0, 4, 4, 0, 0, 0, 0, 0, 0, 0, 0, 0, 0, 0, 0, 0, 0, 0, 0, 0, 0, 0, 0, 0, 0, 0, 4, 4, 0, 0, 0, 0, 0, 0, 0, 0, 0, 0, 0, 0, 0, 0, 0, 0, 0, 0, 0, 0, 0, 0, 0, 0, 0, 0, 0, 0, 4, 4, 4, 4, 0, 0, 0, 0, 0, 0, 0, 0, 0, 0, 0, 0, 0, 0, 0, 0, 0, 0, 0, 0, 0, 0, 0, 0, 0, 4, 4, 4, 4, 4, 0, 0, 4, 0, 0, 0, 4, 4, 4, 0, 0, 0, 0, 0, 0, 0, 0, 0, 0, 0, 0, 0, 0, 0, 0, 4, 0, 0, 0, 0, 0, 0, 0, 0, 0, 0, 0, 4, 0, 0, 0, 0, 0, 0, 0, 0, 0, 0, 0, 0, 0, 0, 0, 0, 0, 0, 0, 0, 0, 0, 0, 0, 0, 0, 0, 0, 0, 0, 0, 0, 0, 0, 0, 0, 0, 0, 0, 0, 0, 0, 0, 0, 0, 0, 0, 0, 4, 4, 0, 0, 0, 0, 0, 0, 0, 0, 0, 0, 0, 0, 0, 0, 4, 4, 4, 4, 4, 0, 0, 0, 0, 0, 0, 0, 0, 0, 0, 0, 0, 0, 4, 0, 0, 0, 0, 0, 0, 0, 0, 0, 0, 0, 4, 0, 0, 0, 0, 0, 0, 0, 0, 0, 0, 0, 0, 0, 0, 0, 0, 0, 0, 0, 0, 4, 4, 4, 4, 0, 0, 0, 0, 0, 0, 0, 0, 0, 0, 0, 4, 4, 0, 0, 0, 0, 0, 0, 0, 0, 0, 0, 0, 4, 4, 4, 0, 0, 0, 0, 0, 0, 0, 0, 0, 0, 0, 0, 0, 0, 4, 4, 4, 4, 4, 0, 0, 0, 0, 0, 0, 0, 0, 0, 0, 4, 0, 0, 0, 0, 0, 0, 0, 0, 0, 0, 0, 0, 0, 0, 0, 0, 0, 4, 4, 0, 0, 4, 0, 0, 0, 0, 4, 4, 0, 0, 0, 0, 0, 0, 4, 0, 0, 0, 0, 0, 0, 0, 0, 0, 0, 0, 0, 0, 0, 0, 4, 4, 0, 0, 0, 0, 0, 4, 0, 0, 0, 0, 0, 4, 4, 4, 4, 4, 0, 0, 0, 0, 0, 0, 0, 0, 0, 0, 0, 4, 4, 4, 4, 4, 4, 0, 0, 4, 4, 0, 0, 0, 4, 0, 0, 0, 0, 0, 0, 0, 0, 4, 4, 4, 4, 0, 0, 0, 0, 0, 0, 0, 0, 4, 4, 0, 0, 0, 0, 0, 0, 0, 4, 4, 0, 4, 4, 0, 0, 0, 0, 0, 0, 0, 0, 0, 0, 0, 0, 0, 0, 4, 4, 4, 4, 4, 4, 4, 0, 0, 0, 4, 4, 0, 0, 0, 0, 4, 4, 4, 4, 4, 0, 0, 0, 0, 0, 0, 0, 0, 0, 0, 0, 0, 4, 4, 4, 4, 4, 4, 4, 0, 0, 0, 0, 4, 0, 0, 0, 0, 0, 0, 0, 0, 0, 0, 0, 0, 0, 0, 0, 4, 0, 0, 4, 0, 0, 0, 0, 4, 4, 0, 0, 0, 0, 0, 4, 0, 4, 4, 0, 0, 0, 4, 0, 0, 0, 0, 0, 0, 0, 0, 0, 4, 0, 0, 0, 0, 0, 4, 4, 4, 4, 4, 0, 0, 0, 0, 0, 0, 0, 0, 4, 4, 4, 4, 4, 4, 0, 0, 0, 0, 4, 0, 0, 0, 0, 0, 0, 4, 4, 4, 4, 4, 4, 4, 4, 0, 0, 0, 0, 0, 0, 0, 0, 0, 0, 0, 0, 0, 0, 0, 0, 0, 0, 0, 0, 0, 0, 0, 0, 0, 0, 0, 0, 4, 4, 0, 0, 0, 0, 0, 0, 0, 4, 4, 0, 0, 0, 0, 0, 0, 0, 0, 0, 0, 0, 0, 0, 0, 0, 0, 0, 0, 0, 4, 4, 4, 4, 4, 3, 3, 3, 3, 3, 3, 3, 4, 4, 4, 4, 4, 4, 4, 0, 0, 0, 0, 0, 0, 0, 0, 0, 0, 4, 4, 4, 4, 4, 4, 4, 4, 4, 3, 3, 3, 3, 3, 3, 3, 3, 3, 3, 3, 3, 3, 3, 3, 3, 3, 3, 3, 3, 4, 5, 5, 5, 5, 5, 5, 5, 4, 4, 0, 0, 0, 0, 0, 0, 0, 4, 4, 0, 0, 0, 0, 0, 0, 0, 0, 0, 4, 4, 0, 0, 0, 0, 0, 0, 0, 0, 4, 4, 4, 4, 4, 3, 3, 3, 3, 3, 3, 3, 3, 4, 4, 4, 4, 4, 4, 0, 0, 0, 0, 0, 0, 4, 0, 0, 0, 4, 4, 4, 4, 4, 4, 4, 4, 4, 3, 3, 3, 3, 3, 3, 3, 3, 3, 3, 3, 3, 3, 3, 3, 3, 3, 3, 3, 3, 4, 5, 5, 5, 5, 5, 5, 5, 4, 4, 5, 5, 5, 5, 5, 5, 5, 5, 4, 0, 0, 0, 0, 0, 0, 0, 0, 0, 0, 0, 0, 0, 0, 0, 0, 0, 0, 0, 4, 4, 4, 4, 4, 3, 3, 3, 3, 3, 3, 3, 3, 3, 4, 4, 4, 4, 4, 5, 5, 5, 5, 5, 5, 5, 5, 5, 5, 4, 4, 4, 4, 4, 4, 4, 4, 4, 2, 2, 2, 2, 2, 2, 2, 2, 2, 2, 2, 2, 2, 2, 2, 2, 2, 2, 2, 2, 4, 5, 5, 5, 5, 5, 5, 5, 4, 4, 5, 5, 5, 5, 5, 5, 5, 5, 4, 5, 5, 5, 5, 5, 5, 5, 5, 5, 5, 5, 5, 5, 5, 5, 5, 5, 5, 5, 4, 4, 4, 4, 4, 2, 2, 2, 2, 2, 2, 2, 2, 2, 2, 4, 4, 4, 4, 5, 5, 5, 5, 5, 5, 5, 5, 5, 5, 4, 4, 4, 4, 4, 4, 4],
         "height":16,
         "name":"tiles",
         "opacity":1,
         "type":"tilelayer",
         "visible":true,
         "width":96,
         "x":0,
         "y":0
        }, 
        {
         "draworder":"topdown",
         "name":"items",
         "objects":[
                {
                 "height":64,
                 "id":4,
                 "name":"player",
                 "rotation":0,
                 "type":"",
                 "visible":true,
                 "width":64,
                 "x":0,
                 "y":96
                }, 
                {
                 "gid":7,
                 "height":32,
                 "id":61,
                 "name":"hazard",
                 "rotation":0,
                 "type":"",
                 "visible":true,
                 "width":32,
                 "x":288,
                 "y":192
                }, 
                {
                 "gid":7,
                 "height":32,
                 "id":62,
                 "name":"hazard",
                 "rotation":0,
                 "type":"",
                 "visible":true,
                 "width":32,
                 "x":512,
                 "y":128
                }, 
                {
                 "gid":7,
                 "height":32,
                 "id":63,
                 "name":"hazard",
                 "rotation":0,
                 "type":"",
                 "visible":true,
                 "width":32,
                 "x":704,
                 "y":224
                }, 
                {
                 "gid":7,
                 "height":32,
                 "id":64,
                 "name":"hazard",
                 "rotation":0,
                 "type":"",
                 "visible":true,
                 "width":32,
                 "x":1024,
                 "y":64
                }, 
                {
                 "gid":7,
                 "height":32,
                 "id":65,
                 "name":"hazard",
                 "rotation":0,
                 "type":"",
                 "visible":true,
                 "width":32,
                 "x":1088,
                 "y":64
                }, 
                {
                 "gid":7,
                 "height":32,
                 "id":66,
                 "name":"hazard",
                 "rotation":0,
                 "type":"",
                 "visible":true,
                 "width":32,
                 "x":1536,
                 "y":128
                }, 
                {
                 "gid":7,
                 "height":32,
                 "id":67,
                 "name":"hazard",
                 "rotation":0,
                 "type":"",
                 "visible":true,
                 "width":32,
                 "x":1504,
                 "y":128
                }, 
                {
                 "gid":7,
                 "height":32,
                 "id":68,
                 "name":"hazard",
                 "rotation":0,
                 "type":"",
                 "visible":true,
                 "width":32,
                 "x":1824,
                 "y":352
                }, 
                {
                 "gid":7,
                 "height":32,
                 "id":69,
                 "name":"hazard",
                 "rotation":0,
                 "type":"",
                 "visible":true,
                 "width":32,
                 "x":2304,
                 "y":192
                }, 
                {
                 "gid":9,
                 "height":32,
                 "id":70,
                 "name":"diamond",
                 "rotation":0,
                 "type":"",
                 "visible":true,
                 "width":32,
                 "x":1184,
                 "y":352
                }, 
                {
                 "gid":9,
                 "height":32,
                 "id":71,
                 "name":"diamond",
                 "rotation":0,
                 "type":"",
                 "visible":true,
                 "width":32,
                 "x":1728,
                 "y":352
                }, 
                {
                 "gid":9,
                 "height":32,
                 "id":72,
                 "name":"diamond",
                 "rotation":0,
                 "type":"",
                 "visible":true,
                 "width":32,
                 "x":2656,
                 "y":352
                }, 
                {
                 "gid":9,
                 "height":32,
                 "id":73,
                 "name":"diamond",
                 "rotation":0,
                 "type":"",
                 "visible":true,
                 "width":32,
                 "x":2848,
                 "y":192
                }, 
                {
                 "gid":9,
                 "height":32,
                 "id":74,
                 "name":"diamond",
                 "rotation":0,
                 "type":"",
                 "visible":true,
                 "width":32,
                 "x":2528,
                 "y":128
                }, 
                {
                 "gid":10,
                 "height":32,
                 "id":75,
                 "name":"exit",
                 "rotation":0,
                 "type":"",
                 "visible":true,
                 "width":32,
                 "x":3040,
                 "y":160
                }, 
                {
                 "gid":8,
                 "height":32,
                 "id":76,
                 "name":"flashlight",
                 "rotation":0,
                 "type":"",
                 "visible":true,
                 "width":32,
                 "x":2400,
                 "y":320
                }, 
                {
                 "gid":8,
                 "height":32,
                 "id":77,
                 "name":"flashlight",
                 "rotation":0,
                 "type":"",
                 "visible":true,
                 "width":32,
                 "x":704,
                 "y":352
                }, 
                {
                 "gid":8,
                 "height":32,
                 "id":79,
                 "name":"flashlight",
                 "rotation":0,
                 "type":"",
                 "visible":true,
                 "width":32,
                 "x":384,
                 "y":288
                }],
         "opacity":1,
         "type":"objectgroup",
         "visible":true,
         "x":0,
         "y":0
        }],
 "nextobjectid":80,
 "orientation":"orthogonal",
 "renderorder":"left-up",
 "tileheight":32,
 "tilesets":[
        {
         "columns":2,
         "firstgid":1,
         "image":"tiles.png",
         "imageheight":96,
         "imagewidth":64,
         "margin":0,
         "name":"tiles",
         "spacing":0,
         "tilecount":6,
         "tileheight":32,
         "tileproperties":
            {
             "3":
                {
                 "terrain":"block"
                }
            },
         "tilepropertytypes":
            {
             "3":
                {
                 "terrain":"string"
                }
            },
         "tilewidth":32
        }, 
        {
         "columns":2,
         "firstgid":7,
         "image":"items.png",
         "imageheight":64,
         "imagewidth":64,
         "margin":0,
         "name":"items",
         "spacing":0,
         "tilecount":4,
         "tileheight":32,
         "tilewidth":32
        }],
 "tilewidth":32,
 "type":"map",
 "version":1,
 "width":96
}