{"filter":false,"title":"level1.json","tooltip":"/2-Platformer/assets/level1.json","undoManager":{"mark":1,"position":1,"stack":[[{"start":{"row":3,"column":3407},"end":{"row":3,"column":3408},"action":"remove","lines":["1"],"id":2},{"start":{"row":3,"column":3407},"end":{"row":3,"column":3408},"action":"insert","lines":["0"]},{"start":{"row":55,"column":0},"end":{"row":67,"column":0},"action":"remove","lines":["                 \"id\":8,","                 \"name\":\"coin\",","                 \"rotation\":0,","                 \"type\":\"\",","                 \"visible\":true,","                 \"width\":32,","                 \"x\":1536,","                 \"y\":448","                }, ","                {","                 \"gid\":5,","                 \"height\":32,",""]},{"start":{"row":219,"column":23},"end":{"row":219,"column":24},"action":"remove","lines":["6"]},{"start":{"row":219,"column":23},"end":{"row":219,"column":24},"action":"insert","lines":["5"]},{"start":{"row":221,"column":22},"end":{"row":221,"column":24},"action":"remove","lines":["25"]},{"start":{"row":221,"column":22},"end":{"row":221,"column":24},"action":"insert","lines":["37"]},{"start":{"row":222,"column":25},"end":{"row":222,"column":29},"action":"insert","lines":["coin"]},{"start":{"row":231,"column":23},"end":{"row":239,"column":22},"action":"remove","lines":["7,","                 \"height\":32,","                 \"id\":27,","                 \"name\":\"\",","                 \"rotation\":0,","                 \"type\":\"\",","                 \"visible\":true,","                 \"width\":32,","                 \"x\":1"]},{"start":{"row":231,"column":24},"end":{"row":235,"column":24},"action":"remove","lines":["32,","                 \"y\":352","                }, ","                {","                 \"gid\":7"]},{"start":{"row":233,"column":22},"end":{"row":233,"column":23},"action":"remove","lines":["2"]},{"start":{"row":233,"column":22},"end":{"row":233,"column":23},"action":"insert","lines":["3"]},{"start":{"row":234,"column":25},"end":{"row":236,"column":20},"action":"remove","lines":["\",","                 \"rotation\":0,","                 \"ty"]},{"start":{"row":234,"column":26},"end":{"row":236,"column":18},"action":"remove","lines":["e\":\"\",","                 \"visible\":true,","                 \""]},{"start":{"row":234,"column":26},"end":{"row":234,"column":27},"action":"insert","lines":["o"]},{"start":{"row":234,"column":28},"end":{"row":240,"column":19},"action":"remove","lines":["idth\":32,","                 \"x\":1632,","                 \"y\":320","                }, ","                {","                 \"gid\":7,","                 \"h"]},{"start":{"row":234,"column":29},"end":{"row":237,"column":18},"action":"remove","lines":["ight\":32,","                 \"id\":29,","                 \"name\":\"\",","                 \""]},{"start":{"row":234,"column":30},"end":{"row":245,"column":30},"action":"remove","lines":["otation\":0,","                 \"type\":\"\",","                 \"visible\":true,","                 \"width\":32,","                 \"x\":1632,","                 \"y\":288","                }, ","                {","                 \"gid\":7,","                 \"height\":32,","                 \"id\":30,","                 \"name\":\"spike"]},{"start":{"row":239,"column":22},"end":{"row":239,"column":25},"action":"remove","lines":["632"]},{"start":{"row":239,"column":22},"end":{"row":239,"column":25},"action":"insert","lines":["408"]},{"start":{"row":245,"column":23},"end":{"row":257,"column":24},"action":"remove","lines":["1,","                 \"name\":\"spike\",","                 \"rotation\":0,","                 \"type\":\"\",","                 \"visible\":true,","                 \"width\":32,","                 \"x\":1632,","                 \"y\":224","                }, ","                {","                 \"gid\":7,","                 \"height\":32,","                 \"id\":32"]},{"start":{"row":245,"column":23},"end":{"row":245,"column":24},"action":"insert","lines":["9"]},{"start":{"row":251,"column":23},"end":{"row":251,"column":25},"action":"remove","lines":["32"]},{"start":{"row":251,"column":23},"end":{"row":251,"column":25},"action":"insert","lines":["00"]},{"start":{"row":252,"column":21},"end":{"row":252,"column":23},"action":"remove","lines":["19"]},{"start":{"row":252,"column":21},"end":{"row":252,"column":23},"action":"insert","lines":["35"]},{"start":{"row":257,"column":22},"end":{"row":257,"column":24},"action":"remove","lines":["33"]},{"start":{"row":257,"column":22},"end":{"row":257,"column":24},"action":"insert","lines":["40"]},{"start":{"row":258,"column":25},"end":{"row":258,"column":30},"action":"remove","lines":["spike"]},{"start":{"row":263,"column":21},"end":{"row":263,"column":23},"action":"insert","lines":["20"]},{"start":{"row":263,"column":25},"end":{"row":263,"column":27},"action":"remove","lines":["32"]},{"start":{"row":264,"column":21},"end":{"row":264,"column":23},"action":"remove","lines":["16"]},{"start":{"row":264,"column":21},"end":{"row":264,"column":23},"action":"insert","lines":["32"]},{"start":{"row":269,"column":22},"end":{"row":269,"column":23},"action":"remove","lines":["3"]},{"start":{"row":269,"column":23},"end":{"row":269,"column":24},"action":"insert","lines":["1"]},{"start":{"row":275,"column":21},"end":{"row":275,"column":23},"action":"insert","lines":["20"]},{"start":{"row":275,"column":25},"end":{"row":275,"column":27},"action":"remove","lines":["32"]},{"start":{"row":281,"column":22},"end":{"row":281,"column":24},"action":"remove","lines":["35"]},{"start":{"row":281,"column":22},"end":{"row":281,"column":24},"action":"insert","lines":["42"]},{"start":{"row":287,"column":21},"end":{"row":288,"column":22},"action":"remove","lines":["1632,","                 \"y\":3"]},{"start":{"row":287,"column":23},"end":{"row":298,"column":21},"action":"remove","lines":["","                }, ","                {","                 \"gid\":7,","                 \"height\":32,","                 \"id\":36,","                 \"name\":\"spike\",","                 \"rotation\":0,","                 \"type\":\"\",","                 \"visible\":true,","                 \"width\":32,","                 \"x\":"]},{"start":{"row":287,"column":25},"end":{"row":287,"column":27},"action":"remove","lines":["32"]},{"start":{"row":288,"column":21},"end":{"row":288,"column":22},"action":"insert","lines":["3"]},{"start":{"row":288,"column":23},"end":{"row":288,"column":25},"action":"remove","lines":["88"]},{"start":{"row":288,"column":23},"end":{"row":288,"column":24},"action":"insert","lines":["0"]},{"start":{"row":296,"column":16},"end":{"row":296,"column":17},"action":"insert","lines":["4"]},{"start":{"row":296,"column":18},"end":{"row":296,"column":19},"action":"remove","lines":["7"]}],[{"start":{"row":3,"column":2213},"end":{"row":3,"column":2214},"action":"remove","lines":["0"],"id":3,"ignore":true},{"start":{"row":3,"column":2213},"end":{"row":3,"column":2214},"action":"insert","lines":["4"]},{"start":{"row":3,"column":2498},"end":{"row":3,"column":2499},"action":"remove","lines":["0"]},{"start":{"row":3,"column":2498},"end":{"row":3,"column":2499},"action":"insert","lines":["4"]},{"start":{"row":3,"column":2501},"end":{"row":3,"column":2502},"action":"remove","lines":["0"]},{"start":{"row":3,"column":2501},"end":{"row":3,"column":2502},"action":"insert","lines":["4"]},{"start":{"row":3,"column":2783},"end":{"row":3,"column":2784},"action":"remove","lines":["0"]},{"start":{"row":3,"column":2783},"end":{"row":3,"column":2784},"action":"insert","lines":["4"]},{"start":{"row":3,"column":2786},"end":{"row":3,"column":2787},"action":"remove","lines":["0"]},{"start":{"row":3,"column":2786},"end":{"row":3,"column":2787},"action":"insert","lines":["4"]},{"start":{"row":3,"column":2789},"end":{"row":3,"column":2790},"action":"remove","lines":["0"]},{"start":{"row":3,"column":2789},"end":{"row":3,"column":2790},"action":"insert","lines":["4"]},{"start":{"row":3,"column":3068},"end":{"row":3,"column":3069},"action":"remove","lines":["0"]},{"start":{"row":3,"column":3068},"end":{"row":3,"column":3069},"action":"insert","lines":["4"]},{"start":{"row":3,"column":3071},"end":{"row":3,"column":3072},"action":"remove","lines":["0"]},{"start":{"row":3,"column":3071},"end":{"row":3,"column":3072},"action":"insert","lines":["4"]},{"start":{"row":3,"column":3074},"end":{"row":3,"column":3075},"action":"remove","lines":["0"]},{"start":{"row":3,"column":3074},"end":{"row":3,"column":3075},"action":"insert","lines":["4"]},{"start":{"row":3,"column":3077},"end":{"row":3,"column":3078},"action":"remove","lines":["0"]},{"start":{"row":3,"column":3077},"end":{"row":3,"column":3078},"action":"insert","lines":["4"]},{"start":{"row":289,"column":0},"end":{"row":325,"column":0},"action":"insert","lines":["                }, ","                {","                 \"gid\":7,","                 \"height\":32,","                 \"id\":43,","                 \"name\":\"spike\",","                 \"rotation\":0,","                 \"type\":\"\",","                 \"visible\":true,","                 \"width\":32,","                 \"x\":2016,","                 \"y\":288","                }, ","                {","                 \"gid\":7,","                 \"height\":32,","                 \"id\":44,","                 \"name\":\"spike\",","                 \"rotation\":0,","                 \"type\":\"\",","                 \"visible\":true,","                 \"width\":32,","                 \"x\":2016,","                 \"y\":256","                }, ","                {","                 \"gid\":7,","                 \"height\":32,","                 \"id\":45,","                 \"name\":\"spike\",","                 \"rotation\":0,","                 \"type\":\"\",","                 \"visible\":true,","                 \"width\":32,","                 \"x\":2016,","                 \"y\":224",""]},{"start":{"row":332,"column":17},"end":{"row":332,"column":18},"action":"remove","lines":["3"]},{"start":{"row":332,"column":17},"end":{"row":332,"column":18},"action":"insert","lines":["6"]}]]},"ace":{"folds":[],"scrolltop":4117.65625,"scrollleft":0,"selection":{"start":{"row":246,"column":25},"end":{"row":246,"column":25},"isBackwards":false},"options":{"guessTabSize":true,"useWrapMode":false,"wrapToView":true},"firstLineState":{"row":0,"state":"start","mode":"ace/mode/json"}},"timestamp":1529611284691,"hash":"f85cddd99bd55a54ffe21ad8f15cc33e9cb6d24a"}