{ "height":16,
 "layers":[
        {
         "data":[0, 0, 0, 0, 0, 0, 0, 0, 0, 0, 0, 0, 0, 0, 0, 0, 0, 8, 0, 0, 0, 0, 0, 0, 0, 0, 0, 0, 8, 2, 3, 2, 3, 2, 3, 2, 3, 2, 3, 2, 3, 2, 3, 2, 3, 2, 9, 8, 8, 9, 8, 9, 8, 8, 9, 8, 8, 9, 8, 9, 8, 8, 8, 9, 8, 8, 0, 0, 0, 0, 0, 0, 0, 0, 0, 0, 0, 0, 0, 0, 0, 0, 0, 0, 0, 0, 0, 0, 0, 0, 0, 0, 0, 0, 0, 0, 0, 0, 0, 0, 0, 0, 0, 0, 0, 0, 0, 0, 0, 0, 0, 0, 8, 8, 0, 0, 0, 0, 0, 0, 0, 0, 0, 0, 8, 9, 1, 1, 1, 1, 1, 1, 1, 1, 1, 1, 1, 1, 1, 1, 1, 9, 0, 0, 0, 0, 0, 0, 0, 0, 0, 0, 0, 0, 0, 0, 0, 0, 0, 0, 0, 0, 0, 0, 0, 0, 0, 0, 0, 0, 0, 0, 0, 0, 0, 0, 0, 0, 0, 0, 0, 0, 0, 0, 0, 0, 0, 0, 0, 0, 0, 0, 0, 0, 0, 0, 0, 0, 0, 0, 0, 0, 0, 0, 0, 0, 0, 8, 8, 9, 0, 0, 0, 0, 0, 0, 0, 0, 0, 0, 8, 9, 8, 1, 1, 1, 1, 1, 1, 1, 1, 1, 1, 1, 1, 1, 9, 0, 0, 0, 0, 0, 0, 0, 0, 0, 0, 0, 0, 0, 0, 0, 0, 0, 0, 0, 0, 0, 0, 0, 8, 8, 10, 10, 10, 0, 0, 0, 0, 0, 0, 0, 0, 0, 0, 0, 0, 0, 0, 0, 0, 0, 0, 0, 0, 0, 0, 0, 0, 0, 0, 0, 0, 0, 0, 0, 0, 0, 0, 0, 0, 0, 0, 9, 8, 8, 0, 0, 0, 0, 0, 0, 0, 0, 0, 0, 9, 9, 8, 9, 1, 1, 1, 1, 1, 1, 1, 1, 1, 1, 1, 9, 0, 0, 0, 0, 0, 0, 0, 0, 0, 0, 0, 0, 0, 8, 8, 0, 0, 8, 0, 0, 0, 0, 8, 0, 0, 0, 0, 0, 9, 0, 0, 0, 0, 0, 0, 0, 0, 0, 0, 0, 0, 0, 0, 0, 0, 0, 0, 0, 0, 0, 0, 0, 0, 0, 0, 0, 0, 0, 0, 0, 0, 0, 0, 0, 0, 0, 9, 9, 8, 9, 0, 0, 0, 0, 0, 0, 0, 0, 0, 0, 8, 8, 9, 9, 8, 1, 1, 1, 1, 1, 1, 1, 1, 1, 8, 0, 0, 0, 0, 0, 0, 0, 0, 8, 0, 0, 0, 0, 0, 0, 0, 0, 0, 0, 0, 0, 0, 0, 0, 0, 0, 0, 0, 0, 8, 0, 0, 0, 0, 0, 0, 0, 0, 0, 0, 0, 0, 0, 0, 0, 0, 0, 0, 0, 0, 0, 0, 0, 0, 0, 0, 0, 0, 0, 0, 0, 0, 0, 0, 0, 10, 9, 9, 8, 8, 9, 0, 0, 0, 0, 0, 0, 0, 0, 0, 0, 9, 9, 9, 8, 8, 8, 1, 1, 1, 1, 1, 1, 1, 9, 0, 0, 0, 0, 0, 0, 0, 0, 0, 0, 0, 0, 0, 0, 0, 0, 0, 0, 0, 0, 0, 0, 0, 0, 0, 0, 0, 0, 0, 0, 9, 0, 0, 0, 0, 0, 0, 0, 0, 0, 0, 0, 0, 0, 0, 0, 0, 0, 0, 0, 0, 0, 0, 0, 0, 0, 0, 0, 0, 0, 0, 0, 0, 0, 0, 10, 8, 8, 9, 9, 8, 8, 0, 0, 0, 0, 0, 0, 0, 0, 0, 0, 8, 9, 9, 9, 9, 8, 9, 1, 1, 1, 1, 1, 9, 0, 0, 0, 0, 0, 0, 0, 0, 0, 0, 0, 0, 0, 0, 0, 0, 0, 0, 0, 0, 0, 0, 0, 0, 0, 0, 0, 0, 0, 0, 0, 8, 0, 0, 0, 0, 0, 0, 0, 0, 0, 0, 0, 0, 0, 0, 0, 0, 0, 0, 0, 0, 0, 0, 0, 0, 0, 0, 0, 0, 0, 0, 0, 0, 0, 10, 9, 8, 8, 8, 9, 8, 9, 0, 0, 0, 0, 0, 0, 0, 0, 0, 0, 9, 9, 8, 8, 8, 9, 0, 8, 9, 9, 9, 9, 0, 0, 0, 0, 0, 0, 0, 0, 0, 0, 0, 0, 0, 0, 0, 0, 0, 0, 0, 0, 0, 0, 0, 0, 0, 0, 0, 0, 0, 0, 0, 8, 0, 0, 0, 0, 0, 0, 0, 0, 0, 0, 0, 0, 0, 0, 0, 0, 0, 0, 0, 0, 0, 0, 0, 0, 0, 0, 0, 0, 0, 0, 0, 0, 0, 10, 8, 9, 8, 9, 8, 8, 9, 8, 0, 0, 0, 0, 0, 0, 0, 0, 0, 0, 0, 8, 9, 9, 0, 0, 0, 0, 0, 9, 9, 0, 0, 0, 0, 0, 0, 0, 0, 0, 0, 9, 0, 0, 0, 0, 0, 0, 0, 0, 0, 0, 0, 0, 0, 0, 0, 0, 0, 0, 0, 0, 0, 0, 8, 0, 0, 0, 0, 0, 0, 0, 0, 0, 0, 0, 0, 0, 0, 0, 0, 0, 0, 0, 0, 0, 0, 10, 0, 0, 0, 0, 0, 0, 0, 0, 10, 8, 8, 9, 9, 9, 8, 9, 9, 9, 0, 0, 0, 0, 0, 0, 0, 0, 0, 0, 0, 0, 0, 0, 0, 0, 0, 0, 0, 0, 0, 0, 0, 0, 0, 0, 0, 0, 0, 0, 8, 8, 0, 0, 0, 0, 0, 0, 0, 0, 0, 0, 0, 0, 0, 0, 0, 0, 0, 0, 0, 0, 0, 0, 8, 0, 0, 0, 0, 0, 0, 0, 0, 0, 0, 0, 0, 0, 0, 10, 6, 7, 6, 7, 6, 7, 10, 8, 0, 0, 0, 0, 0, 0, 10, 10, 8, 8, 8, 9, 8, 9, 8, 9, 8, 8, 0, 0, 0, 0, 0, 0, 0, 0, 0, 0, 0, 0, 0, 0, 0, 0, 0, 0, 0, 0, 0, 0, 0, 0, 0, 0, 0, 0, 0, 0, 0, 0, 0, 0, 0, 0, 0, 0, 3, 0, 0, 0, 0, 0, 0, 0, 0, 0, 0, 0, 0, 8, 0, 0, 8, 0, 0, 0, 0, 0, 0, 0, 0, 0, 0, 0, 0, 0, 10, 8, 4, 4, 4, 4, 4, 4, 8, 8, 6, 7, 6, 7, 6, 7, 8, 8, 9, 8, 8, 8, 8, 8, 9, 8, 8, 8, 0, 0, 0, 0, 0, 0, 0, 0, 0, 0, 0, 0, 0, 0, 0, 0, 0, 0, 0, 0, 0, 0, 0, 0, 0, 0, 0, 0, 0, 0, 0, 0, 0, 0, 0, 0, 0, 3, 1, 0, 0, 0, 0, 0, 0, 0, 0, 0, 0, 0, 0, 0, 0, 2, 8, 0, 0, 0, 0, 0, 0, 0, 0, 0, 10, 10, 10, 10, 8, 4, 4, 5, 4, 4, 5, 5, 9, 8, 4, 5, 5, 4, 4, 4, 9, 8, 9, 8, 8, 8, 9, 8, 9, 8, 8, 8, 0, 0, 0, 8, 9, 8, 0, 0, 0, 0, 0, 9, 8, 9, 0, 0, 0, 0, 0, 9, 9, 9, 9, 0, 0, 0, 8, 8, 0, 0, 0, 0, 0, 0, 0, 0, 3, 1, 1, 3, 3, 0, 0, 0, 0, 0, 0, 0, 0, 0, 0, 2, 2, 1, 8, 0, 0, 0, 0, 0, 0, 0, 0, 10, 9, 8, 9, 8, 4, 4, 4, 5, 5, 4, 4, 5, 8, 9, 5, 5, 5, 4, 4, 5, 8, 9, 9, 9, 8, 9, 8, 8, 9, 9, 8, 8, 2, 2, 3, 1, 1, 1, 2, 3, 3, 2, 2, 1, 1, 1, 2, 2, 3, 2, 3, 1, 1, 1, 1, 2, 2, 2, 1, 1, 2, 2, 2, 2, 2, 2, 2, 2, 1, 1, 1, 1, 1, 2, 3, 2, 3, 2, 3, 2, 2, 2, 2, 1, 1, 1, 9, 8, 8, 10, 10, 9, 10, 10, 10, 9, 8, 9, 8, 4, 4, 5, 5, 5, 4, 4, 4, 4, 9, 8, 5, 5, 5, 5, 4, 5, 8, 8, 8, 9, 8, 9, 8, 9, 8, 9, 8, 8, 1, 1, 1, 1, 1, 1, 1, 1, 1, 1, 1, 1, 1, 1, 1, 1, 1, 1, 1, 1, 1, 1, 1, 1, 1, 1, 1, 1, 1, 1, 1, 1, 1, 1, 1, 1, 1, 1, 1, 1, 1, 1, 1, 1, 1, 1, 1, 1, 1, 1, 1, 1, 1, 1, 8, 8, 8, 9, 8, 9, 9, 8, 9, 8, 9, 8, 4, 4, 5, 5, 4, 4, 5, 5, 5, 4, 8, 8, 4, 5, 4, 4, 4, 4, 8, 9, 9, 8, 9, 9, 8, 9, 8, 9, 8, 8, 1, 1, 1, 1, 1, 1, 1, 1, 1, 1, 1, 1, 1, 1, 1, 1, 1, 1, 1, 1, 1, 1, 1, 1, 1, 1, 1, 1, 1, 1, 1, 1, 1, 1, 1, 1, 1, 1, 1, 1, 1, 1, 1, 1, 1, 1, 1, 1, 1, 1, 1, 1, 1, 1, 8, 9, 8, 8, 9, 8, 9, 8, 8, 9, 8, 4, 4, 5, 5, 5, 4, 5, 5, 5, 5, 4, 8, 8],
         "height":16,
         "name":"tiles",
         "opacity":1,
         "type":"tilelayer",
         "visible":true,
         "width":96,
         "x":0,
         "y":0
        }, 
        {
         "draworder":"topdown",
         "name":"items",
         "objects":[
                {
                 "height":64,
                 "id":1,
                 "name":"player",
                 "rotation":0,
                 "type":"",
                 "visible":true,
                 "width":64,
                 "x":192,
                 "y":192
                }, 
                {
                 "gid":15,
                 "height":32,
                 "id":12,
                 "name":"Coin",
                 "rotation":0,
                 "type":"",
                 "visible":true,
                 "width":32,
                 "x":672,
                 "y":192
                }, 
                {
                 "gid":15,
                 "height":32,
                 "id":13,
                 "name":"Coin",
                 "rotation":0,
                 "type":"",
                 "visible":true,
                 "width":32,
                 "x":672,
                 "y":32
                }, 
                {
                 "gid":15,
                 "height":32,
                 "id":14,
                 "name":"Coin",
                 "rotation":0,
                 "type":"",
                 "visible":true,
                 "width":32,
                 "x":672,
                 "y":64
                }, 
                {
                 "gid":15,
                 "height":32,
                 "id":15,
                 "name":"Coin",
                 "rotation":0,
                 "type":"",
                 "visible":true,
                 "width":32,
                 "x":672,
                 "y":128
                }, 
                {
                 "gid":15,
                 "height":32,
                 "id":16,
                 "name":"Coin",
                 "rotation":0,
                 "type":"",
                 "visible":true,
                 "width":32,
                 "x":672,
                 "y":96
                }, 
                {
                 "gid":15,
                 "height":32,
                 "id":17,
                 "name":"Coin",
                 "rotation":0,
                 "type":"",
                 "visible":true,
                 "width":32,
                 "x":672,
                 "y":160
                }, 
                {
                 "gid":15,
                 "height":32,
                 "id":18,
                 "name":"Coin",
                 "rotation":0,
                 "type":"",
                 "visible":true,
                 "width":32,
                 "x":672,
                 "y":224
                }, 
                {
                 "gid":15,
                 "height":32,
                 "id":19,
                 "name":"Coin",
                 "rotation":0,
                 "type":"",
                 "visible":true,
                 "width":32,
                 "x":672,
                 "y":288
                }, 
                {
                 "gid":15,
                 "height":32,
                 "id":20,
                 "name":"Coin",
                 "rotation":0,
                 "type":"",
                 "visible":true,
                 "width":32,
                 "x":672,
                 "y":256
                }, 
                {
                 "gid":15,
                 "height":32,
                 "id":21,
                 "name":"Coin",
                 "rotation":0,
                 "type":"",
                 "visible":true,
                 "width":32,
                 "x":672,
                 "y":320
                }, 
                {
                 "gid":15,
                 "height":32,
                 "id":22,
                 "name":"Coin",
                 "rotation":0,
                 "type":"",
                 "visible":true,
                 "width":32,
                 "x":672,
                 "y":352
                }, 
                {
                 "gid":15,
                 "height":32,
                 "id":23,
                 "name":"Coin",
                 "rotation":0,
                 "type":"",
                 "visible":true,
                 "width":32,
                 "x":672,
                 "y":384
                }, 
                {
                 "gid":15,
                 "height":32,
                 "id":24,
                 "name":"Coin",
                 "rotation":0,
                 "type":"",
                 "visible":true,
                 "width":32,
                 "x":704,
                 "y":384
                }, 
                {
                 "gid":15,
                 "height":32,
                 "id":25,
                 "name":"Coin",
                 "rotation":0,
                 "type":"",
                 "visible":true,
                 "width":32,
                 "x":704,
                 "y":352
                }, 
                {
                 "gid":15,
                 "height":32,
                 "id":26,
                 "name":"Coin",
                 "rotation":0,
                 "type":"",
                 "visible":true,
                 "width":32,
                 "x":704,
                 "y":320
                }, 
                {
                 "gid":15,
                 "height":32,
                 "id":27,
                 "name":"Coin",
                 "rotation":0,
                 "type":"",
                 "visible":true,
                 "width":32,
                 "x":704,
                 "y":288
                }, 
                {
                 "gid":15,
                 "height":32,
                 "id":28,
                 "name":"Coin",
                 "rotation":0,
                 "type":"",
                 "visible":true,
                 "width":32,
                 "x":704,
                 "y":256
                }, 
                {
                 "gid":15,
                 "height":32,
                 "id":29,
                 "name":"Coin",
                 "rotation":0,
                 "type":"",
                 "visible":true,
                 "width":32,
                 "x":704,
                 "y":224
                }, 
                {
                 "gid":15,
                 "height":32,
                 "id":30,
                 "name":"Coin",
                 "rotation":0,
                 "type":"",
                 "visible":true,
                 "width":32,
                 "x":704,
                 "y":192
                }, 
                {
                 "gid":15,
                 "height":32,
                 "id":31,
                 "name":"Coin",
                 "rotation":0,
                 "type":"",
                 "visible":true,
                 "width":32,
                 "x":704,
                 "y":160
                }, 
                {
                 "gid":15,
                 "height":32,
                 "id":32,
                 "name":"Coin",
                 "rotation":0,
                 "type":"",
                 "visible":true,
                 "width":32,
                 "x":704,
                 "y":128
                }, 
                {
                 "gid":15,
                 "height":32,
                 "id":33,
                 "name":"Coin",
                 "rotation":0,
                 "type":"",
                 "visible":true,
                 "width":32,
                 "x":704,
                 "y":64
                }, 
                {
                 "gid":15,
                 "height":32,
                 "id":34,
                 "name":"Coin",
                 "rotation":0,
                 "type":"",
                 "visible":true,
                 "width":32,
                 "x":704,
                 "y":96
                }, 
                {
                 "gid":15,
                 "height":32,
                 "id":35,
                 "name":"Coin",
                 "rotation":0,
                 "type":"",
                 "visible":true,
                 "width":32,
                 "x":704,
                 "y":32
                }, 
                {
                 "gid":15,
                 "height":32,
                 "id":36,
                 "name":"Coin",
                 "rotation":0,
                 "type":"",
                 "visible":true,
                 "width":32,
                 "x":960,
                 "y":352
                }, 
                {
                 "gid":15,
                 "height":32,
                 "id":37,
                 "name":"Coin",
                 "rotation":0,
                 "type":"",
                 "visible":true,
                 "width":32,
                 "x":1216,
                 "y":352
                }, 
                {
                 "gid":15,
                 "height":32,
                 "id":38,
                 "name":"Coin",
                 "rotation":0,
                 "type":"",
                 "visible":true,
                 "width":32,
                 "x":1248,
                 "y":352
                }, 
                {
                 "gid":15,
                 "height":32,
                 "id":39,
                 "name":"Coin",
                 "rotation":0,
                 "type":"",
                 "visible":true,
                 "width":32,
                 "x":1408,
                 "y":352
                }, 
                {
                 "gid":15,
                 "height":32,
                 "id":40,
                 "name":"Coin",
                 "rotation":0,
                 "type":"",
                 "visible":true,
                 "width":32,
                 "x":1536,
                 "y":288
                }, 
                {
                 "gid":15,
                 "height":32,
                 "id":41,
                 "name":"Coin",
                 "rotation":0,
                 "type":"",
                 "visible":true,
                 "width":32,
                 "x":1696,
                 "y":96
                }, 
                {
                 "gid":15,
                 "height":32,
                 "id":42,
                 "name":"Coin",
                 "rotation":0,
                 "type":"",
                 "visible":true,
                 "width":32,
                 "x":2080,
                 "y":320
                }, 
                {
                 "gid":15,
                 "height":32,
                 "id":43,
                 "name":"Coin",
                 "rotation":0,
                 "type":"",
                 "visible":true,
                 "width":32,
                 "x":2048,
                 "y":320
                }, 
                {
                 "gid":15,
                 "height":32,
                 "id":44,
                 "name":"Coin",
                 "rotation":0,
                 "type":"",
                 "visible":true,
                 "width":32,
                 "x":2208,
                 "y":288
                }, 
                {
                 "gid":15,
                 "height":32,
                 "id":45,
                 "name":"Coin",
                 "rotation":0,
                 "type":"",
                 "visible":true,
                 "width":32,
                 "x":2368,
                 "y":384
                }, 
                {
                 "gid":15,
                 "height":32,
                 "id":46,
                 "name":"Coin",
                 "rotation":0,
                 "type":"",
                 "visible":true,
                 "width":32,
                 "x":2400,
                 "y":384
                }, 
                {
                 "gid":15,
                 "height":32,
                 "id":47,
                 "name":"Coin",
                 "rotation":0,
                 "type":"",
                 "visible":true,
                 "width":32,
                 "x":2432,
                 "y":384
                }, 
                {
                 "gid":15,
                 "height":32,
                 "id":48,
                 "name":"Coin",
                 "rotation":0,
                 "type":"",
                 "visible":true,
                 "width":32,
                 "x":2464,
                 "y":384
                }, 
                {
                 "gid":15,
                 "height":32,
                 "id":49,
                 "name":"Coin",
                 "rotation":0,
                 "type":"",
                 "visible":true,
                 "width":32,
                 "x":2496,
                 "y":384
                }, 
                {
                 "gid":15,
                 "height":32,
                 "id":50,
                 "name":"Coin",
                 "rotation":0,
                 "type":"",
                 "visible":true,
                 "width":32,
                 "x":2688,
                 "y":320
                }, 
                {
                 "gid":15,
                 "height":32,
                 "id":51,
                 "name":"Coin",
                 "rotation":0,
                 "type":"",
                 "visible":true,
                 "width":32,
                 "x":2656,
                 "y":320
                }, 
                {
                 "gid":15,
                 "height":32,
                 "id":52,
                 "name":"Coin",
                 "rotation":0,
                 "type":"",
                 "visible":true,
                 "width":32,
                 "x":512,
                 "y":32
                }, 
                {
                 "gid":15,
                 "height":32,
                 "id":53,
                 "name":"Coin",
                 "rotation":0,
                 "type":"",
                 "visible":true,
                 "width":32,
                 "x":480,
                 "y":64
                }, 
                {
                 "gid":15,
                 "height":32,
                 "id":54,
                 "name":"Coin",
                 "rotation":0,
                 "type":"",
                 "visible":true,
                 "width":32,
                 "x":448,
                 "y":96
                }, 
                {
                 "gid":15,
                 "height":32,
                 "id":55,
                 "name":"Coin",
                 "rotation":0,
                 "type":"",
                 "visible":true,
                 "width":32,
                 "x":448,
                 "y":128
                }, 
                {
                 "gid":15,
                 "height":32,
                 "id":56,
                 "name":"Coin",
                 "rotation":0,
                 "type":"",
                 "visible":true,
                 "width":32,
                 "x":416,
                 "y":160
                }, 
                {
                 "gid":15,
                 "height":32,
                 "id":57,
                 "name":"Coin",
                 "rotation":0,
                 "type":"",
                 "visible":true,
                 "width":32,
                 "x":384,
                 "y":160
                }, 
                {
                 "gid":15,
                 "height":32,
                 "id":58,
                 "name":"Coin",
                 "rotation":0,
                 "type":"",
                 "visible":true,
                 "width":32,
                 "x":352,
                 "y":192
                }, 
                {
                 "gid":15,
                 "height":32,
                 "id":59,
                 "name":"Coin",
                 "rotation":0,
                 "type":"",
                 "visible":true,
                 "width":32,
                 "x":320,
                 "y":224
                }, 
                {
                 "gid":15,
                 "height":32,
                 "id":60,
                 "name":"Coin",
                 "rotation":0,
                 "type":"",
                 "visible":true,
                 "width":32,
                 "x":288,
                 "y":256
                }, 
                {
                 "gid":15,
                 "height":32,
                 "id":61,
                 "name":"Coin",
                 "rotation":0,
                 "type":"",
                 "visible":true,
                 "width":32,
                 "x":256,
                 "y":288
                }, 
                {
                 "gid":16,
                 "height":32,
                 "id":62,
                 "name":"Power",
                 "rotation":0,
                 "type":"",
                 "visible":true,
                 "width":32,
                 "x":1440,
                 "y":352
                }, 
                {
                 "gid":13,
                 "height":32,
                 "id":63,
                 "name":"SpikeDown",
                 "rotation":0,
                 "type":"",
                 "visible":true,
                 "width":32,
                 "x":960,
                 "y":320
                }, 
                {
                 "gid":13,
                 "height":32,
                 "id":65,
                 "name":"SpikeDown",
                 "rotation":0,
                 "type":"",
                 "visible":true,
                 "width":32,
                 "x":1088,
                 "y":256
                }, 
                {
                 "gid":13,
                 "height":32,
                 "id":67,
                 "name":"SpikeDown",
                 "rotation":0,
                 "type":"",
                 "visible":true,
                 "width":32,
                 "x":1248,
                 "y":288
                }, 
                {
                 "gid":13,
                 "height":32,
                 "id":68,
                 "name":"SpikeDown",
                 "rotation":0,
                 "type":"",
                 "visible":true,
                 "width":32,
                 "x":1280,
                 "y":256
                }, 
                {
                 "gid":13,
                 "height":32,
                 "id":69,
                 "name":"SpikeDown",
                 "rotation":0,
                 "type":"",
                 "visible":true,
                 "width":32,
                 "x":1312,
                 "y":224
                }, 
                {
                 "gid":13,
                 "height":32,
                 "id":70,
                 "name":"SpikeDown",
                 "rotation":0,
                 "type":"",
                 "visible":true,
                 "width":32,
                 "x":1344,
                 "y":192
                }, 
                {
                 "gid":13,
                 "height":32,
                 "id":71,
                 "name":"SpikeDown",
                 "rotation":0,
                 "type":"",
                 "visible":true,
                 "width":32,
                 "x":1376,
                 "y":160
                }, 
                {
                 "gid":13,
                 "height":32,
                 "id":72,
                 "name":"SpikeDown",
                 "rotation":0,
                 "type":"",
                 "visible":true,
                 "width":32,
                 "x":1344,
                 "y":192
                }, 
                {
                 "gid":13,
                 "height":32,
                 "id":73,
                 "name":"SpikeDown",
                 "rotation":0,
                 "type":"",
                 "visible":true,
                 "width":32,
                 "x":1312,
                 "y":224
                }, 
                {
                 "gid":13,
                 "height":32,
                 "id":74,
                 "name":"SpikeDown",
                 "rotation":0,
                 "type":"",
                 "visible":true,
                 "width":32,
                 "x":1280,
                 "y":256
                }, 
                {
                 "gid":13,
                 "height":32,
                 "id":75,
                 "name":"SpikeDown",
                 "rotation":0,
                 "type":"",
                 "visible":true,
                 "width":32,
                 "x":1248,
                 "y":288
                }, 
                {
                 "gid":17,
                 "height":32,
                 "id":76,
                 "name":"Ender",
                 "rotation":0,
                 "type":"",
                 "visible":true,
                 "width":32,
                 "x":3040,
                 "y":256
                }, 
                {
                 "gid":14,
                 "height":32,
                 "id":77,
                 "name":"SpikeUp",
                 "rotation":0,
                 "type":"",
                 "visible":true,
                 "width":32,
                 "x":896,
                 "y":0
                }, 
                {
                 "gid":19,
                 "height":32,
                 "id":82,
                 "name":"falling",
                 "rotation":0,
                 "type":"",
                 "visible":true,
                 "width":32,
                 "x":1664,
                 "y":160
                }, 
                {
                 "gid":19,
                 "height":32,
                 "id":83,
                 "name":"falling",
                 "rotation":0,
                 "type":"",
                 "visible":true,
                 "width":32,
                 "x":1696,
                 "y":160
                }, 
                {
                 "gid":19,
                 "height":32,
                 "id":84,
                 "name":"falling",
                 "rotation":0,
                 "type":"",
                 "visible":true,
                 "width":32,
                 "x":1728,
                 "y":160
                }, 
                {
                 "gid":19,
                 "height":32,
                 "id":85,
                 "name":"falling",
                 "rotation":0,
                 "type":"",
                 "visible":true,
                 "width":32,
                 "x":2048,
                 "y":352
                }, 
                {
                 "gid":19,
                 "height":32,
                 "id":86,
                 "name":"falling",
                 "rotation":0,
                 "type":"",
                 "visible":true,
                 "width":32,
                 "x":2080,
                 "y":352
                }, 
                {
                 "gid":19,
                 "height":32,
                 "id":87,
                 "name":"falling",
                 "rotation":0,
                 "type":"",
                 "visible":true,
                 "width":32,
                 "x":2016,
                 "y":224
                }, 
                {
                 "gid":15,
                 "height":32,
                 "id":88,
                 "name":"Coin",
                 "rotation":0,
                 "type":"",
                 "visible":true,
                 "width":32,
                 "x":1856,
                 "y":352
                }, 
                {
                 "gid":15,
                 "height":32,
                 "id":89,
                 "name":"Coin",
                 "rotation":0,
                 "type":"",
                 "visible":true,
                 "width":32,
                 "x":1952,
                 "y":416
                }, 
                {
                 "gid":15,
                 "height":32,
                 "id":90,
                 "name":"Coin",
                 "rotation":0,
                 "type":"",
                 "visible":true,
                 "width":32,
                 "x":2144,
                 "y":416
                }, 
                {
                 "gid":15,
                 "height":32,
                 "id":91,
                 "name":"Coin",
                 "rotation":0,
                 "type":"",
                 "visible":true,
                 "width":32,
                 "x":1696,
                 "y":320
                }, 
                {
                 "gid":15,
                 "height":32,
                 "id":92,
                 "name":"Coin",
                 "rotation":0,
                 "type":"",
                 "visible":true,
                 "width":32,
                 "x":1920,
                 "y":256
                }, 
                {
                 "gid":15,
                 "height":32,
                 "id":93,
                 "name":"Coin",
                 "rotation":0,
                 "type":"",
                 "visible":true,
                 "width":32,
                 "x":2400,
                 "y":352
                }, 
                {
                 "gid":15,
                 "height":32,
                 "id":94,
                 "name":"Coin",
                 "rotation":0,
                 "type":"",
                 "visible":true,
                 "width":32,
                 "x":2432,
                 "y":352
                }, 
                {
                 "gid":15,
                 "height":32,
                 "id":95,
                 "name":"Coin",
                 "rotation":0,
                 "type":"",
                 "visible":true,
                 "width":32,
                 "x":2464,
                 "y":352
                }, 
                {
                 "gid":15,
                 "height":32,
                 "id":96,
                 "name":"Coin",
                 "rotation":0,
                 "type":"",
                 "visible":true,
                 "width":32,
                 "x":2496,
                 "y":352
                }, 
                {
                 "gid":15,
                 "height":32,
                 "id":97,
                 "name":"Coin",
                 "rotation":0,
                 "type":"",
                 "visible":true,
                 "width":32,
                 "x":2432,
                 "y":320
                }, 
                {
                 "gid":15,
                 "height":32,
                 "id":98,
                 "name":"Coin",
                 "rotation":0,
                 "type":"",
                 "visible":true,
                 "width":32,
                 "x":2464,
                 "y":320
                }, 
                {
                 "gid":15,
                 "height":32,
                 "id":99,
                 "name":"Coin",
                 "rotation":0,
                 "type":"",
                 "visible":true,
                 "width":32,
                 "x":2496,
                 "y":320
                }, 
                {
                 "gid":15,
                 "height":32,
                 "id":100,
                 "name":"Coin",
                 "rotation":0,
                 "type":"",
                 "visible":true,
                 "width":32,
                 "x":2464,
                 "y":288
                }, 
                {
                 "gid":15,
                 "height":32,
                 "id":101,
                 "name":"Coin",
                 "rotation":0,
                 "type":"",
                 "visible":true,
                 "width":32,
                 "x":2496,
                 "y":288
                }, 
                {
                 "gid":15,
                 "height":32,
                 "id":102,
                 "name":"Coin",
                 "rotation":0,
                 "type":"",
                 "visible":true,
                 "width":32,
                 "x":2496,
                 "y":256
                }, 
                {
                 "gid":15,
                 "height":32,
                 "id":103,
                 "name":"Coin",
                 "rotation":0,
                 "type":"",
                 "visible":true,
                 "width":32,
                 "x":2528,
                 "y":384
                }, 
                {
                 "gid":15,
                 "height":32,
                 "id":104,
                 "name":"Coin",
                 "rotation":0,
                 "type":"",
                 "visible":true,
                 "width":32,
                 "x":2528,
                 "y":352
                }, 
                {
                 "gid":15,
                 "height":32,
                 "id":105,
                 "name":"Coin",
                 "rotation":0,
                 "type":"",
                 "visible":true,
                 "width":32,
                 "x":2528,
                 "y":288
                }, 
                {
                 "gid":15,
                 "height":32,
                 "id":106,
                 "name":"Coin",
                 "rotation":0,
                 "type":"",
                 "visible":true,
                 "width":32,
                 "x":2528,
                 "y":320
                }, 
                {
                 "gid":15,
                 "height":32,
                 "id":107,
                 "name":"Coin",
                 "rotation":0,
                 "type":"",
                 "visible":true,
                 "width":32,
                 "x":2528,
                 "y":256
                }, 
                {
                 "gid":15,
                 "height":32,
                 "id":108,
                 "name":"Coin",
                 "rotation":0,
                 "type":"",
                 "visible":true,
                 "width":32,
                 "x":2528,
                 "y":224
                }, 
                {
                 "gid":15,
                 "height":32,
                 "id":109,
                 "name":"Coin",
                 "rotation":0,
                 "type":"",
                 "visible":true,
                 "width":32,
                 "x":2560,
                 "y":192
                }, 
                {
                 "gid":15,
                 "height":32,
                 "id":110,
                 "name":"Coin",
                 "rotation":0,
                 "type":"",
                 "visible":true,
                 "width":32,
                 "x":2560,
                 "y":224
                }, 
                {
                 "gid":15,
                 "height":32,
                 "id":111,
                 "name":"Coin",
                 "rotation":0,
                 "type":"",
                 "visible":true,
                 "width":32,
                 "x":2560,
                 "y":256
                }, 
                {
                 "gid":15,
                 "height":32,
                 "id":112,
                 "name":"Coin",
                 "rotation":0,
                 "type":"",
                 "visible":true,
                 "width":32,
                 "x":2560,
                 "y":288
                }, 
                {
                 "gid":15,
                 "height":32,
                 "id":113,
                 "name":"Coin",
                 "rotation":0,
                 "type":"",
                 "visible":true,
                 "width":32,
                 "x":2560,
                 "y":320
                }, 
                {
                 "gid":15,
                 "height":32,
                 "id":114,
                 "name":"Coin",
                 "rotation":0,
                 "type":"",
                 "visible":true,
                 "width":32,
                 "x":2560,
                 "y":352
                }, 
                {
                 "gid":15,
                 "height":32,
                 "id":115,
                 "name":"Coin",
                 "rotation":0,
                 "type":"",
                 "visible":true,
                 "width":32,
                 "x":2560,
                 "y":384
                }, 
                {
                 "gid":15,
                 "height":32,
                 "id":116,
                 "name":"Coin",
                 "rotation":0,
                 "type":"",
                 "visible":true,
                 "width":32,
                 "x":2592,
                 "y":384
                }, 
                {
                 "gid":15,
                 "height":32,
                 "id":117,
                 "name":"Coin",
                 "rotation":0,
                 "type":"",
                 "visible":true,
                 "width":32,
                 "x":2592,
                 "y":352
                }, 
                {
                 "gid":15,
                 "height":32,
                 "id":118,
                 "name":"",
                 "rotation":0,
                 "type":"",
                 "visible":true,
                 "width":32,
                 "x":2592,
                 "y":320
                }, 
                {
                 "gid":15,
                 "height":32,
                 "id":119,
                 "name":"Coin",
                 "rotation":0,
                 "type":"",
                 "visible":true,
                 "width":32,
                 "x":2592,
                 "y":320
                }, 
                {
                 "gid":15,
                 "height":32,
                 "id":120,
                 "name":"Coin",
                 "rotation":0,
                 "type":"",
                 "visible":true,
                 "width":32,
                 "x":2592,
                 "y":288
                }, 
                {
                 "gid":15,
                 "height":32,
                 "id":121,
                 "name":"Coin",
                 "rotation":0,
                 "type":"",
                 "visible":true,
                 "width":32,
                 "x":2592,
                 "y":256
                }, 
                {
                 "gid":15,
                 "height":32,
                 "id":122,
                 "name":"Coin",
                 "rotation":0,
                 "type":"",
                 "visible":true,
                 "width":32,
                 "x":2592,
                 "y":224
                }, 
                {
                 "gid":15,
                 "height":32,
                 "id":123,
                 "name":"Coin",
                 "rotation":0,
                 "type":"",
                 "visible":true,
                 "width":32,
                 "x":2592,
                 "y":192
                }, 
                {
                 "gid":15,
                 "height":32,
                 "id":124,
                 "name":"Coin",
                 "rotation":0,
                 "type":"",
                 "visible":true,
                 "width":32,
                 "x":2592,
                 "y":160
                }],
         "opacity":1,
         "type":"objectgroup",
         "visible":true,
         "x":0,
         "y":0
        }],
 "nextobjectid":125,
 "orientation":"orthogonal",
 "renderorder":"left-up",
 "tileheight":32,
 "tilesets":[
        {
         "columns":3,
         "firstgid":1,
         "image":"tiles.png",
         "imageheight":128,
         "imagewidth":96,
         "margin":0,
         "name":"tiles",
         "spacing":0,
         "tilecount":12,
         "tileheight":32,
         "tileproperties":
            {
             "7":
                {
                 "terrain":"block"
                },
             "8":
                {
                 "terrain":"block"
                },
             "9":
                {
                 "terrain":"block"
                }
            },
         "tilepropertytypes":
            {
             "7":
                {
                 "terrain":"string"
                },
             "8":
                {
                 "terrain":"string"
                },
             "9":
                {
                 "terrain":"string"
                }
            },
         "tilewidth":32,
         "transparentcolor":"#ffffff"
        }, 
        {
         "columns":3,
         "firstgid":13,
         "image":"items.png",
         "imageheight":96,
         "imagewidth":96,
         "margin":0,
         "name":"items",
         "spacing":0,
         "tilecount":9,
         "tileheight":32,
         "tilewidth":32,
         "transparentcolor":"#ffffff"
        }],
 "tilewidth":32,
 "type":"map",
 "version":1,
 "width":96
}