{ "height":16,
 "layers":[
        {
         "data":[0, 0, 0, 0, 0, 0, 0, 0, 0, 0, 0, 0, 0, 0, 0, 1, 0, 0, 0, 0, 0, 0, 0, 0, 0, 0, 0, 0, 0, 0, 0, 0, 0, 0, 0, 0, 0, 0, 0, 0, 0, 0, 0, 0, 0, 0, 0, 0, 0, 0, 0, 0, 0, 0, 0, 0, 0, 0, 0, 0, 0, 0, 0, 0, 0, 0, 0, 0, 0, 0, 0, 0, 0, 0, 0, 0, 0, 0, 0, 0, 0, 0, 0, 0, 0, 0, 0, 0, 0, 1, 0, 0, 0, 0, 0, 0, 0, 0, 0, 0, 0, 0, 0, 0, 0, 0, 0, 0, 0, 0, 0, 4, 0, 0, 0, 0, 0, 0, 0, 0, 0, 0, 0, 0, 0, 0, 0, 0, 0, 0, 0, 0, 0, 0, 0, 0, 0, 0, 0, 0, 0, 0, 0, 0, 0, 0, 0, 0, 0, 5, 0, 0, 5, 0, 0, 0, 0, 0, 0, 0, 0, 0, 0, 0, 0, 0, 0, 0, 0, 0, 0, 0, 0, 0, 0, 0, 0, 0, 0, 0, 0, 0, 0, 0, 0, 4, 0, 0, 0, 0, 0, 0, 0, 0, 0, 0, 0, 0, 0, 0, 0, 0, 0, 0, 0, 0, 0, 4, 0, 0, 0, 0, 0, 0, 0, 0, 0, 0, 0, 0, 0, 0, 0, 0, 0, 0, 0, 0, 0, 0, 0, 0, 0, 0, 0, 0, 0, 0, 0, 0, 0, 0, 0, 0, 0, 0, 0, 0, 0, 0, 0, 0, 5, 0, 0, 0, 0, 0, 0, 0, 0, 0, 0, 0, 0, 0, 0, 0, 0, 0, 0, 0, 0, 0, 0, 0, 0, 0, 0, 0, 0, 4, 0, 0, 0, 0, 0, 0, 0, 0, 0, 0, 0, 0, 0, 0, 0, 0, 0, 0, 0, 0, 0, 4, 0, 0, 0, 0, 0, 0, 0, 0, 0, 0, 0, 0, 0, 0, 0, 0, 0, 0, 0, 0, 0, 0, 0, 0, 0, 0, 0, 0, 0, 0, 0, 2, 2, 2, 2, 2, 0, 0, 0, 0, 0, 0, 0, 0, 0, 0, 0, 2, 2, 0, 0, 0, 2, 2, 0, 0, 0, 0, 0, 0, 0, 0, 0, 0, 0, 0, 0, 0, 0, 0, 0, 0, 0, 4, 0, 0, 0, 0, 0, 0, 0, 0, 0, 0, 0, 0, 0, 0, 0, 0, 0, 0, 0, 0, 0, 4, 0, 0, 0, 0, 0, 0, 0, 0, 0, 0, 0, 0, 0, 0, 0, 0, 0, 0, 0, 0, 0, 0, 0, 0, 0, 0, 0, 0, 0, 0, 0, 0, 0, 0, 0, 0, 0, 0, 5, 0, 0, 5, 0, 0, 0, 0, 0, 0, 0, 0, 0, 0, 0, 0, 0, 0, 0, 0, 0, 0, 0, 0, 0, 0, 0, 0, 0, 0, 0, 0, 0, 0, 0, 4, 0, 0, 0, 0, 0, 0, 0, 0, 0, 0, 0, 0, 0, 0, 0, 0, 0, 0, 0, 0, 0, 4, 0, 0, 0, 0, 0, 0, 0, 0, 0, 0, 0, 0, 0, 0, 0, 0, 0, 0, 0, 0, 0, 0, 0, 0, 0, 0, 0, 0, 0, 0, 0, 0, 0, 0, 0, 0, 0, 0, 0, 0, 0, 0, 0, 0, 0, 0, 0, 0, 0, 0, 0, 0, 0, 0, 0, 0, 2, 2, 2, 2, 2, 0, 0, 0, 0, 0, 0, 0, 0, 0, 0, 0, 0, 4, 0, 0, 0, 0, 0, 0, 0, 0, 0, 0, 0, 0, 0, 0, 0, 0, 0, 0, 0, 0, 0, 4, 0, 0, 0, 0, 0, 0, 0, 0, 0, 0, 0, 0, 0, 0, 0, 0, 0, 0, 0, 0, 0, 0, 0, 0, 0, 0, 0, 2, 2, 2, 2, 0, 0, 0, 0, 5, 0, 0, 0, 0, 5, 0, 0, 5, 0, 0, 0, 0, 0, 0, 0, 0, 0, 0, 0, 0, 0, 0, 0, 0, 0, 0, 0, 0, 3, 3, 3, 3, 3, 3, 3, 0, 0, 4, 0, 0, 0, 0, 0, 0, 0, 0, 0, 0, 0, 0, 0, 0, 0, 0, 0, 0, 0, 0, 0, 0, 0, 0, 0, 0, 0, 5, 0, 0, 0, 0, 0, 0, 0, 0, 0, 0, 0, 0, 0, 0, 0, 0, 0, 0, 0, 0, 0, 0, 0, 0, 0, 0, 0, 5, 0, 0, 5, 0, 0, 0, 0, 0, 0, 0, 0, 5, 0, 1, 1, 1, 1, 1, 1, 1, 1, 1, 0, 0, 0, 0, 0, 0, 0, 0, 3, 3, 3, 3, 3, 3, 3, 0, 0, 4, 0, 0, 0, 0, 0, 0, 0, 0, 0, 0, 0, 0, 0, 0, 0, 0, 0, 0, 0, 0, 0, 0, 0, 0, 0, 0, 0, 0, 0, 0, 5, 0, 0, 0, 0, 0, 0, 0, 0, 0, 0, 0, 0, 0, 0, 0, 3, 3, 3, 3, 3, 3, 3, 3, 3, 3, 3, 3, 0, 0, 0, 0, 5, 0, 0, 0, 0, 0, 0, 4, 4, 4, 4, 4, 4, 4, 4, 4, 0, 0, 0, 0, 0, 0, 5, 0, 0, 0, 0, 0, 0, 0, 0, 0, 0, 4, 0, 0, 0, 0, 0, 0, 0, 0, 0, 0, 0, 0, 3, 3, 0, 0, 0, 0, 3, 3, 0, 1, 0, 0, 5, 0, 0, 0, 0, 0, 0, 0, 2, 2, 2, 2, 2, 2, 0, 0, 0, 0, 0, 0, 0, 0, 3, 3, 0, 0, 3, 3, 3, 3, 3, 3, 3, 3, 0, 0, 0, 0, 0, 0, 0, 0, 0, 0, 0, 4, 4, 4, 4, 0, 0, 4, 4, 4, 0, 0, 0, 0, 0, 0, 0, 0, 0, 0, 0, 0, 0, 0, 0, 0, 0, 0, 0, 0, 0, 0, 0, 0, 0, 0, 0, 0, 0, 0, 0, 3, 3, 0, 0, 3, 3, 0, 0, 4, 0, 0, 0, 0, 0, 0, 0, 0, 0, 0, 0, 0, 0, 0, 0, 0, 0, 0, 0, 0, 0, 0, 0, 0, 3, 3, 0, 0, 3, 3, 3, 3, 0, 0, 0, 0, 0, 0, 0, 0, 0, 0, 0, 0, 5, 0, 0, 4, 4, 4, 4, 0, 0, 4, 4, 4, 0, 0, 0, 0, 0, 0, 0, 0, 0, 0, 0, 0, 0, 0, 0, 0, 0, 0, 0, 0, 0, 0, 0, 0, 0, 0, 0, 0, 0, 0, 0, 3, 3, 0, 0, 3, 3, 0, 0, 4, 0, 0, 0, 0, 0, 0, 5, 0, 0, 0, 0, 0, 0, 0, 0, 2, 0, 0, 0, 0, 0, 0, 3, 3, 3, 3, 0, 0, 0, 0, 0, 0, 0, 0, 0, 0, 0, 0, 0, 0, 0, 5, 0, 0, 0, 0, 0, 0, 0, 0, 0, 0, 0, 0, 0, 0, 0, 0, 0, 0, 5, 0, 0, 0, 0, 0, 0, 0, 0, 0, 0, 5, 0, 1, 0, 0, 0, 0, 0, 0, 0, 0, 0, 0, 0, 0, 0, 3, 3, 3, 3, 3, 3, 0, 0, 4, 0, 0, 0, 0, 0, 0, 0, 0, 0, 0, 0, 0, 0, 0, 0, 0, 0, 0, 0, 0, 0, 0, 3, 3, 3, 3, 0, 0, 0, 0, 0, 0, 0, 0, 0, 0, 0, 0, 0, 0, 0, 0, 0, 0, 0, 0, 0, 0, 0, 0, 0, 0, 0, 0, 0, 0, 0, 0, 0, 0, 0, 0, 0, 0, 0, 0, 0, 0, 0, 0, 0, 0, 0, 4, 0, 0, 0, 3, 3, 3, 3, 3, 3, 3, 0, 0, 0, 0, 0, 0, 0, 0, 0, 0, 0, 0, 0, 0, 0, 0, 5, 0, 0, 0, 0, 0, 2, 0, 0, 0, 0, 0, 0, 0, 0, 0, 3, 3, 3, 3, 3, 3, 5, 0, 0, 0, 0, 0, 0, 0, 0, 0, 0, 0, 0, 0, 0, 0, 0, 0, 0, 0, 0, 0, 0, 0, 0, 0, 0, 0, 0, 0, 0, 0, 5, 0, 0, 0, 0, 0, 0, 0, 0, 0, 0, 0, 0, 0, 0, 4, 0, 0, 0, 0, 0, 0, 0, 0, 0, 0, 0, 0, 0, 0, 0, 0, 0, 0, 0, 0, 0, 0, 0, 0, 0, 0, 0, 0, 0, 2, 0, 0, 0, 0, 0, 0, 0, 0, 0, 0, 0, 0, 3, 3, 3, 3, 3, 3, 0, 0, 0, 0, 0, 0, 0, 0, 0, 0, 0, 0, 0, 0, 0, 0, 0, 0, 0, 0, 0, 5, 0, 0, 0, 0, 5, 0, 0, 0, 5, 0, 0, 0, 0, 0, 0, 0, 0, 0, 0, 0, 0, 0, 0, 0, 0, 4, 0, 0, 0, 0, 0, 0, 0, 0, 0, 0, 0, 0, 0, 3, 3, 3, 3, 3, 3, 3, 3, 0, 0, 5, 0, 0, 0, 0, 0, 0, 0, 0, 0, 0, 0, 0, 0, 0, 2, 0, 0, 0, 3, 3, 3, 3, 3, 3, 3, 3, 3, 3, 3, 3, 0, 0, 5, 0, 0, 0, 0, 5, 0, 0, 0, 0, 0, 0, 0, 0, 0, 0, 0, 0, 0, 0, 0, 0, 0, 0, 0, 0, 0, 0, 0, 0, 0, 0, 0, 0, 0, 0, 0, 0, 0, 4, 0, 0, 0, 0, 0, 0],
         "height":16,
         "name":"tiles",
         "opacity":1,
         "type":"tilelayer",
         "visible":true,
         "width":96,
         "x":0,
         "y":0
        }, 
        {
         "draworder":"topdown",
         "name":"items",
         "objects":[
                {
                 "gid":10,
                 "height":32,
                 "id":1,
                 "name":"exit",
                 "rotation":0,
                 "type":"",
                 "visible":true,
                 "width":32,
                 "x":3008,
                 "y":384
                }, 
                {
                 "gid":9,
                 "height":32,
                 "id":2,
                 "name":"spikes",
                 "rotation":0,
                 "type":"",
                 "visible":true,
                 "width":32,
                 "x":2272,
                 "y":512
                }, 
                {
                 "gid":9,
                 "height":32,
                 "id":3,
                 "name":"spikes",
                 "rotation":0,
                 "type":"",
                 "visible":true,
                 "width":32,
                 "x":2240,
                 "y":512
                }, 
                {
                 "gid":9,
                 "height":32,
                 "id":4,
                 "name":"spikes",
                 "rotation":0,
                 "type":"",
                 "visible":true,
                 "width":32,
                 "x":2208,
                 "y":512
                }, 
                {
                 "gid":9,
                 "height":32,
                 "id":5,
                 "name":"spikes",
                 "rotation":0,
                 "type":"",
                 "visible":true,
                 "width":32,
                 "x":2176,
                 "y":512
                }, 
                {
                 "gid":9,
                 "height":32,
                 "id":6,
                 "name":"spikes",
                 "rotation":0,
                 "type":"",
                 "visible":true,
                 "width":32,
                 "x":2144,
                 "y":512
                }, 
                {
                 "gid":9,
                 "height":32,
                 "id":7,
                 "name":"spikes",
                 "rotation":0,
                 "type":"",
                 "visible":true,
                 "width":32,
                 "x":2112,
                 "y":512
                }, 
                {
                 "gid":9,
                 "height":32,
                 "id":8,
                 "name":"spikes",
                 "rotation":0,
                 "type":"",
                 "visible":true,
                 "width":32,
                 "x":2080,
                 "y":512
                }, 
                {
                 "gid":9,
                 "height":32,
                 "id":9,
                 "name":"spikes",
                 "rotation":0,
                 "type":"",
                 "visible":true,
                 "width":32,
                 "x":2048,
                 "y":512
                }, 
                {
                 "gid":9,
                 "height":32,
                 "id":10,
                 "name":"spikes",
                 "rotation":0,
                 "type":"",
                 "visible":true,
                 "width":32,
                 "x":2016,
                 "y":512
                }, 
                {
                 "gid":7,
                 "height":32,
                 "id":14,
                 "name":"coin",
                 "rotation":0,
                 "type":"",
                 "visible":true,
                 "width":32,
                 "x":224,
                 "y":480
                }, 
                {
                 "gid":7,
                 "height":32,
                 "id":15,
                 "name":"coin",
                 "rotation":0,
                 "type":"",
                 "visible":true,
                 "width":32,
                 "x":288,
                 "y":480
                }, 
                {
                 "gid":7,
                 "height":32,
                 "id":16,
                 "name":"coin",
                 "rotation":0,
                 "type":"",
                 "visible":true,
                 "width":32,
                 "x":352,
                 "y":480
                }, 
                {
                 "gid":7,
                 "height":32,
                 "id":17,
                 "name":"coin",
                 "rotation":0,
                 "type":"",
                 "visible":true,
                 "width":32,
                 "x":416,
                 "y":480
                }, 
                {
                 "gid":7,
                 "height":32,
                 "id":18,
                 "name":"coin",
                 "rotation":0,
                 "type":"",
                 "visible":true,
                 "width":32,
                 "x":736,
                 "y":448
                }, 
                {
                 "gid":7,
                 "height":32,
                 "id":19,
                 "name":"coin",
                 "rotation":0,
                 "type":"",
                 "visible":true,
                 "width":32,
                 "x":832,
                 "y":416
                }, 
                {
                 "gid":7,
                 "height":32,
                 "id":21,
                 "name":"coin",
                 "rotation":0,
                 "type":"",
                 "visible":true,
                 "width":32,
                 "x":1024,
                 "y":480
                }, 
                {
                 "gid":1073741833,
                 "height":32,
                 "id":23,
                 "name":"spikes",
                 "rotation":0,
                 "type":"",
                 "visible":true,
                 "width":32,
                 "x":1600,
                 "y":352
                }, 
                {
                 "gid":9,
                 "height":32,
                 "id":24,
                 "name":"spikes",
                 "rotation":0,
                 "type":"",
                 "visible":true,
                 "width":32,
                 "x":1472,
                 "y":480
                }, 
                {
                 "gid":9,
                 "height":32,
                 "id":25,
                 "name":"spikes",
                 "rotation":0,
                 "type":"",
                 "visible":true,
                 "width":32,
                 "x":1376,
                 "y":480
                }, 
                {
                 "gid":8,
                 "height":32,
                 "id":26,
                 "name":"bomb",
                 "rotation":0,
                 "type":"",
                 "visible":true,
                 "width":32,
                 "x":1888,
                 "y":192
                }, 
                {
                 "height":64,
                 "id":27,
                 "name":"enemy",
                 "rotation":0,
                 "type":"",
                 "visible":true,
                 "width":64,
                 "x":2624,
                 "y":128
                }, 
                {
                 "gid":2,
                 "height":32,
                 "id":30,
                 "name":"falling",
                 "rotation":0,
                 "type":"",
                 "visible":true,
                 "width":32,
                 "x":2144,
                 "y":128
                }, 
                {
                 "gid":2,
                 "height":32,
                 "id":31,
                 "name":"falling",
                 "rotation":0,
                 "type":"",
                 "visible":true,
                 "width":32,
                 "x":2112,
                 "y":128
                }, 
                {
                 "gid":2,
                 "height":32,
                 "id":32,
                 "name":"falling",
                 "rotation":0,
                 "type":"",
                 "visible":true,
                 "width":32,
                 "x":2080,
                 "y":128
                }, 
                {
                 "gid":9,
                 "height":32,
                 "id":36,
                 "name":"spikes",
                 "rotation":0,
                 "type":"",
                 "visible":true,
                 "width":32,
                 "x":2144,
                 "y":224
                }, 
                {
                 "gid":9,
                 "height":32,
                 "id":37,
                 "name":"spikes",
                 "rotation":0,
                 "type":"",
                 "visible":true,
                 "width":32,
                 "x":2080,
                 "y":224
                }, 
                {
                 "gid":9,
                 "height":32,
                 "id":38,
                 "name":"spikes",
                 "rotation":0,
                 "type":"",
                 "visible":true,
                 "width":32,
                 "x":2112,
                 "y":224
                }, 
                {
                 "height":64,
                 "id":40,
                 "name":"enemy",
                 "rotation":0,
                 "type":"",
                 "visible":true,
                 "width":64,
                 "x":1536,
                 "y":32
                }, 
                {
                 "gid":7,
                 "height":32,
                 "id":42,
                 "name":"coin",
                 "rotation":0,
                 "type":"",
                 "visible":true,
                 "width":32,
                 "x":1408,
                 "y":192
                }, 
                {
                 "gid":7,
                 "height":32,
                 "id":43,
                 "name":"coin",
                 "rotation":0,
                 "type":"",
                 "visible":true,
                 "width":32,
                 "x":1472,
                 "y":192
                }, 
                {
                 "height":64,
                 "id":44,
                 "name":"player",
                 "rotation":0,
                 "type":"",
                 "visible":true,
                 "width":64,
                 "x":32,
                 "y":288
                }, 
                {
                 "gid":8,
                 "height":32,
                 "id":46,
                 "name":"bomb",
                 "rotation":0,
                 "type":"",
                 "visible":true,
                 "width":32,
                 "x":864,
                 "y":288
                }, 
                {
                 "gid":8,
                 "height":32,
                 "id":49,
                 "name":"bomb",
                 "rotation":0,
                 "type":"",
                 "visible":true,
                 "width":32,
                 "x":960,
                 "y":288
                }, 
                {
                 "gid":7,
                 "height":32,
                 "id":50,
                 "name":"coin",
                 "rotation":0,
                 "type":"",
                 "visible":true,
                 "width":32,
                 "x":2432,
                 "y":352
                }, 
                {
                 "gid":7,
                 "height":32,
                 "id":51,
                 "name":"coin",
                 "rotation":0,
                 "type":"",
                 "visible":true,
                 "width":32,
                 "x":2848,
                 "y":352
                }, 
                {
                 "gid":7,
                 "height":32,
                 "id":53,
                 "name":"coin",
                 "rotation":0,
                 "type":"",
                 "visible":true,
                 "width":32,
                 "x":2144,
                 "y":96
                }, 
                {
                 "gid":7,
                 "height":32,
                 "id":54,
                 "name":"coin",
                 "rotation":0,
                 "type":"",
                 "visible":true,
                 "width":32,
                 "x":2112,
                 "y":96
                }, 
                {
                 "gid":7,
                 "height":32,
                 "id":55,
                 "name":"coin",
                 "rotation":0,
                 "type":"",
                 "visible":true,
                 "width":32,
                 "x":2080,
                 "y":96
                }, 
                {
                 "height":64,
                 "id":56,
                 "name":"enemy",
                 "rotation":0,
                 "type":"",
                 "visible":true,
                 "width":64,
                 "x":2336,
                 "y":96
                }, 
                {
                 "gid":8,
                 "height":32,
                 "id":57,
                 "name":"bomb",
                 "rotation":0,
                 "type":"",
                 "visible":true,
                 "width":32,
                 "x":2368,
                 "y":416
                }, 
                {
                 "gid":1073741833,
                 "height":32,
                 "id":58,
                 "name":"spikes",
                 "rotation":0,
                 "type":"",
                 "visible":true,
                 "width":32,
                 "x":1568,
                 "y":352
                }, 
                {
                 "gid":1073741833,
                 "height":32,
                 "id":59,
                 "name":"spikes",
                 "rotation":0,
                 "type":"",
                 "visible":true,
                 "width":32,
                 "x":1536,
                 "y":352
                }, 
                {
                 "gid":7,
                 "height":32,
                 "id":60,
                 "name":"coin",
                 "rotation":0,
                 "type":"",
                 "visible":true,
                 "width":32,
                 "x":288,
                 "y":384
                }, 
                {
                 "gid":7,
                 "height":32,
                 "id":61,
                 "name":"coin",
                 "rotation":0,
                 "type":"",
                 "visible":true,
                 "width":32,
                 "x":320,
                 "y":384
                }, 
                {
                 "gid":7,
                 "height":32,
                 "id":62,
                 "name":"coin",
                 "rotation":0,
                 "type":"",
                 "visible":true,
                 "width":32,
                 "x":288,
                 "y":352
                }, 
                {
                 "gid":7,
                 "height":32,
                 "id":63,
                 "name":"coin",
                 "rotation":0,
                 "type":"",
                 "visible":true,
                 "width":32,
                 "x":320,
                 "y":352
                }, 
                {
                 "gid":7,
                 "height":32,
                 "id":64,
                 "name":"coin",
                 "rotation":0,
                 "type":"",
                 "visible":true,
                 "width":32,
                 "x":1344,
                 "y":320
                }, 
                {
                 "gid":7,
                 "height":32,
                 "id":65,
                 "name":"coin",
                 "rotation":0,
                 "type":"",
                 "visible":true,
                 "width":32,
                 "x":1376,
                 "y":320
                }, 
                {
                 "gid":7,
                 "height":32,
                 "id":66,
                 "name":"coin",
                 "rotation":0,
                 "type":"",
                 "visible":true,
                 "width":32,
                 "x":2144,
                 "y":320
                }, 
                {
                 "gid":7,
                 "height":32,
                 "id":67,
                 "name":"coin",
                 "rotation":0,
                 "type":"",
                 "visible":true,
                 "width":32,
                 "x":2176,
                 "y":320
                }],
         "opacity":1,
         "type":"objectgroup",
         "visible":true,
         "x":0,
         "y":0
        }],
 "nextobjectid":68,
 "orientation":"orthogonal",
 "renderorder":"left-up",
 "tileheight":32,
 "tilesets":[
        {
         "columns":2,
         "firstgid":1,
         "image":"tiles.png",
         "imageheight":96,
         "imagewidth":64,
         "margin":0,
         "name":"tiles",
         "spacing":0,
         "tilecount":6,
         "tileheight":32,
         "tileproperties":
            {
             "0":
                {
                 "terrain":"block"
                },
             "1":
                {
                 "terrain":"block"
                },
             "2":
                {
                 "terrain":"block"
                },
             "3":
                {
                 "terrain":"block"
                },
             "4":
                {
                 "terrain":"block"
                }
            },
         "tilepropertytypes":
            {
             "0":
                {
                 "terrain":"string"
                },
             "1":
                {
                 "terrain":"string"
                },
             "2":
                {
                 "terrain":"string"
                },
             "3":
                {
                 "terrain":"string"
                },
             "4":
                {
                 "terrain":"string"
                }
            },
         "tilewidth":32
        }, 
        {
         "columns":2,
         "firstgid":7,
         "image":"items.png",
         "imageheight":96,
         "imagewidth":64,
         "margin":0,
         "name":"items",
         "spacing":0,
         "tilecount":6,
         "tileheight":32,
         "tilewidth":32
        }],
 "tilewidth":32,
 "type":"map",
 "version":1,
 "width":96
}