{ "height":16,
 "layers":[
        {
         "data":[0, 0, 0, 0, 0, 0, 0, 0, 0, 0, 0, 0, 0, 0, 0, 0, 0, 0, 0, 0, 0, 0, 0, 0, 0, 0, 0, 0, 0, 0, 0, 0, 0, 0, 0, 0, 0, 0, 0, 0, 0, 0, 0, 0, 0, 0, 0, 0, 0, 0, 0, 0, 0, 0, 0, 0, 0, 0, 0, 0, 1, 1, 1, 1, 0, 0, 0, 0, 0, 5, 0, 0, 0, 0, 0, 5, 0, 0, 0, 0, 0, 0, 0, 0, 0, 0, 0, 0, 0, 0, 0, 0, 0, 0, 0, 0, 0, 0, 0, 0, 0, 0, 0, 0, 0, 0, 0, 0, 0, 0, 0, 0, 0, 0, 0, 0, 0, 0, 0, 0, 0, 0, 0, 0, 0, 0, 0, 0, 0, 0, 0, 0, 0, 0, 0, 0, 0, 0, 0, 0, 0, 0, 0, 0, 0, 0, 0, 0, 0, 0, 0, 0, 0, 0, 0, 0, 4, 0, 0, 0, 0, 0, 0, 0, 0, 0, 0, 0, 0, 0, 0, 0, 0, 0, 0, 0, 0, 0, 0, 0, 0, 0, 0, 0, 0, 0, 0, 0, 0, 0, 0, 0, 0, 0, 0, 0, 0, 0, 0, 0, 0, 0, 0, 0, 0, 0, 0, 0, 0, 0, 0, 0, 0, 0, 0, 0, 0, 0, 0, 0, 0, 0, 0, 0, 0, 0, 0, 0, 0, 0, 0, 0, 0, 0, 0, 0, 0, 0, 0, 0, 0, 0, 0, 0, 0, 0, 0, 0, 0, 0, 0, 0, 4, 0, 0, 0, 0, 0, 0, 0, 0, 0, 0, 0, 0, 0, 0, 0, 0, 0, 0, 0, 0, 0, 0, 0, 0, 0, 0, 0, 0, 0, 0, 0, 0, 0, 0, 0, 0, 0, 0, 0, 0, 0, 0, 0, 0, 0, 0, 0, 0, 0, 0, 0, 0, 0, 0, 0, 0, 0, 0, 0, 0, 0, 0, 0, 0, 0, 0, 0, 0, 0, 0, 0, 0, 0, 0, 0, 0, 0, 0, 0, 0, 0, 0, 0, 0, 0, 0, 0, 0, 0, 0, 0, 0, 0, 0, 0, 4, 4, 4, 4, 0, 0, 5, 0, 0, 0, 0, 0, 5, 0, 0, 0, 5, 0, 2, 2, 2, 2, 2, 0, 0, 0, 5, 0, 0, 0, 0, 0, 0, 0, 0, 0, 0, 0, 0, 0, 0, 0, 0, 0, 0, 0, 0, 0, 0, 0, 0, 0, 0, 0, 0, 0, 0, 0, 0, 0, 0, 0, 0, 0, 0, 0, 0, 0, 0, 0, 0, 0, 0, 0, 0, 0, 0, 0, 0, 0, 0, 0, 0, 0, 0, 5, 0, 0, 0, 0, 0, 0, 0, 0, 0, 0, 0, 0, 0, 0, 5, 0, 0, 0, 0, 5, 0, 0, 0, 0, 0, 0, 0, 0, 0, 0, 0, 0, 0, 0, 0, 0, 0, 0, 0, 0, 0, 0, 0, 0, 0, 0, 0, 0, 0, 0, 0, 0, 0, 0, 0, 0, 0, 0, 0, 0, 0, 0, 0, 0, 0, 2, 0, 0, 1, 1, 1, 1, 1, 1, 0, 0, 0, 0, 0, 0, 0, 0, 0, 0, 0, 0, 0, 0, 0, 0, 5, 0, 0, 0, 0, 0, 0, 0, 5, 0, 0, 0, 0, 0, 0, 0, 0, 0, 0, 0, 0, 0, 0, 0, 0, 0, 0, 5, 0, 0, 0, 5, 0, 0, 0, 0, 0, 0, 0, 0, 0, 0, 0, 0, 0, 5, 0, 0, 0, 0, 0, 0, 0, 0, 0, 0, 0, 0, 0, 0, 0, 0, 0, 0, 0, 0, 0, 0, 0, 0, 0, 0, 0, 0, 4, 4, 4, 4, 4, 4, 0, 0, 0, 0, 0, 0, 0, 0, 0, 0, 0, 0, 0, 0, 0, 0, 0, 0, 0, 0, 0, 0, 0, 0, 0, 0, 0, 0, 0, 0, 0, 0, 0, 0, 0, 0, 0, 0, 0, 0, 0, 0, 0, 0, 5, 0, 5, 0, 0, 0, 0, 0, 0, 0, 0, 0, 0, 0, 0, 0, 0, 0, 0, 0, 0, 0, 0, 0, 0, 0, 0, 0, 0, 0, 0, 0, 0, 0, 0, 0, 0, 0, 0, 0, 2, 0, 0, 0, 0, 0, 4, 4, 4, 4, 4, 4, 0, 0, 0, 0, 0, 0, 0, 0, 0, 0, 0, 0, 0, 0, 0, 0, 0, 0, 0, 0, 0, 0, 0, 0, 0, 0, 5, 0, 0, 0, 0, 0, 0, 0, 0, 0, 0, 0, 0, 0, 0, 0, 0, 0, 0, 0, 0, 0, 0, 0, 0, 0, 0, 0, 0, 0, 0, 0, 0, 0, 0, 0, 0, 0, 0, 0, 0, 0, 0, 0, 0, 0, 0, 0, 0, 0, 0, 0, 0, 0, 0, 0, 0, 0, 0, 0, 0, 0, 0, 0, 4, 4, 4, 4, 4, 4, 0, 0, 0, 0, 0, 0, 0, 0, 0, 0, 0, 0, 3, 3, 0, 0, 0, 0, 0, 0, 0, 0, 0, 0, 0, 0, 0, 0, 0, 0, 0, 0, 0, 0, 1, 1, 1, 1, 1, 1, 0, 0, 0, 0, 0, 0, 0, 0, 0, 0, 0, 0, 0, 0, 0, 0, 0, 0, 0, 0, 0, 0, 0, 5, 0, 0, 0, 0, 0, 0, 0, 0, 0, 0, 0, 0, 0, 0, 0, 0, 0, 0, 0, 0, 0, 0, 0, 0, 0, 0, 4, 4, 4, 4, 4, 4, 0, 0, 0, 0, 0, 0, 0, 0, 0, 0, 0, 0, 3, 3, 0, 0, 0, 0, 0, 0, 0, 0, 0, 0, 0, 0, 0, 0, 0, 0, 0, 0, 0, 0, 0, 0, 0, 0, 0, 0, 0, 0, 0, 0, 0, 0, 0, 0, 0, 0, 0, 0, 0, 0, 0, 0, 0, 0, 0, 0, 0, 0, 0, 0, 0, 0, 0, 0, 0, 0, 0, 0, 0, 0, 0, 0, 0, 0, 0, 2, 0, 0, 0, 0, 0, 0, 0, 0, 0, 0, 4, 4, 4, 4, 4, 4, 0, 0, 0, 0, 0, 0, 0, 0, 0, 0, 3, 3, 3, 3, 0, 0, 0, 0, 0, 0, 0, 0, 0, 0, 0, 0, 0, 0, 0, 0, 1, 1, 1, 0, 0, 0, 0, 0, 0, 0, 0, 0, 0, 0, 0, 0, 0, 0, 0, 0, 0, 0, 0, 0, 0, 0, 0, 0, 0, 0, 0, 0, 0, 0, 0, 0, 0, 0, 0, 0, 0, 0, 0, 0, 0, 0, 0, 0, 0, 0, 0, 0, 0, 0, 0, 0, 0, 0, 0, 0, 4, 4, 4, 4, 4, 4, 0, 0, 0, 0, 0, 0, 0, 0, 0, 0, 3, 3, 3, 3, 0, 0, 0, 0, 0, 0, 0, 0, 0, 0, 0, 0, 0, 0, 0, 0, 4, 4, 4, 0, 0, 0, 0, 0, 0, 0, 0, 0, 0, 2, 2, 2, 0, 0, 0, 0, 0, 0, 0, 0, 0, 0, 0, 0, 0, 0, 0, 0, 0, 0, 0, 0, 10, 0, 0, 0, 0, 0, 0, 0, 0, 0, 0, 0, 0, 0, 0, 0, 0, 0, 0, 0, 0, 0, 0, 0, 4, 4, 4, 4, 4, 4, 0, 0, 0, 0, 0, 0, 0, 0, 3, 3, 3, 3, 3, 3, 0, 0, 0, 0, 0, 0, 0, 0, 0, 0, 0, 0, 0, 0, 0, 0, 4, 4, 4, 0, 0, 0, 0, 0, 0, 0, 0, 0, 0, 0, 0, 0, 0, 0, 0, 0, 0, 0, 0, 0, 0, 0, 0, 0, 0, 0, 0, 0, 0, 3, 3, 3, 3, 3, 2, 2, 2, 2, 2, 2, 2, 0, 0, 0, 0, 0, 0, 0, 0, 0, 0, 0, 0, 0, 0, 0, 4, 4, 4, 4, 0, 0, 0, 0, 0, 0, 0, 0, 0, 0, 3, 3, 3, 3, 3, 3, 0, 0, 0, 0, 0, 0, 0, 0, 0, 0, 0, 0, 0, 0, 0, 0, 4, 4, 4, 0, 0, 0, 0, 0, 0, 0, 0, 0, 0, 0, 0, 0, 0, 0, 0, 2, 2, 2, 0, 0, 0, 0, 0, 0, 0, 0, 5, 0, 0, 0, 0, 0, 0, 0, 0, 0, 0, 0, 0, 0, 0, 0, 0, 0, 0, 0, 0, 0, 0, 0, 0, 0, 0, 0, 0, 0, 4, 4, 4, 4, 0, 0, 0, 0, 0, 0, 0, 0, 3, 3, 3, 3, 3, 3, 3, 3, 0, 0, 0, 0, 0, 0, 0, 0, 0, 0, 0, 0, 0, 0, 0, 0, 4, 4, 4, 0, 0, 0, 0, 0, 0, 0, 0, 0, 0, 0, 0, 0, 0, 0, 0, 0, 0, 0, 0, 0, 0, 5, 0, 0, 0, 0, 0, 0, 0, 0, 0, 0, 0, 0, 0, 0, 0, 0, 0, 0, 0, 0, 0, 0, 0, 0, 0, 0, 0, 0, 0, 0, 0, 0, 0, 0, 4, 4, 4, 4, 3, 3, 3, 3, 3, 0, 0, 0, 3, 3, 3, 3, 3, 3, 3, 3, 0, 0, 0, 0, 0, 0, 0, 0, 0, 0, 0, 0, 0, 0, 0, 0, 4, 4, 4, 0, 0, 0, 0, 0, 0, 0, 0, 0, 0, 0, 0, 0, 0, 0, 0, 0, 0, 0, 0, 0, 0, 0, 0, 0, 0, 0, 0, 0, 0, 0, 0, 0, 0, 0],
         "height":16,
         "name":"tiles",
         "opacity":1,
         "type":"tilelayer",
         "visible":true,
         "width":96,
         "x":0,
         "y":0
        }, 
        {
         "draworder":"topdown",
         "name":"items",
         "objects":[
                {
                 "height":73,
                 "id":1,
                 "name":"player",
                 "rotation":0,
                 "type":"",
                 "visible":true,
                 "width":71,
                 "x":35,
                 "y":260
                }, 
                {
                 "gid":10,
                 "height":32,
                 "id":2,
                 "name":"exit",
                 "rotation":0,
                 "type":"",
                 "visible":true,
                 "width":32,
                 "x":3008,
                 "y":384
                }, 
                {
                 "gid":9,
                 "height":32,
                 "id":5,
                 "name":"spikes",
                 "rotation":0,
                 "type":"",
                 "visible":true,
                 "width":32,
                 "x":608,
                 "y":160
                }, 
                {
                 "gid":9,
                 "height":32,
                 "id":6,
                 "name":"spikes",
                 "rotation":0,
                 "type":"",
                 "visible":true,
                 "width":32,
                 "x":1664,
                 "y":160
                }, 
                {
                 "gid":8,
                 "height":32,
                 "id":7,
                 "name":"bomb",
                 "rotation":0,
                 "type":"",
                 "visible":true,
                 "width":32,
                 "x":2048,
                 "y":128
                }, 
                {
                 "gid":7,
                 "height":32,
                 "id":9,
                 "name":"coin",
                 "rotation":0,
                 "type":"",
                 "visible":true,
                 "width":32,
                 "x":2272,
                 "y":352
                }, 
                {
                 "gid":7,
                 "height":32,
                 "id":10,
                 "name":"coin",
                 "rotation":0,
                 "type":"",
                 "visible":true,
                 "width":32,
                 "x":2304,
                 "y":352
                }, 
                {
                 "gid":7,
                 "height":32,
                 "id":11,
                 "name":"coin",
                 "rotation":0,
                 "type":"",
                 "visible":true,
                 "width":32,
                 "x":2336,
                 "y":352
                }, 
                {
                 "gid":7,
                 "height":32,
                 "id":12,
                 "name":"coin",
                 "rotation":0,
                 "type":"",
                 "visible":true,
                 "width":32,
                 "x":2304,
                 "y":352
                }, 
                {
                 "gid":7,
                 "height":32,
                 "id":18,
                 "name":"coin",
                 "rotation":0,
                 "type":"",
                 "visible":true,
                 "width":32,
                 "x":1728,
                 "y":224
                }, 
                {
                 "gid":7,
                 "height":32,
                 "id":19,
                 "name":"coin",
                 "rotation":0,
                 "type":"",
                 "visible":true,
                 "width":32,
                 "x":1248,
                 "y":320
                }, 
                {
                 "gid":8,
                 "height":32,
                 "id":20,
                 "name":"bomb",
                 "rotation":0,
                 "type":"",
                 "visible":true,
                 "width":32,
                 "x":800,
                 "y":160
                }, 
                {
                 "gid":7,
                 "height":32,
                 "id":21,
                 "name":"coin",
                 "rotation":0,
                 "type":"",
                 "visible":true,
                 "width":32,
                 "x":192,
                 "y":416
                }, 
                {
                 "gid":9,
                 "height":32,
                 "id":24,
                 "name":"spikes",
                 "rotation":0,
                 "type":"",
                 "visible":true,
                 "width":32,
                 "x":2560,
                 "y":96
                }, 
                {
                 "height":64,
                 "id":26,
                 "name":"enemy",
                 "rotation":0,
                 "type":"",
                 "visible":true,
                 "width":64,
                 "x":1088,
                 "y":352
                }, 
                {
                 "height":64,
                 "id":28,
                 "name":"enemy",
                 "rotation":0,
                 "type":"",
                 "visible":true,
                 "width":64,
                 "x":2912,
                 "y":320
                }, 
                {
                 "gid":9,
                 "height":32,
                 "id":29,
                 "name":"spikes",
                 "rotation":0,
                 "type":"",
                 "visible":true,
                 "width":32,
                 "x":896,
                 "y":384
                }, 
                {
                 "gid":9,
                 "height":32,
                 "id":30,
                 "name":"spikes",
                 "rotation":0,
                 "type":"",
                 "visible":true,
                 "width":32,
                 "x":928,
                 "y":384
                }, 
                {
                 "gid":1073741833,
                 "height":32,
                 "id":32,
                 "name":"spikes",
                 "rotation":0,
                 "type":"",
                 "visible":true,
                 "width":32,
                 "x":896,
                 "y":416
                }, 
                {
                 "gid":1073741833,
                 "height":32,
                 "id":33,
                 "name":"spikes",
                 "rotation":0,
                 "type":"",
                 "visible":true,
                 "width":32,
                 "x":928,
                 "y":416
                }, 
                {
                 "gid":9,
                 "height":32,
                 "id":34,
                 "name":"spikes",
                 "rotation":0,
                 "type":"",
                 "visible":true,
                 "width":32,
                 "x":2592,
                 "y":96
                }, 
                {
                 "gid":9,
                 "height":32,
                 "id":35,
                 "name":"spikes",
                 "rotation":0,
                 "type":"",
                 "visible":true,
                 "width":32,
                 "x":2528,
                 "y":96
                }, 
                {
                 "gid":9,
                 "height":32,
                 "id":36,
                 "name":"spikes",
                 "rotation":0,
                 "type":"",
                 "visible":true,
                 "width":32,
                 "x":2496,
                 "y":96
                }, 
                {
                 "gid":9,
                 "height":32,
                 "id":37,
                 "name":"spikes",
                 "rotation":0,
                 "type":"",
                 "visible":true,
                 "width":32,
                 "x":2624,
                 "y":96
                }, 
                {
                 "height":64,
                 "id":38,
                 "name":"enemy",
                 "rotation":0,
                 "type":"",
                 "visible":true,
                 "width":64,
                 "x":2496,
                 "y":352
                }, 
                {
                 "gid":7,
                 "height":32,
                 "id":39,
                 "name":"coin",
                 "rotation":0,
                 "type":"",
                 "visible":true,
                 "width":32,
                 "x":1952,
                 "y":64
                }, 
                {
                 "gid":7,
                 "height":32,
                 "id":40,
                 "name":"coin",
                 "rotation":0,
                 "type":"",
                 "visible":true,
                 "width":32,
                 "x":1984,
                 "y":64
                }, 
                {
                 "gid":7,
                 "height":32,
                 "id":41,
                 "name":"coin",
                 "rotation":0,
                 "type":"",
                 "visible":true,
                 "width":32,
                 "x":832,
                 "y":448
                }, 
                {
                 "gid":7,
                 "height":32,
                 "id":42,
                 "name":"coin",
                 "rotation":0,
                 "type":"",
                 "visible":true,
                 "width":32,
                 "x":864,
                 "y":448
                }, 
                {
                 "gid":7,
                 "height":32,
                 "id":43,
                 "name":"coin",
                 "rotation":0,
                 "type":"",
                 "visible":true,
                 "width":32,
                 "x":832,
                 "y":480
                }, 
                {
                 "gid":7,
                 "height":32,
                 "id":44,
                 "name":"coin",
                 "rotation":0,
                 "type":"",
                 "visible":true,
                 "width":32,
                 "x":864,
                 "y":480
                }, 
                {
                 "gid":7,
                 "height":32,
                 "id":45,
                 "name":"coin",
                 "rotation":0,
                 "type":"",
                 "visible":true,
                 "width":32,
                 "x":1952,
                 "y":96
                }, 
                {
                 "gid":7,
                 "height":32,
                 "id":46,
                 "name":"coin",
                 "rotation":0,
                 "type":"",
                 "visible":true,
                 "width":32,
                 "x":1984,
                 "y":96
                }],
         "opacity":1,
         "type":"objectgroup",
         "visible":true,
         "x":0,
         "y":0
        }],
 "nextobjectid":47,
 "orientation":"orthogonal",
 "renderorder":"left-up",
 "tileheight":32,
 "tilesets":[
        {
         "columns":2,
         "firstgid":1,
         "image":"tiles.png",
         "imageheight":96,
         "imagewidth":64,
         "margin":0,
         "name":"tiles",
         "spacing":0,
         "tilecount":6,
         "tileheight":32,
         "tileproperties":
            {
             "0":
                {
                 "terrain":"block"
                },
             "1":
                {
                 "terrain":"block"
                },
             "2":
                {
                 "terrain":"block"
                },
             "3":
                {
                 "terrain":"block"
                },
             "4":
                {
                 "terrain":"block"
                }
            },
         "tilepropertytypes":
            {
             "0":
                {
                 "terrain":"string"
                },
             "1":
                {
                 "terrain":"string"
                },
             "2":
                {
                 "terrain":"string"
                },
             "3":
                {
                 "terrain":"string"
                },
             "4":
                {
                 "terrain":"string"
                }
            },
         "tilewidth":32
        }, 
        {
         "columns":2,
         "firstgid":7,
         "image":"items.png",
         "imageheight":96,
         "imagewidth":64,
         "margin":0,
         "name":"items",
         "spacing":0,
         "tilecount":6,
         "tileheight":32,
         "tilewidth":32
        }],
 "tilewidth":32,
 "type":"map",
 "version":1,
 "width":96
}