{ "height":16,
 "layers":[
        {
         "data":[0, 0, 0, 0, 0, 0, 0, 0, 0, 0, 0, 0, 0, 0, 0, 0, 0, 0, 0, 0, 0, 0, 0, 0, 0, 0, 0, 0, 0, 0, 0, 0, 0, 0, 0, 0, 0, 0, 0, 0, 0, 0, 0, 0, 0, 0, 0, 0, 0, 0, 0, 0, 0, 0, 0, 0, 0, 0, 0, 0, 0, 0, 0, 0, 0, 0, 0, 0, 0, 0, 0, 0, 0, 0, 0, 0, 0, 0, 0, 0, 0, 0, 0, 0, 0, 0, 0, 0, 0, 0, 0, 0, 0, 0, 0, 0, 0, 0, 0, 0, 0, 0, 0, 0, 0, 0, 0, 0, 0, 0, 0, 0, 0, 0, 0, 0, 0, 0, 0, 0, 0, 0, 0, 0, 0, 0, 0, 0, 0, 0, 0, 0, 0, 0, 0, 0, 0, 0, 0, 0, 0, 0, 0, 0, 0, 0, 0, 0, 0, 0, 0, 0, 0, 0, 0, 0, 0, 0, 0, 0, 0, 0, 0, 0, 0, 0, 0, 0, 0, 0, 0, 0, 0, 0, 0, 0, 0, 0, 0, 0, 0, 0, 0, 0, 0, 0, 0, 0, 0, 0, 0, 0, 0, 0, 0, 0, 0, 0, 0, 0, 0, 0, 0, 0, 0, 0, 0, 0, 0, 0, 0, 0, 0, 0, 0, 0, 0, 0, 0, 0, 0, 0, 0, 0, 0, 0, 0, 0, 0, 0, 0, 0, 0, 0, 0, 0, 0, 0, 0, 0, 0, 0, 0, 0, 0, 0, 0, 0, 0, 0, 0, 0, 0, 0, 0, 0, 0, 0, 0, 0, 0, 0, 0, 0, 0, 0, 0, 0, 0, 0, 0, 0, 0, 0, 0, 0, 0, 0, 0, 0, 0, 0, 0, 0, 0, 0, 0, 0, 0, 0, 0, 0, 0, 0, 0, 0, 0, 0, 0, 0, 0, 0, 0, 0, 0, 0, 0, 0, 0, 0, 0, 0, 0, 0, 0, 0, 0, 0, 0, 0, 0, 0, 0, 0, 0, 0, 0, 0, 0, 0, 0, 0, 0, 0, 0, 0, 0, 0, 0, 0, 0, 0, 0, 0, 0, 0, 0, 0, 0, 0, 0, 0, 0, 0, 0, 0, 0, 0, 0, 0, 0, 0, 0, 0, 0, 0, 0, 0, 0, 0, 0, 0, 0, 0, 0, 0, 0, 0, 0, 0, 0, 0, 0, 0, 0, 0, 0, 0, 0, 0, 0, 0, 0, 0, 0, 0, 0, 0, 0, 0, 0, 0, 0, 0, 0, 0, 0, 0, 0, 0, 0, 0, 0, 0, 0, 0, 0, 0, 0, 0, 0, 0, 0, 0, 0, 0, 0, 0, 0, 0, 0, 0, 0, 0, 0, 0, 0, 0, 0, 0, 4, 4, 4, 4, 4, 4, 0, 0, 0, 0, 0, 0, 0, 0, 0, 0, 0, 0, 0, 0, 0, 0, 0, 0, 0, 0, 0, 0, 0, 0, 0, 0, 0, 0, 0, 0, 0, 0, 0, 0, 0, 0, 0, 0, 0, 0, 0, 0, 0, 0, 0, 0, 0, 0, 0, 0, 0, 0, 0, 0, 0, 0, 0, 0, 0, 0, 0, 0, 0, 0, 0, 0, 0, 0, 0, 0, 0, 0, 0, 0, 0, 0, 0, 0, 0, 0, 0, 10, 0, 0, 0, 0, 0, 0, 4, 4, 4, 4, 4, 4, 4, 4, 0, 0, 0, 0, 0, 0, 0, 0, 0, 0, 0, 0, 0, 0, 0, 0, 0, 0, 0, 0, 0, 0, 0, 0, 0, 0, 0, 0, 0, 0, 0, 0, 0, 0, 0, 0, 0, 0, 0, 0, 0, 0, 0, 0, 0, 0, 0, 0, 0, 0, 0, 0, 0, 0, 0, 0, 0, 0, 0, 0, 0, 0, 0, 0, 0, 0, 0, 0, 0, 0, 0, 0, 0, 0, 0, 0, 0, 0, 0, 0, 0, 0, 0, 0, 0, 0, 4, 4, 4, 4, 4, 4, 4, 4, 4, 4, 0, 0, 0, 0, 0, 0, 0, 0, 0, 0, 0, 0, 0, 0, 0, 0, 0, 0, 0, 0, 0, 0, 0, 10, 10, 10, 10, 10, 10, 10, 10, 10, 10, 0, 0, 0, 0, 0, 0, 0, 0, 0, 0, 0, 0, 0, 0, 0, 0, 0, 0, 0, 0, 0, 0, 0, 0, 0, 0, 0, 0, 0, 0, 0, 0, 0, 0, 0, 0, 0, 4, 4, 4, 4, 4, 4, 4, 0, 0, 0, 0, 0, 0, 0, 4, 4, 4, 4, 4, 4, 4, 4, 4, 4, 4, 4, 0, 0, 0, 0, 0, 0, 0, 0, 0, 0, 0, 0, 0, 0, 0, 0, 0, 0, 0, 0, 0, 10, 10, 0, 0, 0, 0, 0, 0, 0, 0, 0, 0, 0, 0, 0, 0, 0, 0, 0, 0, 0, 0, 0, 0, 0, 0, 0, 0, 0, 0, 0, 0, 0, 0, 0, 0, 0, 0, 0, 0, 0, 0, 0, 0, 0, 0, 0, 4, 4, 4, 0, 0, 0, 0, 0, 0, 4, 4, 0, 0, 0, 0, 0, 0, 0, 4, 4, 4, 4, 4, 4, 4, 4, 4, 4, 0, 0, 0, 0, 0, 0, 0, 0, 0, 0, 0, 0, 0, 0, 0, 0, 0, 0, 0, 10, 10, 0, 0, 0, 0, 0, 0, 0, 0, 0, 0, 0, 0, 0, 0, 0, 0, 0, 0, 0, 0, 0, 0, 0, 0, 0, 0, 0, 0, 0, 0, 0, 0, 0, 4, 0, 0, 0, 0, 0, 0, 0, 0, 0, 0, 0, 0, 0, 0, 0, 0, 0, 0, 0, 0, 0, 0, 0, 0, 0, 0, 0, 0, 0, 0, 0, 4, 4, 4, 4, 4, 4, 4, 4, 4, 4, 0, 0, 0, 0, 0, 0, 0, 0, 0, 0, 0, 0, 0, 0, 0, 0, 0, 0, 0, 0, 0, 0, 0, 0, 0, 0, 0, 0, 0, 0, 0, 0, 0, 0, 0, 0, 0, 0, 0, 0, 0, 0, 0, 0, 0, 0, 0, 0, 0, 0, 0, 0, 0, 0, 0, 0, 0, 0, 0, 0, 0, 0, 0, 0, 0, 0, 0, 0, 0, 0, 0, 0, 0, 0, 0, 0, 0, 0, 0, 0, 0, 0, 0, 0, 0, 0, 4, 4, 4, 4, 4, 4, 4, 4, 4, 4, 0, 0, 0, 0, 4, 0, 0, 0, 0, 4, 4, 4, 4, 0, 0, 0, 10, 10, 0, 0, 0, 0, 0, 0, 0, 0, 0, 0, 0, 0, 0, 0, 0, 0, 0, 0, 0, 0, 0, 0, 0, 0, 0, 0, 0, 0, 0, 0, 0, 0, 4, 0, 0, 0, 0, 0, 0, 0, 0, 0, 0, 0, 4, 4, 4, 4, 0, 0, 0, 0, 0, 0, 0, 0, 0, 0, 0, 0, 0, 0, 0, 10, 10, 0, 0, 0, 4, 4, 4, 4, 4, 4, 4, 4, 4, 4, 0, 0, 0, 0, 0, 0, 0, 0, 0, 4, 4, 4, 4, 0, 0, 0, 0, 0, 0, 0, 0, 0, 0, 0, 0, 0, 0, 0, 0, 0, 0, 0, 0, 0, 0, 0, 0, 0, 0, 0, 0, 4, 0, 0, 0, 0, 0, 0, 0, 0, 0, 0, 0, 0, 0, 0, 0, 0, 4, 0, 0, 0, 4, 4, 4, 4, 0, 0, 0, 0, 0, 0, 0, 0, 0, 0, 0, 10, 10, 0, 0, 0, 0, 0, 0, 0, 4, 4, 4, 4, 4, 4, 4, 4, 4, 4, 0, 0, 0, 0, 0, 0, 0, 4, 4, 4, 4, 4, 4, 12, 13, 13, 13, 13, 13, 13, 13, 13, 13, 13, 13, 13, 13, 13, 13, 13, 13, 13, 13, 14, 0, 0, 0, 0, 0, 0, 0, 0, 0, 0, 0, 0, 4, 0, 0, 0, 0, 0, 0, 0, 0, 0, 0, 0, 0, 0, 0, 0, 4, 4, 4, 4, 0, 0, 0, 0, 0, 0, 0, 10, 12, 13, 13, 13, 13, 13, 13, 13, 13, 13, 13, 14, 4, 4, 4, 4, 4, 4, 4, 4, 4, 4, 2, 2, 2, 2, 2, 2, 2, 2, 2, 4, 4, 4, 4, 12, 13, 13, 13, 13, 13, 13, 13, 13, 13, 13, 13, 13, 13, 13, 13, 13, 13, 13, 13, 14, 4, 4, 4, 4, 4, 2, 9, 7, 2, 2, 4, 4, 2, 2, 3, 2, 3, 3, 9, 7, 2, 3, 3, 3, 2, 3, 2, 3, 4, 4, 4, 4, 12, 13, 14, 10, 10, 10, 10, 10, 12, 13, 13, 13, 13, 13, 13, 13, 13, 13, 13, 14, 4, 4, 4, 4, 4, 4, 4, 4, 4, 4, 2, 2, 9, 7, 2, 2, 9, 7, 2, 4, 4, 4, 4, 12, 13, 13, 13, 13, 13, 13, 13, 13, 13, 13, 13, 13, 13, 13, 13, 13, 13, 13, 13, 14, 4, 4, 4, 4, 4, 3, 6, 8, 3, 3, 4, 4, 2, 3, 2, 3, 3, 2, 6, 8, 3, 2, 3, 3, 3, 2, 2, 3, 4, 4, 4, 4, 12, 13, 14, 10, 10, 10, 10, 10, 12, 13, 13, 13, 13, 13, 13, 13, 13, 13, 13, 14, 4, 4, 4, 4, 4, 4, 4, 4, 4, 4, 2, 2, 6, 8, 2, 2, 6, 8, 2, 4, 4, 4, 4, 12, 13, 13, 13, 13, 13, 13, 13, 13, 13, 13, 13, 13, 13, 13, 13, 13, 13, 13, 13, 14],
         "height":16,
         "name":"tiles",
         "opacity":1,
         "type":"tilelayer",
         "visible":true,
         "width":96,
         "x":0,
         "y":0
        }, 
        {
         "draworder":"topdown",
         "name":"items",
         "objects":[
                {
                 "height":64,
                 "id":2,
                 "name":"player",
                 "rotation":0,
                 "type":"",
                 "visible":true,
                 "width":64,
                 "x":32,
                 "y":288
                }, 
                {
                 "gid":2,
                 "height":32,
                 "id":3,
                 "name":"",
                 "rotation":0,
                 "type":"",
                 "visible":false,
                 "width":32,
                 "x":320,
                 "y":480
                }, 
                {
                 "gid":2,
                 "height":32,
                 "id":4,
                 "name":"",
                 "rotation":0,
                 "type":"",
                 "visible":false,
                 "width":32,
                 "x":352,
                 "y":480
                }, 
                {
                 "gid":2,
                 "height":32,
                 "id":5,
                 "name":"",
                 "rotation":0,
                 "type":"",
                 "visible":false,
                 "width":32,
                 "x":352,
                 "y":512
                }, 
                {
                 "gid":2,
                 "height":32,
                 "id":6,
                 "name":"",
                 "rotation":0,
                 "type":"",
                 "visible":false,
                 "width":32,
                 "x":320,
                 "y":512
                }, 
                {
                 "gid":18,
                 "height":32,
                 "id":7,
                 "name":"",
                 "rotation":0,
                 "type":"",
                 "visible":true,
                 "width":32,
                 "x":320,
                 "y":448
                }, 
                {
                 "gid":18,
                 "height":32,
                 "id":8,
                 "name":"spikeup",
                 "rotation":0,
                 "type":"",
                 "visible":true,
                 "width":32,
                 "x":352,
                 "y":448
                }, 
                {
                 "gid":18,
                 "height":32,
                 "id":9,
                 "name":"spikeup",
                 "rotation":0,
                 "type":"",
                 "visible":true,
                 "width":32,
                 "x":320,
                 "y":448
                }, 
                {
                 "gid":21,
                 "height":32,
                 "id":10,
                 "name":"gem",
                 "rotation":0,
                 "type":"",
                 "visible":true,
                 "width":32,
                 "x":384,
                 "y":416
                }, 
                {
                 "gid":22,
                 "height":32,
                 "id":12,
                 "name":"meteor",
                 "rotation":0,
                 "type":"",
                 "visible":true,
                 "width":32,
                 "x":928,
                 "y":352
                }, 
                {
                 "gid":17,
                 "height":32,
                 "id":13,
                 "name":"spikedown",
                 "rotation":0,
                 "type":"",
                 "visible":true,
                 "width":32,
                 "x":1376,
                 "y":320
                }, 
                {
                 "gid":17,
                 "height":32,
                 "id":14,
                 "name":"spikedown",
                 "rotation":0,
                 "type":"",
                 "visible":true,
                 "width":32,
                 "x":1408,
                 "y":320
                }, 
                {
                 "gid":20,
                 "height":32,
                 "id":15,
                 "name":"idol",
                 "rotation":0,
                 "type":"",
                 "visible":true,
                 "width":32,
                 "x":1216,
                 "y":448
                }, 
                {
                 "gid":21,
                 "height":32,
                 "id":16,
                 "name":"gem",
                 "rotation":0,
                 "type":"",
                 "visible":true,
                 "width":32,
                 "x":1120,
                 "y":256
                }, 
                {
                 "gid":21,
                 "height":32,
                 "id":17,
                 "name":"gem",
                 "rotation":0,
                 "type":"",
                 "visible":true,
                 "width":32,
                 "x":1504,
                 "y":160
                }, 
                {
                 "gid":21,
                 "height":32,
                 "id":18,
                 "name":"gem",
                 "rotation":0,
                 "type":"",
                 "visible":true,
                 "width":32,
                 "x":1536,
                 "y":352
                }, 
                {
                 "gid":21,
                 "height":32,
                 "id":19,
                 "name":"gem",
                 "rotation":0,
                 "type":"",
                 "visible":true,
                 "width":32,
                 "x":2240,
                 "y":384
                }, 
                {
                 "gid":18,
                 "height":32,
                 "id":20,
                 "name":"spikeup",
                 "rotation":0,
                 "type":"",
                 "visible":true,
                 "width":32,
                 "x":2304,
                 "y":320
                }, 
                {
                 "gid":18,
                 "height":32,
                 "id":22,
                 "name":"spikeup",
                 "rotation":0,
                 "type":"",
                 "visible":true,
                 "width":32,
                 "x":2272,
                 "y":320
                }, 
                {
                 "gid":18,
                 "height":32,
                 "id":25,
                 "name":"spikeup",
                 "rotation":0,
                 "type":"",
                 "visible":true,
                 "width":32,
                 "x":2624,
                 "y":256
                }, 
                {
                 "gid":18,
                 "height":32,
                 "id":26,
                 "name":"spikeup",
                 "rotation":0,
                 "type":"",
                 "visible":true,
                 "width":32,
                 "x":2688,
                 "y":224
                }, 
                {
                 "gid":22,
                 "height":32,
                 "id":29,
                 "name":"meteor",
                 "rotation":0,
                 "type":"",
                 "visible":true,
                 "width":32,
                 "x":2784,
                 "y":192
                }, 
                {
                 "gid":22,
                 "height":32,
                 "id":30,
                 "name":"meteor",
                 "rotation":0,
                 "type":"",
                 "visible":true,
                 "width":32,
                 "x":2912,
                 "y":192
                }, 
                {
                 "gid":21,
                 "height":32,
                 "id":31,
                 "name":"gem",
                 "rotation":0,
                 "type":"",
                 "visible":true,
                 "width":32,
                 "x":2976,
                 "y":192
                }, 
                {
                 "gid":21,
                 "height":32,
                 "id":32,
                 "name":"gem",
                 "rotation":0,
                 "type":"",
                 "visible":true,
                 "width":32,
                 "x":2528,
                 "y":320
                }, 
                {
                 "gid":20,
                 "height":32,
                 "id":35,
                 "name":"idol",
                 "rotation":0,
                 "type":"",
                 "visible":true,
                 "width":32,
                 "x":1376,
                 "y":256
                }, 
                {
                 "gid":18,
                 "height":32,
                 "id":36,
                 "name":"spikeup",
                 "rotation":0,
                 "type":"",
                 "visible":true,
                 "width":32,
                 "x":128,
                 "y":448
                }, 
                {
                 "gid":23,
                 "height":32,
                 "id":41,
                 "name":"portal",
                 "rotation":0,
                 "type":"",
                 "visible":true,
                 "width":32,
                 "x":3040,
                 "y":224
                }, 
                {
                 "gid":17,
                 "height":32,
                 "id":42,
                 "name":"spikedown",
                 "rotation":0,
                 "type":"",
                 "visible":true,
                 "width":32,
                 "x":1088,
                 "y":320
                }, 
                {
                 "gid":17,
                 "height":32,
                 "id":43,
                 "name":"spikedown",
                 "rotation":0,
                 "type":"",
                 "visible":true,
                 "width":32,
                 "x":1120,
                 "y":320
                }, 
                {
                 "gid":17,
                 "height":32,
                 "id":44,
                 "name":"spikedown",
                 "rotation":0,
                 "type":"",
                 "visible":true,
                 "width":32,
                 "x":1152,
                 "y":320
                }, 
                {
                 "gid":22,
                 "height":32,
                 "id":45,
                 "name":"meteor",
                 "rotation":0,
                 "type":"",
                 "visible":true,
                 "width":32,
                 "x":1248,
                 "y":224
                }, 
                {
                 "height":64,
                 "id":47,
                 "name":"enemy",
                 "rotation":0,
                 "type":"",
                 "visible":true,
                 "width":64,
                 "x":1856,
                 "y":32
                }, 
                {
                 "height":64,
                 "id":48,
                 "name":"enemy",
                 "rotation":0,
                 "type":"",
                 "visible":true,
                 "width":64,
                 "x":1216,
                 "y":64
                }],
         "opacity":1,
         "type":"objectgroup",
         "visible":true,
         "x":0,
         "y":0
        }],
 "nextobjectid":49,
 "orientation":"orthogonal",
 "renderorder":"left-up",
 "tileheight":32,
 "tilesets":[
        {
         "columns":4,
         "firstgid":1,
         "image":"tiles.png",
         "imageheight":128,
         "imagewidth":128,
         "margin":0,
         "name":"tiles",
         "spacing":0,
         "tilecount":16,
         "tileheight":32,
         "tileproperties":
            {
             "3":
                {
                 "terrain":"block"
                },
             "4":
                {
                 "terrain":"block"
                },
             "9":
                {
                 "terrain":"block"
                }
            },
         "tilepropertytypes":
            {
             "3":
                {
                 "terrain":"string"
                },
             "4":
                {
                 "terrain":"string"
                },
             "9":
                {
                 "terrain":"string"
                }
            },
         "tilewidth":32
        }, 
        {
         "columns":3,
         "firstgid":17,
         "image":"items.png",
         "imageheight":96,
         "imagewidth":96,
         "margin":0,
         "name":"items",
         "spacing":0,
         "tilecount":9,
         "tileheight":32,
         "tilewidth":32
        }],
 "tilewidth":32,
 "type":"map",
 "version":1,
 "width":96
}