{ "height":16,
 "layers":[
        {
         "data":[3, 3, 3, 3, 3, 3, 3, 3, 3, 3, 3, 3, 3, 3, 3, 3, 3, 3, 3, 3, 3, 3, 3, 3, 3, 3, 3, 3, 3, 3, 3, 3, 3, 3, 3, 3, 3, 3, 3, 3, 3, 3, 3, 3, 3, 3, 3, 3, 3, 3, 3, 3, 3, 3, 3, 3, 3, 3, 3, 3, 3, 3, 3, 3, 3, 3, 3, 3, 3, 3, 3, 3, 3, 3, 3, 3, 3, 3, 3, 3, 3, 3, 3, 3, 3, 3, 3, 3, 3, 3, 3, 3, 3, 3, 3, 3, 7, 7, 7, 7, 7, 7, 7, 7, 7, 7, 7, 7, 7, 7, 7, 7, 7, 7, 7, 7, 7, 7, 7, 7, 7, 7, 7, 7, 7, 7, 7, 7, 7, 7, 7, 7, 7, 7, 7, 7, 7, 7, 7, 7, 7, 7, 7, 7, 7, 7, 7, 7, 7, 7, 7, 7, 7, 7, 7, 7, 7, 7, 7, 7, 7, 7, 7, 7, 7, 7, 7, 7, 7, 7, 7, 7, 7, 7, 7, 7, 7, 7, 7, 7, 7, 7, 7, 7, 7, 7, 7, 7, 7, 7, 7, 7, 7, 7, 7, 7, 7, 7, 7, 7, 7, 7, 7, 7, 7, 7, 7, 7, 7, 7, 7, 7, 7, 7, 7, 7, 7, 7, 7, 7, 7, 7, 7, 7, 7, 7, 7, 7, 7, 7, 7, 7, 7, 7, 7, 7, 7, 7, 7, 7, 7, 7, 7, 7, 7, 7, 7, 7, 7, 7, 7, 7, 7, 7, 7, 7, 7, 7, 7, 7, 7, 7, 7, 7, 7, 7, 7, 7, 7, 7, 7, 7, 7, 7, 7, 7, 7, 7, 7, 7, 7, 7, 7, 7, 7, 7, 7, 7, 7, 7, 7, 7, 7, 7, 7, 7, 7, 7, 7, 7, 7, 7, 7, 7, 7, 7, 7, 7, 7, 7, 7, 7, 7, 7, 7, 7, 7, 7, 7, 7, 7, 7, 7, 7, 7, 7, 7, 7, 7, 7, 7, 7, 7, 7, 7, 7, 7, 7, 7, 7, 7, 7, 7, 7, 7, 7, 7, 7, 7, 7, 7, 7, 7, 7, 7, 7, 7, 7, 2, 7, 7, 7, 7, 7, 7, 7, 7, 7, 7, 7, 7, 7, 7, 7, 7, 7, 7, 7, 7, 7, 7, 7, 7, 7, 7, 7, 7, 7, 7, 7, 7, 7, 7, 7, 7, 7, 7, 7, 7, 7, 7, 7, 7, 7, 7, 7, 7, 7, 7, 7, 7, 7, 7, 7, 7, 7, 7, 7, 7, 7, 7, 7, 7, 7, 7, 7, 7, 7, 7, 7, 7, 7, 7, 7, 7, 7, 7, 7, 7, 7, 7, 7, 7, 7, 7, 7, 7, 7, 7, 7, 7, 7, 7, 2, 7, 7, 7, 7, 7, 7, 7, 7, 7, 7, 7, 7, 7, 7, 7, 7, 7, 7, 7, 7, 7, 7, 7, 7, 7, 7, 7, 7, 7, 7, 7, 7, 7, 3, 3, 7, 7, 3, 3, 7, 7, 7, 7, 7, 7, 7, 7, 7, 7, 7, 7, 7, 7, 7, 7, 7, 7, 7, 7, 7, 7, 7, 7, 7, 7, 7, 7, 7, 7, 7, 7, 7, 7, 7, 7, 7, 7, 7, 7, 7, 7, 7, 7, 7, 7, 7, 7, 7, 7, 7, 7, 7, 7, 7, 2, 7, 7, 7, 7, 2, 7, 7, 7, 7, 7, 7, 7, 7, 7, 7, 7, 7, 7, 7, 7, 7, 7, 7, 7, 7, 7, 4, 7, 7, 7, 7, 7, 7, 3, 7, 7, 7, 7, 7, 7, 3, 3, 7, 7, 7, 7, 7, 7, 7, 7, 7, 7, 7, 7, 7, 4, 7, 7, 7, 7, 7, 7, 7, 7, 7, 7, 7, 7, 7, 7, 7, 7, 7, 7, 7, 7, 7, 7, 7, 7, 7, 7, 7, 7, 7, 7, 7, 7, 7, 7, 7, 7, 7, 7, 2, 4, 7, 7, 7, 7, 7, 2, 7, 7, 7, 7, 7, 7, 7, 7, 7, 7, 7, 7, 7, 7, 7, 7, 7, 7, 7, 4, 4, 7, 7, 7, 7, 7, 3, 7, 7, 7, 7, 7, 7, 7, 7, 7, 3, 3, 7, 7, 7, 7, 7, 7, 7, 7, 7, 7, 4, 5, 7, 7, 7, 4, 7, 7, 7, 7, 7, 7, 7, 7, 7, 7, 7, 7, 7, 7, 7, 7, 7, 7, 7, 7, 7, 7, 7, 7, 7, 7, 7, 7, 7, 7, 7, 7, 7, 2, 4, 4, 7, 7, 7, 7, 7, 7, 2, 7, 7, 7, 7, 7, 7, 4, 7, 7, 7, 7, 7, 7, 7, 7, 7, 7, 4, 4, 4, 7, 7, 7, 7, 3, 7, 7, 7, 7, 7, 7, 7, 7, 7, 7, 7, 7, 3, 3, 7, 7, 7, 7, 7, 7, 7, 4, 5, 5, 7, 7, 7, 4, 7, 7, 7, 7, 7, 7, 7, 7, 7, 7, 7, 7, 7, 7, 7, 7, 5, 7, 7, 5, 3, 7, 7, 7, 7, 7, 7, 7, 7, 7, 7, 7, 2, 4, 4, 4, 7, 7, 7, 7, 7, 7, 4, 2, 7, 7, 7, 7, 7, 4, 7, 7, 7, 7, 4, 7, 7, 7, 7, 4, 4, 4, 4, 7, 7, 7, 3, 7, 7, 7, 7, 7, 7, 7, 7, 7, 7, 7, 7, 7, 7, 3, 3, 7, 7, 7, 7, 7, 4, 5, 5, 5, 7, 7, 7, 5, 4, 2, 2, 2, 2, 2, 2, 2, 2, 7, 7, 7, 7, 7, 7, 5, 5, 7, 7, 4, 4, 3, 7, 7, 7, 7, 7, 7, 7, 7, 7, 2, 4, 4, 4, 4, 7, 7, 7, 7, 7, 7, 4, 4, 2, 7, 7, 7, 7, 4, 4, 7, 7, 7, 4, 7, 7, 7, 4, 4, 4, 4, 4, 1, 1, 1, 3, 7, 7, 7, 7, 7, 7, 7, 1, 1, 1, 1, 1, 1, 1, 3, 3, 1, 7, 7, 2, 2, 5, 5, 5, 5, 7, 7, 7, 5, 5, 3, 7, 7, 7, 7, 7, 7, 3, 2, 7, 7, 7, 7, 5, 5, 5, 7, 7, 4, 4, 4, 3, 7, 7, 7, 7, 7, 7, 7, 2, 4, 4, 4, 4, 4, 7, 7, 7, 7, 7, 7, 4, 4, 4, 2, 7, 7, 7, 7, 7, 7, 7, 7, 4, 7, 7, 4, 4, 4, 4, 4, 4, 2, 2, 2, 2, 7, 7, 7, 7, 7, 7, 7, 2, 2, 2, 2, 2, 2, 2, 3, 2, 2, 7, 7, 3, 3, 5, 5, 5, 5, 7, 7, 7, 5, 5, 3, 7, 7, 7, 7, 7, 7, 7, 2, 2, 7, 7, 5, 5, 5, 5, 7, 7, 4, 4, 4, 4, 3, 7, 7, 7, 7, 7, 2, 4, 4, 4, 4, 4, 4, 7, 7, 7, 7, 7, 7, 4, 4, 4, 4, 2, 7, 7, 7, 7, 7, 7, 4, 4, 7, 4, 4, 4, 4, 4, 4, 4, 3, 3, 3, 3, 7, 7, 7, 7, 7, 7, 7, 3, 3, 3, 3, 3, 3, 3, 3, 3, 3, 7, 7, 3, 3, 5, 5, 5, 5, 7, 7, 7, 5, 5, 3, 7, 7, 7, 7, 7, 7, 7, 7, 3, 2, 5, 4, 4, 4, 4, 7, 7, 4, 4, 4, 4, 4, 3, 7, 7, 7, 2, 4, 4, 4, 4, 4, 4, 4, 7, 7, 7, 7, 7, 7, 4, 4, 4, 4, 4, 2, 7, 7, 7, 7, 7, 7, 4, 4, 4, 4, 4, 4, 4, 4, 4, 3, 3, 3, 3, 7, 7, 7, 7, 7, 7, 7, 3, 3, 3, 3, 3, 3, 3, 3, 3, 3, 7, 7, 3, 3, 5, 5, 5, 5, 7, 7, 7, 5, 5, 3, 7, 7, 7, 7, 7, 7, 7, 7, 7, 3, 4, 4, 4, 4, 4, 7, 7, 4, 4, 4, 4, 4, 4, 3, 7, 2, 4, 4, 4, 4, 4, 4, 4, 4, 7, 7, 7, 7, 7, 7, 4, 4, 4, 4, 4, 4, 2, 2, 7, 7, 7, 7, 2, 4, 4, 4, 4, 4, 4, 4, 4, 3, 3, 3, 3, 7, 7, 7, 7, 7, 7, 7, 3, 3, 3, 3, 3, 3, 3, 3, 3, 3, 7, 7, 3, 3, 5, 5, 5, 5, 7, 7, 7, 5, 5, 3, 7, 7, 7, 7, 7, 7, 7, 7, 7, 3, 4, 4, 4, 4, 4, 7, 7, 4, 4, 4, 4, 4, 4, 4, 2, 0, 4, 4, 4, 4, 4, 4, 4, 4, 7, 7, 7, 7, 7, 7, 4, 4, 4, 4, 4, 4, 3, 3, 7, 7, 7, 7, 3, 4, 4, 4, 4, 4, 4, 4, 4, 3, 3, 3, 3, 7, 7, 7, 7, 7, 7, 7, 3, 3, 3, 3, 3, 3, 3, 3, 3, 3, 7, 7, 3, 3, 5, 5, 5, 5, 7, 7, 7, 5, 5, 3, 7, 7, 7, 7, 7, 7, 7, 7, 7, 3, 2, 2, 2, 2, 2, 7, 7, 2, 2, 2, 2, 2, 2, 2, 3, 0, 4, 4, 4, 4, 4, 4, 4, 4, 7, 7, 7, 7, 7, 7, 4, 4, 4, 4, 4, 4, 3, 3, 7, 7, 7, 7, 3, 4, 4, 4, 4, 4, 4, 4, 4],
         "height":16,
         "name":"tiles",
         "opacity":1,
         "type":"tilelayer",
         "visible":true,
         "width":96,
         "x":0,
         "y":0
        }, 
        {
         "draworder":"topdown",
         "name":"items",
         "objects":[
                {
                 "height":77.3333333333333,
                 "id":1,
                 "name":"start",
                 "rotation":0,
                 "type":"",
                 "visible":true,
                 "width":72,
                 "x":29.3333333333333,
                 "y":189.333333333333
                }, 
                {
                 "gid":10,
                 "height":32,
                 "id":2,
                 "name":"coin",
                 "rotation":0,
                 "type":"",
                 "visible":true,
                 "width":32,
                 "x":1664,
                 "y":224
                }, 
                {
                 "gid":10,
                 "height":32,
                 "id":3,
                 "name":"coin",
                 "rotation":0,
                 "type":"",
                 "visible":true,
                 "width":32,
                 "x":1568,
                 "y":224
                }, 
                {
                 "gid":10,
                 "height":32,
                 "id":4,
                 "name":"coin",
                 "rotation":0,
                 "type":"",
                 "visible":true,
                 "width":32,
                 "x":1504,
                 "y":288
                }, 
                {
                 "gid":10,
                 "height":32,
                 "id":5,
                 "name":"coin",
                 "rotation":0,
                 "type":"",
                 "visible":true,
                 "width":32,
                 "x":1280,
                 "y":288
                }, 
                {
                 "gid":10,
                 "height":32,
                 "id":6,
                 "name":"coin",
                 "rotation":0,
                 "type":"",
                 "visible":true,
                 "width":32,
                 "x":768,
                 "y":320
                }, 
                {
                 "gid":10,
                 "height":32,
                 "id":7,
                 "name":"coin",
                 "rotation":0,
                 "type":"",
                 "visible":true,
                 "width":32,
                 "x":64,
                 "y":320
                }, 
                {
                 "gid":10,
                 "height":32,
                 "id":8,
                 "name":"coin",
                 "rotation":0,
                 "type":"",
                 "visible":true,
                 "width":32,
                 "x":256,
                 "y":160
                }, 
                {
                 "gid":12,
                 "height":32,
                 "id":9,
                 "name":"spikes",
                 "rotation":0,
                 "type":"",
                 "visible":true,
                 "width":32,
                 "x":928,
                 "y":384
                }, 
                {
                 "gid":12,
                 "height":32,
                 "id":10,
                 "name":"spikes",
                 "rotation":0,
                 "type":"",
                 "visible":true,
                 "width":32,
                 "x":960,
                 "y":384
                }, 
                {
                 "gid":12,
                 "height":32,
                 "id":11,
                 "name":"spikes",
                 "rotation":0,
                 "type":"",
                 "visible":true,
                 "width":32,
                 "x":992,
                 "y":384
                }, 
                {
                 "gid":12,
                 "height":32,
                 "id":12,
                 "name":"spikes",
                 "rotation":0,
                 "type":"",
                 "visible":true,
                 "width":32,
                 "x":928,
                 "y":352
                }, 
                {
                 "gid":12,
                 "height":32,
                 "id":13,
                 "name":"spikes",
                 "rotation":0,
                 "type":"",
                 "visible":true,
                 "width":32,
                 "x":928,
                 "y":384
                }, 
                {
                 "gid":14,
                 "height":32,
                 "id":14,
                 "name":"power",
                 "rotation":0,
                 "type":"",
                 "visible":true,
                 "width":32,
                 "x":1824,
                 "y":384
                }, 
                {
                 "gid":13,
                 "height":32,
                 "id":15,
                 "name":"spikes",
                 "rotation":0,
                 "type":"",
                 "visible":true,
                 "width":32,
                 "x":1888,
                 "y":448
                }, 
                {
                 "gid":11,
                 "height":32,
                 "id":16,
                 "name":"spikes",
                 "rotation":0,
                 "type":"",
                 "visible":true,
                 "width":32,
                 "x":2688,
                 "y":448
                }, 
                {
                 "gid":11,
                 "height":32,
                 "id":17,
                 "name":"spikes",
                 "rotation":0,
                 "type":"",
                 "visible":true,
                 "width":32,
                 "x":2720,
                 "y":448
                }, 
                {
                 "gid":11,
                 "height":32,
                 "id":18,
                 "name":"spikes",
                 "rotation":0,
                 "type":"",
                 "visible":true,
                 "width":32,
                 "x":2752,
                 "y":448
                }, 
                {
                 "gid":11,
                 "height":32,
                 "id":19,
                 "name":"spikes",
                 "rotation":0,
                 "type":"",
                 "visible":true,
                 "width":32,
                 "x":2656,
                 "y":448
                }, 
                {
                 "gid":10,
                 "height":32,
                 "id":20,
                 "name":"coin",
                 "rotation":0,
                 "type":"",
                 "visible":true,
                 "width":32,
                 "x":2752,
                 "y":352
                }, 
                {
                 "gid":10,
                 "height":32,
                 "id":21,
                 "name":"coin",
                 "rotation":0,
                 "type":"",
                 "visible":true,
                 "width":32,
                 "x":2688,
                 "y":384
                }, 
                {
                 "gid":10,
                 "height":32,
                 "id":22,
                 "name":"coin",
                 "rotation":0,
                 "type":"",
                 "visible":true,
                 "width":32,
                 "x":2656,
                 "y":288
                }, 
                {
                 "gid":10,
                 "height":32,
                 "id":23,
                 "name":"coin",
                 "rotation":0,
                 "type":"",
                 "visible":true,
                 "width":32,
                 "x":2880,
                 "y":320
                }, 
                {
                 "gid":10,
                 "height":32,
                 "id":24,
                 "name":"coin",
                 "rotation":0,
                 "type":"",
                 "visible":true,
                 "width":32,
                 "x":2912,
                 "y":288
                }, 
                {
                 "gid":10,
                 "height":32,
                 "id":25,
                 "name":"coin",
                 "rotation":0,
                 "type":"",
                 "visible":true,
                 "width":32,
                 "x":3040,
                 "y":160
                }, 
                {
                 "gid":10,
                 "height":32,
                 "id":26,
                 "name":"coin",
                 "rotation":0,
                 "type":"",
                 "visible":true,
                 "width":32,
                 "x":3040,
                 "y":64
                }, 
                {
                 "gid":10,
                 "height":32,
                 "id":27,
                 "name":"coin",
                 "rotation":0,
                 "type":"",
                 "visible":true,
                 "width":32,
                 "x":3008,
                 "y":192
                }, 
                {
                 "gid":10,
                 "height":32,
                 "id":28,
                 "name":"coin",
                 "rotation":0,
                 "type":"",
                 "visible":true,
                 "width":32,
                 "x":2976,
                 "y":224
                }, 
                {
                 "gid":10,
                 "height":32,
                 "id":29,
                 "name":"coin",
                 "rotation":0,
                 "type":"",
                 "visible":true,
                 "width":32,
                 "x":2944,
                 "y":256
                }, 
                {
                 "gid":10,
                 "height":32,
                 "id":30,
                 "name":"coin",
                 "rotation":0,
                 "type":"",
                 "visible":true,
                 "width":32,
                 "x":2848,
                 "y":352
                }, 
                {
                 "gid":11,
                 "height":32,
                 "id":31,
                 "name":"spikes",
                 "rotation":0,
                 "type":"",
                 "visible":true,
                 "width":32,
                 "x":2656,
                 "y":480
                }, 
                {
                 "gid":11,
                 "height":32,
                 "id":32,
                 "name":"spikes",
                 "rotation":0,
                 "type":"",
                 "visible":true,
                 "width":32,
                 "x":2688,
                 "y":480
                }, 
                {
                 "gid":11,
                 "height":32,
                 "id":33,
                 "name":"spikes",
                 "rotation":0,
                 "type":"",
                 "visible":true,
                 "width":32,
                 "x":2720,
                 "y":480
                }, 
                {
                 "gid":11,
                 "height":32,
                 "id":34,
                 "name":"spikes",
                 "rotation":0,
                 "type":"",
                 "visible":true,
                 "width":32,
                 "x":2752,
                 "y":480
                }, 
                {
                 "gid":11,
                 "height":32,
                 "id":35,
                 "name":"spikes",
                 "rotation":0,
                 "type":"",
                 "visible":true,
                 "width":32,
                 "x":2656,
                 "y":512
                }, 
                {
                 "gid":11,
                 "height":32,
                 "id":36,
                 "name":"spikes",
                 "rotation":0,
                 "type":"",
                 "visible":true,
                 "width":32,
                 "x":2688,
                 "y":512
                }, 
                {
                 "gid":11,
                 "height":32,
                 "id":37,
                 "name":"spikes",
                 "rotation":0,
                 "type":"",
                 "visible":true,
                 "width":32,
                 "x":2720,
                 "y":512
                }, 
                {
                 "gid":11,
                 "height":32,
                 "id":38,
                 "name":"spikes",
                 "rotation":0,
                 "type":"",
                 "visible":true,
                 "width":32,
                 "x":2752,
                 "y":512
                }, 
                {
                 "gid":12,
                 "height":32,
                 "id":39,
                 "name":"spikes",
                 "rotation":0,
                 "type":"",
                 "visible":true,
                 "width":32,
                 "x":960,
                 "y":352
                }, 
                {
                 "gid":12,
                 "height":32,
                 "id":40,
                 "name":"spikes",
                 "rotation":0,
                 "type":"",
                 "visible":true,
                 "width":32,
                 "x":992,
                 "y":352
                }, 
                {
                 "gid":12,
                 "height":32,
                 "id":41,
                 "name":"spikes",
                 "rotation":0,
                 "type":"",
                 "visible":true,
                 "width":32,
                 "x":928,
                 "y":416
                }, 
                {
                 "gid":12,
                 "height":32,
                 "id":42,
                 "name":"spikes",
                 "rotation":0,
                 "type":"",
                 "visible":true,
                 "width":32,
                 "x":960,
                 "y":416
                }, 
                {
                 "gid":12,
                 "height":32,
                 "id":43,
                 "name":"spikes",
                 "rotation":0,
                 "type":"",
                 "visible":true,
                 "width":32,
                 "x":992,
                 "y":416
                }, 
                {
                 "gid":12,
                 "height":32,
                 "id":44,
                 "name":"spikes",
                 "rotation":0,
                 "type":"",
                 "visible":true,
                 "width":32,
                 "x":928,
                 "y":448
                }, 
                {
                 "gid":12,
                 "height":32,
                 "id":45,
                 "name":"spikes",
                 "rotation":0,
                 "type":"",
                 "visible":true,
                 "width":32,
                 "x":960,
                 "y":448
                }, 
                {
                 "gid":12,
                 "height":32,
                 "id":46,
                 "name":"spikes",
                 "rotation":0,
                 "type":"",
                 "visible":true,
                 "width":32,
                 "x":992,
                 "y":448
                }, 
                {
                 "gid":12,
                 "height":32,
                 "id":47,
                 "name":"spikes",
                 "rotation":0,
                 "type":"",
                 "visible":true,
                 "width":32,
                 "x":928,
                 "y":480
                }, 
                {
                 "gid":12,
                 "height":32,
                 "id":48,
                 "name":"spikes",
                 "rotation":0,
                 "type":"",
                 "visible":true,
                 "width":32,
                 "x":960,
                 "y":480
                }, 
                {
                 "gid":12,
                 "height":32,
                 "id":49,
                 "name":"spikes",
                 "rotation":0,
                 "type":"",
                 "visible":true,
                 "width":32,
                 "x":992,
                 "y":480
                }, 
                {
                 "height":128,
                 "id":50,
                 "name":"goal",
                 "rotation":0,
                 "type":"",
                 "visible":true,
                 "width":64,
                 "x":3008,
                 "y":32
                }, 
                {
                 "gid":12,
                 "height":32,
                 "id":51,
                 "name":"spikes",
                 "rotation":0,
                 "type":"",
                 "visible":true,
                 "width":32,
                 "x":928,
                 "y":512
                }, 
                {
                 "gid":12,
                 "height":32,
                 "id":52,
                 "name":"spikes",
                 "rotation":0,
                 "type":"",
                 "visible":true,
                 "width":32,
                 "x":992,
                 "y":512
                }, 
                {
                 "gid":12,
                 "height":32,
                 "id":53,
                 "name":"spikes",
                 "rotation":0,
                 "type":"",
                 "visible":true,
                 "width":32,
                 "x":960,
                 "y":512
                }, 
                {
                 "gid":13,
                 "height":32,
                 "id":54,
                 "name":"spikes",
                 "rotation":0,
                 "type":"",
                 "visible":true,
                 "width":32,
                 "x":352,
                 "y":320
                }, 
                {
                 "gid":13,
                 "height":32,
                 "id":55,
                 "name":"spikes",
                 "rotation":0,
                 "type":"",
                 "visible":true,
                 "width":32,
                 "x":384,
                 "y":320
                }, 
                {
                 "gid":13,
                 "height":32,
                 "id":56,
                 "name":"spikes",
                 "rotation":0,
                 "type":"",
                 "visible":true,
                 "width":32,
                 "x":416,
                 "y":320
                }, 
                {
                 "gid":13,
                 "height":32,
                 "id":57,
                 "name":"spikes",
                 "rotation":0,
                 "type":"",
                 "visible":true,
                 "width":32,
                 "x":448,
                 "y":320
                }, 
                {
                 "gid":13,
                 "height":32,
                 "id":58,
                 "name":"spikes",
                 "rotation":0,
                 "type":"",
                 "visible":true,
                 "width":32,
                 "x":480,
                 "y":320
                }, 
                {
                 "gid":13,
                 "height":32,
                 "id":59,
                 "name":"spikes",
                 "rotation":0,
                 "type":"",
                 "visible":true,
                 "width":32,
                 "x":512,
                 "y":320
                }, 
                {
                 "height":64,
                 "id":60,
                 "name":"enemy",
                 "rotation":0,
                 "type":"",
                 "visible":true,
                 "width":64,
                 "x":1056,
                 "y":224
                }, 
                {
                 "height":64,
                 "id":61,
                 "name":"enemy",
                 "rotation":0,
                 "type":"",
                 "visible":true,
                 "width":64,
                 "x":1184,
                 "y":224
                }],
         "opacity":1,
         "type":"objectgroup",
         "visible":true,
         "x":0,
         "y":0
        }],
 "nextobjectid":62,
 "orientation":"orthogonal",
 "renderorder":"left-up",
 "tileheight":32,
 "tilesets":[
        {
         "columns":3,
         "firstgid":1,
         "image":"tiles.png",
         "imageheight":96,
         "imagewidth":96,
         "margin":0,
         "name":"tiles",
         "spacing":0,
         "tilecount":9,
         "tileheight":32,
         "tileproperties":
            {
             "0":
                {
                 "terrain":"wall"
                },
             "1":
                {
                 "terrain":"wall"
                },
             "2":
                {
                 "terrain":"wall"
                },
             "3":
                {
                 "terrain":"wall"
                },
             "4":
                {
                 "terrain":"wall"
                },
             "5":
                {
                 "terrain":"wall"
                },
             "7":
                {
                 "terrain":"wall"
                },
             "8":
                {
                 "terrain":"wall"
                }
            },
         "tilepropertytypes":
            {
             "0":
                {
                 "terrain":"string"
                },
             "1":
                {
                 "terrain":"string"
                },
             "2":
                {
                 "terrain":"string"
                },
             "3":
                {
                 "terrain":"string"
                },
             "4":
                {
                 "terrain":"string"
                },
             "5":
                {
                 "terrain":"string"
                },
             "7":
                {
                 "terrain":"string"
                },
             "8":
                {
                 "terrain":"string"
                }
            },
         "tilewidth":32
        }, 
        {
         "columns":2,
         "firstgid":10,
         "image":"items.png",
         "imageheight":96,
         "imagewidth":64,
         "margin":0,
         "name":"items",
         "spacing":0,
         "tilecount":6,
         "tileheight":32,
         "tilewidth":32
        }],
 "tilewidth":32,
 "type":"map",
 "version":1,
 "width":96
}