{"filter":false,"title":"leel1.json","tooltip":"/2-Platformer/assets/leel1.json","undoManager":{"mark":3,"position":3,"stack":[[{"start":{"row":3,"column":2096},"end":{"row":3,"column":2139},"action":"remove","lines":["0, 0, 0, 0, 0, 0, 0, 0, 0, 0, 0, 0, 0, 0, 0"],"id":2,"ignore":true},{"start":{"row":3,"column":2096},"end":{"row":3,"column":2097},"action":"insert","lines":["4"]},{"start":{"row":3,"column":2108},"end":{"row":3,"column":2109},"action":"remove","lines":["0"]},{"start":{"row":3,"column":2108},"end":{"row":3,"column":2109},"action":"insert","lines":["4"]},{"start":{"row":3,"column":2111},"end":{"row":3,"column":2115},"action":"remove","lines":["0, 0"]},{"start":{"row":3,"column":2111},"end":{"row":3,"column":2112},"action":"insert","lines":["4"]},{"start":{"row":3,"column":2123},"end":{"row":3,"column":2154},"action":"remove","lines":["0, 0, 0, 0, 0, 0, 0, 0, 0, 0, 0"]},{"start":{"row":3,"column":2123},"end":{"row":3,"column":2127},"action":"insert","lines":["4, 4"]},{"start":{"row":3,"column":2258},"end":{"row":3,"column":2262},"action":"remove","lines":["0, 0"]},{"start":{"row":3,"column":2258},"end":{"row":3,"column":2334},"action":"insert","lines":["4, 4, 0, 0, 4, 4, 0, 0, 0, 0, 0, 0, 0, 0, 0, 0, 0, 0, 0, 0, 0, 1, 1, 1, 1, 1"]},{"start":{"row":3,"column":2336},"end":{"row":3,"column":2337},"action":"remove","lines":["0"]},{"start":{"row":3,"column":2336},"end":{"row":3,"column":2337},"action":"insert","lines":["1"]},{"start":{"row":3,"column":2339},"end":{"row":3,"column":2340},"action":"remove","lines":["0"]},{"start":{"row":3,"column":2339},"end":{"row":3,"column":2340},"action":"insert","lines":["1"]},{"start":{"row":3,"column":2342},"end":{"row":3,"column":2343},"action":"remove","lines":["0"]},{"start":{"row":3,"column":2342},"end":{"row":3,"column":2343},"action":"insert","lines":["1"]},{"start":{"row":3,"column":2345},"end":{"row":3,"column":2346},"action":"remove","lines":["0"]},{"start":{"row":3,"column":2345},"end":{"row":3,"column":2346},"action":"insert","lines":["1"]},{"start":{"row":3,"column":2348},"end":{"row":3,"column":2352},"action":"remove","lines":["0, 0"]},{"start":{"row":3,"column":2348},"end":{"row":3,"column":2382},"action":"insert","lines":["1, 1, 1, 1, 0, 0, 0, 0, 0, 0, 0, 4"]},{"start":{"row":3,"column":2417},"end":{"row":3,"column":2451},"action":"remove","lines":["0, 0, 0, 0, 0, 0, 0, 0, 0, 0, 0, 0"]},{"start":{"row":3,"column":2417},"end":{"row":3,"column":2421},"action":"insert","lines":["4, 4"]},{"start":{"row":3,"column":2546},"end":{"row":3,"column":2571},"action":"remove","lines":["0, 0, 0, 0, 0, 0, 0, 0, 0"]},{"start":{"row":3,"column":2546},"end":{"row":3,"column":2550},"action":"insert","lines":["4, 4"]},{"start":{"row":3,"column":2558},"end":{"row":3,"column":2559},"action":"remove","lines":["0"]},{"start":{"row":3,"column":2558},"end":{"row":3,"column":2559},"action":"insert","lines":["4"]},{"start":{"row":3,"column":2561},"end":{"row":3,"column":2565},"action":"remove","lines":["0, 0"]},{"start":{"row":3,"column":2561},"end":{"row":3,"column":2562},"action":"insert","lines":["4"]},{"start":{"row":3,"column":2606},"end":{"row":3,"column":2607},"action":"remove","lines":["0"]},{"start":{"row":3,"column":2606},"end":{"row":3,"column":2631},"action":"insert","lines":["3, 1, 1, 1, 1, 1, 1, 1, 1"]},{"start":{"row":3,"column":2633},"end":{"row":3,"column":2634},"action":"remove","lines":["0"]},{"start":{"row":3,"column":2633},"end":{"row":3,"column":2634},"action":"insert","lines":["1"]},{"start":{"row":3,"column":2636},"end":{"row":3,"column":2637},"action":"remove","lines":["0"]},{"start":{"row":3,"column":2636},"end":{"row":3,"column":2637},"action":"insert","lines":["1"]},{"start":{"row":3,"column":2639},"end":{"row":3,"column":2640},"action":"remove","lines":["0"]},{"start":{"row":3,"column":2639},"end":{"row":3,"column":2640},"action":"insert","lines":["1"]},{"start":{"row":3,"column":2642},"end":{"row":3,"column":2643},"action":"remove","lines":["0"]},{"start":{"row":3,"column":2642},"end":{"row":3,"column":2643},"action":"insert","lines":["1"]},{"start":{"row":3,"column":2645},"end":{"row":3,"column":2646},"action":"remove","lines":["0"]},{"start":{"row":3,"column":2645},"end":{"row":3,"column":2646},"action":"insert","lines":["1"]},{"start":{"row":3,"column":2648},"end":{"row":3,"column":2649},"action":"remove","lines":["0"]},{"start":{"row":3,"column":2648},"end":{"row":3,"column":2649},"action":"insert","lines":["4"]},{"start":{"row":3,"column":2651},"end":{"row":3,"column":2652},"action":"remove","lines":["0"]},{"start":{"row":3,"column":2651},"end":{"row":3,"column":2652},"action":"insert","lines":["4"]},{"start":{"row":3,"column":2654},"end":{"row":3,"column":2655},"action":"remove","lines":["0"]},{"start":{"row":3,"column":2654},"end":{"row":3,"column":2655},"action":"insert","lines":["4"]},{"start":{"row":3,"column":2657},"end":{"row":3,"column":2658},"action":"remove","lines":["0"]},{"start":{"row":3,"column":2657},"end":{"row":3,"column":2658},"action":"insert","lines":["4"]},{"start":{"row":3,"column":2660},"end":{"row":3,"column":2661},"action":"remove","lines":["0"]},{"start":{"row":3,"column":2660},"end":{"row":3,"column":2661},"action":"insert","lines":["4"]},{"start":{"row":3,"column":2663},"end":{"row":3,"column":2664},"action":"remove","lines":["0"]},{"start":{"row":3,"column":2663},"end":{"row":3,"column":2664},"action":"insert","lines":["4"]},{"start":{"row":3,"column":2666},"end":{"row":3,"column":2667},"action":"remove","lines":["0"]},{"start":{"row":3,"column":2666},"end":{"row":3,"column":2667},"action":"insert","lines":["4"]},{"start":{"row":3,"column":2711},"end":{"row":3,"column":2742},"action":"remove","lines":["0, 0, 0, 0, 0, 0, 0, 0, 0, 0, 0"]},{"start":{"row":3,"column":2711},"end":{"row":3,"column":2712},"action":"insert","lines":["1"]},{"start":{"row":3,"column":2714},"end":{"row":3,"column":2715},"action":"remove","lines":["0"]},{"start":{"row":3,"column":2714},"end":{"row":3,"column":2715},"action":"insert","lines":["1"]},{"start":{"row":3,"column":2717},"end":{"row":3,"column":2718},"action":"remove","lines":["0"]},{"start":{"row":3,"column":2717},"end":{"row":3,"column":2718},"action":"insert","lines":["1"]},{"start":{"row":3,"column":2720},"end":{"row":3,"column":2721},"action":"remove","lines":["0"]},{"start":{"row":3,"column":2720},"end":{"row":3,"column":2721},"action":"insert","lines":["1"]},{"start":{"row":3,"column":2723},"end":{"row":3,"column":2724},"action":"remove","lines":["0"]},{"start":{"row":3,"column":2723},"end":{"row":3,"column":2724},"action":"insert","lines":["1"]},{"start":{"row":3,"column":2726},"end":{"row":3,"column":2727},"action":"remove","lines":["4"]},{"start":{"row":3,"column":2726},"end":{"row":3,"column":2727},"action":"insert","lines":["1"]},{"start":{"row":3,"column":2729},"end":{"row":3,"column":2730},"action":"remove","lines":["0"]},{"start":{"row":3,"column":2729},"end":{"row":3,"column":2730},"action":"insert","lines":["1"]},{"start":{"row":3,"column":2732},"end":{"row":3,"column":2733},"action":"remove","lines":["0"]},{"start":{"row":3,"column":2732},"end":{"row":3,"column":2733},"action":"insert","lines":["1"]},{"start":{"row":3,"column":2735},"end":{"row":3,"column":2736},"action":"remove","lines":["0"]},{"start":{"row":3,"column":2735},"end":{"row":3,"column":2736},"action":"insert","lines":["1"]},{"start":{"row":3,"column":2738},"end":{"row":3,"column":2739},"action":"remove","lines":["4"]},{"start":{"row":3,"column":2738},"end":{"row":3,"column":2739},"action":"insert","lines":["1"]},{"start":{"row":3,"column":2741},"end":{"row":3,"column":2742},"action":"remove","lines":["0"]},{"start":{"row":3,"column":2741},"end":{"row":3,"column":2742},"action":"insert","lines":["1"]},{"start":{"row":3,"column":2744},"end":{"row":3,"column":2745},"action":"remove","lines":["0"]},{"start":{"row":3,"column":2744},"end":{"row":3,"column":2745},"action":"insert","lines":["1"]},{"start":{"row":3,"column":2747},"end":{"row":3,"column":2748},"action":"remove","lines":["0"]},{"start":{"row":3,"column":2747},"end":{"row":3,"column":2748},"action":"insert","lines":["1"]},{"start":{"row":3,"column":2750},"end":{"row":3,"column":2751},"action":"remove","lines":["0"]},{"start":{"row":3,"column":2750},"end":{"row":3,"column":2751},"action":"insert","lines":["1"]},{"start":{"row":3,"column":2753},"end":{"row":3,"column":2754},"action":"remove","lines":["0"]},{"start":{"row":3,"column":2753},"end":{"row":3,"column":2754},"action":"insert","lines":["1"]},{"start":{"row":3,"column":2756},"end":{"row":3,"column":2757},"action":"remove","lines":["0"]},{"start":{"row":3,"column":2756},"end":{"row":3,"column":2757},"action":"insert","lines":["2"]},{"start":{"row":3,"column":2759},"end":{"row":3,"column":2760},"action":"remove","lines":["0"]},{"start":{"row":3,"column":2759},"end":{"row":3,"column":2760},"action":"insert","lines":["2"]},{"start":{"row":3,"column":2875},"end":{"row":3,"column":2878},"action":"insert","lines":[" 3,"]},{"start":{"row":3,"column":2894},"end":{"row":3,"column":2958},"action":"remove","lines":["0, 0, 0, 0, 0, 0, 0, 0, 0, 0, 0, 0, 0, 0, 0, 0, 1, 1, 1, 1, 1, 1"]},{"start":{"row":3,"column":2894},"end":{"row":3,"column":2895},"action":"insert","lines":["3"]},{"start":{"row":3,"column":2936},"end":{"row":3,"column":2937},"action":"remove","lines":["1"]},{"start":{"row":3,"column":2936},"end":{"row":3,"column":2955},"action":"insert","lines":["4, 4, 4, 4, 4, 4, 4"]},{"start":{"row":3,"column":2968},"end":{"row":3,"column":2971},"action":"remove","lines":[" 4,"]},{"start":{"row":3,"column":2984},"end":{"row":3,"column":2985},"action":"remove","lines":["4"]},{"start":{"row":3,"column":2984},"end":{"row":3,"column":2985},"action":"insert","lines":["0"]},{"start":{"row":3,"column":3020},"end":{"row":3,"column":3021},"action":"remove","lines":["0"]},{"start":{"row":3,"column":3020},"end":{"row":3,"column":3021},"action":"insert","lines":["1"]},{"start":{"row":3,"column":3023},"end":{"row":3,"column":3024},"action":"remove","lines":["0"]},{"start":{"row":3,"column":3023},"end":{"row":3,"column":3024},"action":"insert","lines":["1"]},{"start":{"row":3,"column":3026},"end":{"row":3,"column":3027},"action":"remove","lines":["0"]},{"start":{"row":3,"column":3026},"end":{"row":3,"column":3027},"action":"insert","lines":["1"]},{"start":{"row":3,"column":3029},"end":{"row":3,"column":3030},"action":"remove","lines":["0"]},{"start":{"row":3,"column":3029},"end":{"row":3,"column":3030},"action":"insert","lines":["1"]},{"start":{"row":3,"column":3032},"end":{"row":3,"column":3033},"action":"remove","lines":["0"]},{"start":{"row":3,"column":3032},"end":{"row":3,"column":3033},"action":"insert","lines":["1"]},{"start":{"row":3,"column":3035},"end":{"row":3,"column":3036},"action":"remove","lines":["0"]},{"start":{"row":3,"column":3035},"end":{"row":3,"column":3036},"action":"insert","lines":["1"]},{"start":{"row":3,"column":3038},"end":{"row":3,"column":3039},"action":"remove","lines":["0"]},{"start":{"row":3,"column":3038},"end":{"row":3,"column":3039},"action":"insert","lines":["1"]},{"start":{"row":3,"column":3041},"end":{"row":3,"column":3042},"action":"remove","lines":["0"]},{"start":{"row":3,"column":3041},"end":{"row":3,"column":3042},"action":"insert","lines":["1"]},{"start":{"row":3,"column":3044},"end":{"row":3,"column":3045},"action":"remove","lines":["0"]},{"start":{"row":3,"column":3044},"end":{"row":3,"column":3045},"action":"insert","lines":["2"]},{"start":{"row":3,"column":3047},"end":{"row":3,"column":3048},"action":"remove","lines":["0"]},{"start":{"row":3,"column":3047},"end":{"row":3,"column":3048},"action":"insert","lines":["2"]},{"start":{"row":3,"column":3149},"end":{"row":3,"column":3150},"action":"remove","lines":["0"]},{"start":{"row":3,"column":3149},"end":{"row":3,"column":3150},"action":"insert","lines":["1"]},{"start":{"row":3,"column":3158},"end":{"row":3,"column":3159},"action":"remove","lines":["0"]},{"start":{"row":3,"column":3158},"end":{"row":3,"column":3159},"action":"insert","lines":["2"]},{"start":{"row":3,"column":3170},"end":{"row":3,"column":3171},"action":"remove","lines":["0"]},{"start":{"row":3,"column":3170},"end":{"row":3,"column":3171},"action":"insert","lines":["2"]},{"start":{"row":3,"column":3173},"end":{"row":3,"column":3174},"action":"remove","lines":["0"]},{"start":{"row":3,"column":3173},"end":{"row":3,"column":3174},"action":"insert","lines":["2"]},{"start":{"row":3,"column":3176},"end":{"row":3,"column":3177},"action":"remove","lines":["0"]},{"start":{"row":3,"column":3176},"end":{"row":3,"column":3177},"action":"insert","lines":["2"]},{"start":{"row":3,"column":3179},"end":{"row":3,"column":3180},"action":"remove","lines":["0"]},{"start":{"row":3,"column":3179},"end":{"row":3,"column":3180},"action":"insert","lines":["2"]},{"start":{"row":3,"column":3182},"end":{"row":3,"column":3183},"action":"remove","lines":["1"]},{"start":{"row":3,"column":3182},"end":{"row":3,"column":3183},"action":"insert","lines":["2"]},{"start":{"row":3,"column":3224},"end":{"row":3,"column":3225},"action":"remove","lines":["1"]},{"start":{"row":3,"column":3224},"end":{"row":3,"column":3225},"action":"insert","lines":["4"]},{"start":{"row":3,"column":3227},"end":{"row":3,"column":3228},"action":"remove","lines":["1"]},{"start":{"row":3,"column":3227},"end":{"row":3,"column":3228},"action":"insert","lines":["4"]},{"start":{"row":3,"column":3230},"end":{"row":3,"column":3231},"action":"remove","lines":["1"]},{"start":{"row":3,"column":3230},"end":{"row":3,"column":3231},"action":"insert","lines":["4"]},{"start":{"row":3,"column":3233},"end":{"row":3,"column":3234},"action":"remove","lines":["1"]},{"start":{"row":3,"column":3233},"end":{"row":3,"column":3234},"action":"insert","lines":["4"]},{"start":{"row":3,"column":3236},"end":{"row":3,"column":3237},"action":"remove","lines":["1"]},{"start":{"row":3,"column":3236},"end":{"row":3,"column":3237},"action":"insert","lines":["4"]},{"start":{"row":3,"column":3239},"end":{"row":3,"column":3248},"action":"remove","lines":["1, 4, 4, "]},{"start":{"row":3,"column":3266},"end":{"row":3,"column":3267},"action":"remove","lines":["4"]},{"start":{"row":3,"column":3266},"end":{"row":3,"column":3267},"action":"insert","lines":["0"]},{"start":{"row":3,"column":3269},"end":{"row":3,"column":3270},"action":"remove","lines":["4"]},{"start":{"row":3,"column":3269},"end":{"row":3,"column":3270},"action":"insert","lines":["0"]},{"start":{"row":3,"column":3272},"end":{"row":3,"column":3276},"action":"remove","lines":["4, 4"]},{"start":{"row":3,"column":3272},"end":{"row":3,"column":3297},"action":"insert","lines":["0, 0, 0, 0, 0, 1, 1, 1, 1"]},{"start":{"row":3,"column":3320},"end":{"row":3,"column":3333},"action":"remove","lines":["0, 0, 0, 0, 0"]},{"start":{"row":3,"column":3320},"end":{"row":3,"column":3339},"action":"insert","lines":["1, 1, 1, 1, 2, 2, 2"]},{"start":{"row":3,"column":3404},"end":{"row":3,"column":3420},"action":"remove","lines":["0, 0, 0, 0, 0, 0"]},{"start":{"row":3,"column":3404},"end":{"row":3,"column":3405},"action":"insert","lines":["4"]},{"start":{"row":3,"column":3407},"end":{"row":3,"column":3408},"action":"remove","lines":["0"]},{"start":{"row":3,"column":3407},"end":{"row":3,"column":3408},"action":"insert","lines":["4"]},{"start":{"row":3,"column":3410},"end":{"row":3,"column":3411},"action":"remove","lines":["0"]},{"start":{"row":3,"column":3410},"end":{"row":3,"column":3411},"action":"insert","lines":["4"]},{"start":{"row":3,"column":3413},"end":{"row":3,"column":3414},"action":"remove","lines":["0"]},{"start":{"row":3,"column":3413},"end":{"row":3,"column":3414},"action":"insert","lines":["4"]},{"start":{"row":3,"column":3428},"end":{"row":3,"column":3429},"action":"remove","lines":["0"]},{"start":{"row":3,"column":3428},"end":{"row":3,"column":3429},"action":"insert","lines":["4"]},{"start":{"row":3,"column":3431},"end":{"row":3,"column":3435},"action":"remove","lines":["0, 0"]},{"start":{"row":3,"column":3431},"end":{"row":3,"column":3432},"action":"insert","lines":["4"]},{"start":{"row":3,"column":3434},"end":{"row":3,"column":3435},"action":"remove","lines":["0"]},{"start":{"row":3,"column":3434},"end":{"row":3,"column":3435},"action":"insert","lines":["4"]},{"start":{"row":3,"column":3437},"end":{"row":3,"column":3438},"action":"remove","lines":["0"]},{"start":{"row":3,"column":3437},"end":{"row":3,"column":3438},"action":"insert","lines":["4"]},{"start":{"row":3,"column":3440},"end":{"row":3,"column":3441},"action":"remove","lines":["0"]},{"start":{"row":3,"column":3440},"end":{"row":3,"column":3441},"action":"insert","lines":["4"]},{"start":{"row":3,"column":3443},"end":{"row":3,"column":3444},"action":"remove","lines":["0"]},{"start":{"row":3,"column":3443},"end":{"row":3,"column":3447},"action":"insert","lines":["4, 2"]},{"start":{"row":3,"column":3458},"end":{"row":3,"column":3462},"action":"remove","lines":["0, 0"]},{"start":{"row":3,"column":3458},"end":{"row":3,"column":3459},"action":"insert","lines":["2"]},{"start":{"row":3,"column":3461},"end":{"row":3,"column":3462},"action":"remove","lines":["0"]},{"start":{"row":3,"column":3461},"end":{"row":3,"column":3462},"action":"insert","lines":["2"]},{"start":{"row":3,"column":3464},"end":{"row":3,"column":3465},"action":"remove","lines":["0"]},{"start":{"row":3,"column":3464},"end":{"row":3,"column":3465},"action":"insert","lines":["2"]},{"start":{"row":3,"column":3467},"end":{"row":3,"column":3468},"action":"remove","lines":["0"]},{"start":{"row":3,"column":3467},"end":{"row":3,"column":3471},"action":"insert","lines":["2, 2"]},{"start":{"row":3,"column":3512},"end":{"row":3,"column":3516},"action":"remove","lines":["1, 1"]},{"start":{"row":3,"column":3512},"end":{"row":3,"column":3513},"action":"insert","lines":["4"]},{"start":{"row":3,"column":3515},"end":{"row":3,"column":3516},"action":"remove","lines":["1"]},{"start":{"row":3,"column":3515},"end":{"row":3,"column":3516},"action":"insert","lines":["4"]},{"start":{"row":3,"column":3518},"end":{"row":3,"column":3528},"action":"remove","lines":["1, 1, 1, 1"]},{"start":{"row":3,"column":3518},"end":{"row":3,"column":3519},"action":"insert","lines":["4"]},{"start":{"row":3,"column":3554},"end":{"row":3,"column":3563},"action":"insert","lines":["0, 0, 0, "]},{"start":{"row":3,"column":3563},"end":{"row":3,"column":3564},"action":"remove","lines":["4"]},{"start":{"row":3,"column":3563},"end":{"row":3,"column":3564},"action":"insert","lines":["0"]},{"start":{"row":3,"column":3566},"end":{"row":3,"column":3567},"action":"remove","lines":["4"]},{"start":{"row":3,"column":3566},"end":{"row":3,"column":3570},"action":"insert","lines":["0, 0"]},{"start":{"row":3,"column":3572},"end":{"row":3,"column":3573},"action":"remove","lines":["4"]},{"start":{"row":3,"column":3572},"end":{"row":3,"column":3573},"action":"insert","lines":["0"]},{"start":{"row":3,"column":3575},"end":{"row":3,"column":3576},"action":"remove","lines":["4"]},{"start":{"row":3,"column":3575},"end":{"row":3,"column":3576},"action":"insert","lines":["1"]},{"start":{"row":3,"column":3599},"end":{"row":3,"column":3606},"action":"remove","lines":["0, 0, 0"]},{"start":{"row":3,"column":3599},"end":{"row":3,"column":3633},"action":"insert","lines":["1, 1, 1, 1, 1, 1, 1, 2, 2, 2, 2, 2"]},{"start":{"row":3,"column":3683},"end":{"row":3,"column":3714},"action":"remove","lines":["0, 0, 0, 0, 0, 0, 0, 0, 0, 0, 0"]},{"start":{"row":3,"column":3683},"end":{"row":3,"column":3684},"action":"insert","lines":["4"]},{"start":{"row":3,"column":3746},"end":{"row":3,"column":3768},"action":"remove","lines":["0, 0, 0, 0, 1, 1, 1, 1"]},{"start":{"row":3,"column":3746},"end":{"row":3,"column":3750},"action":"insert","lines":["2, 2"]},{"start":{"row":3,"column":3752},"end":{"row":3,"column":3753},"action":"remove","lines":["1"]},{"start":{"row":3,"column":3752},"end":{"row":3,"column":3753},"action":"insert","lines":["2"]},{"start":{"row":3,"column":3755},"end":{"row":3,"column":3756},"action":"remove","lines":["1"]},{"start":{"row":3,"column":3755},"end":{"row":3,"column":3756},"action":"insert","lines":["2"]},{"start":{"row":3,"column":3758},"end":{"row":3,"column":3759},"action":"remove","lines":["1"]},{"start":{"row":3,"column":3758},"end":{"row":3,"column":3759},"action":"insert","lines":["2"]},{"start":{"row":3,"column":3810},"end":{"row":3,"column":3831},"action":"insert","lines":[", 4, 4, 4, 0, 0, 0, 0"]},{"start":{"row":3,"column":3854},"end":{"row":3,"column":3858},"action":"remove","lines":["4, 4"]},{"start":{"row":3,"column":3854},"end":{"row":3,"column":3855},"action":"insert","lines":["0"]},{"start":{"row":3,"column":3857},"end":{"row":3,"column":3858},"action":"remove","lines":["4"]},{"start":{"row":3,"column":3857},"end":{"row":3,"column":3858},"action":"insert","lines":["0"]},{"start":{"row":3,"column":3860},"end":{"row":3,"column":3861},"action":"remove","lines":["4"]},{"start":{"row":3,"column":3860},"end":{"row":3,"column":3861},"action":"insert","lines":["0"]},{"start":{"row":3,"column":3884},"end":{"row":3,"column":3885},"action":"remove","lines":["0"]},{"start":{"row":3,"column":3884},"end":{"row":3,"column":3885},"action":"insert","lines":["1"]},{"start":{"row":3,"column":3887},"end":{"row":3,"column":3888},"action":"remove","lines":["0"]},{"start":{"row":3,"column":3887},"end":{"row":3,"column":3888},"action":"insert","lines":["1"]},{"start":{"row":3,"column":3890},"end":{"row":3,"column":3891},"action":"remove","lines":["0"]},{"start":{"row":3,"column":3890},"end":{"row":3,"column":3891},"action":"insert","lines":["1"]},{"start":{"row":3,"column":3893},"end":{"row":3,"column":3894},"action":"remove","lines":["0"]},{"start":{"row":3,"column":3893},"end":{"row":3,"column":3894},"action":"insert","lines":["1"]},{"start":{"row":3,"column":3896},"end":{"row":3,"column":3897},"action":"remove","lines":["0"]},{"start":{"row":3,"column":3896},"end":{"row":3,"column":3897},"action":"insert","lines":["1"]},{"start":{"row":3,"column":3899},"end":{"row":3,"column":3900},"action":"remove","lines":["0"]},{"start":{"row":3,"column":3899},"end":{"row":3,"column":3900},"action":"insert","lines":["1"]},{"start":{"row":3,"column":3902},"end":{"row":3,"column":3903},"action":"remove","lines":["0"]},{"start":{"row":3,"column":3902},"end":{"row":3,"column":3903},"action":"insert","lines":["1"]},{"start":{"row":3,"column":3905},"end":{"row":3,"column":3906},"action":"remove","lines":["0"]},{"start":{"row":3,"column":3905},"end":{"row":3,"column":3906},"action":"insert","lines":["1"]},{"start":{"row":3,"column":3908},"end":{"row":3,"column":3909},"action":"remove","lines":["0"]},{"start":{"row":3,"column":3908},"end":{"row":3,"column":3909},"action":"insert","lines":["2"]},{"start":{"row":3,"column":3911},"end":{"row":3,"column":3912},"action":"remove","lines":["0"]},{"start":{"row":3,"column":3911},"end":{"row":3,"column":3912},"action":"insert","lines":["2"]},{"start":{"row":3,"column":3914},"end":{"row":3,"column":3915},"action":"remove","lines":["0"]},{"start":{"row":3,"column":3914},"end":{"row":3,"column":3915},"action":"insert","lines":["2"]},{"start":{"row":3,"column":3917},"end":{"row":3,"column":3918},"action":"remove","lines":["0"]},{"start":{"row":3,"column":3917},"end":{"row":3,"column":3918},"action":"insert","lines":["2"]},{"start":{"row":3,"column":3920},"end":{"row":3,"column":3921},"action":"remove","lines":["0"]},{"start":{"row":3,"column":3920},"end":{"row":3,"column":3921},"action":"insert","lines":["2"]},{"start":{"row":3,"column":3923},"end":{"row":3,"column":3924},"action":"remove","lines":["0"]},{"start":{"row":3,"column":3923},"end":{"row":3,"column":3924},"action":"insert","lines":["2"]},{"start":{"row":3,"column":3926},"end":{"row":3,"column":3930},"action":"remove","lines":["0, 0"]},{"start":{"row":3,"column":3926},"end":{"row":3,"column":3927},"action":"insert","lines":["2"]},{"start":{"row":3,"column":3935},"end":{"row":3,"column":3936},"action":"remove","lines":["0"]},{"start":{"row":3,"column":3935},"end":{"row":3,"column":3939},"action":"insert","lines":["4, 4"]},{"start":{"row":3,"column":3941},"end":{"row":3,"column":3942},"action":"remove","lines":["0"]},{"start":{"row":3,"column":3941},"end":{"row":3,"column":3942},"action":"insert","lines":["4"]},{"start":{"row":3,"column":3944},"end":{"row":3,"column":3945},"action":"remove","lines":["0"]},{"start":{"row":3,"column":3944},"end":{"row":3,"column":3945},"action":"insert","lines":["4"]},{"start":{"row":3,"column":3947},"end":{"row":3,"column":3948},"action":"remove","lines":["0"]},{"start":{"row":3,"column":3947},"end":{"row":3,"column":3960},"action":"insert","lines":["4, 4, 4, 4, 4"]},{"start":{"row":3,"column":4034},"end":{"row":3,"column":4056},"action":"remove","lines":["0, 0, 0, 0, 0, 0, 0, 0"]},{"start":{"row":3,"column":4034},"end":{"row":3,"column":4038},"action":"insert","lines":["2, 2"]},{"start":{"row":3,"column":4040},"end":{"row":3,"column":4041},"action":"remove","lines":["1"]},{"start":{"row":3,"column":4040},"end":{"row":3,"column":4041},"action":"insert","lines":["2"]},{"start":{"row":3,"column":4043},"end":{"row":3,"column":4044},"action":"remove","lines":["1"]},{"start":{"row":3,"column":4043},"end":{"row":3,"column":4044},"action":"insert","lines":["2"]},{"start":{"row":3,"column":4046},"end":{"row":3,"column":4047},"action":"remove","lines":["1"]},{"start":{"row":3,"column":4046},"end":{"row":3,"column":4047},"action":"insert","lines":["2"]},{"start":{"row":3,"column":4088},"end":{"row":3,"column":4098},"action":"remove","lines":["1, 1, 1, 1"]},{"start":{"row":3,"column":4088},"end":{"row":3,"column":4095},"action":"insert","lines":["4, 4, 4"]},{"start":{"row":3,"column":4109},"end":{"row":3,"column":4110},"action":"remove","lines":["0"]},{"start":{"row":3,"column":4109},"end":{"row":3,"column":4119},"action":"insert","lines":["5, 5, 5, 5"]},{"start":{"row":3,"column":4121},"end":{"row":3,"column":4122},"action":"remove","lines":["0"]},{"start":{"row":3,"column":4121},"end":{"row":3,"column":4122},"action":"insert","lines":["5"]},{"start":{"row":3,"column":4124},"end":{"row":3,"column":4125},"action":"remove","lines":["0"]},{"start":{"row":3,"column":4124},"end":{"row":3,"column":4125},"action":"insert","lines":["5"]},{"start":{"row":3,"column":4127},"end":{"row":3,"column":4128},"action":"remove","lines":["0"]},{"start":{"row":3,"column":4127},"end":{"row":3,"column":4128},"action":"insert","lines":["5"]},{"start":{"row":3,"column":4130},"end":{"row":3,"column":4131},"action":"remove","lines":["0"]},{"start":{"row":3,"column":4130},"end":{"row":3,"column":4131},"action":"insert","lines":["5"]},{"start":{"row":3,"column":4133},"end":{"row":3,"column":4134},"action":"remove","lines":["0"]},{"start":{"row":3,"column":4133},"end":{"row":3,"column":4134},"action":"insert","lines":["5"]},{"start":{"row":3,"column":4136},"end":{"row":3,"column":4137},"action":"remove","lines":["0"]},{"start":{"row":3,"column":4136},"end":{"row":3,"column":4149},"action":"insert","lines":["5, 5, 5, 5, 5"]},{"start":{"row":3,"column":4151},"end":{"row":3,"column":4152},"action":"remove","lines":["4"]},{"start":{"row":3,"column":4151},"end":{"row":3,"column":4152},"action":"insert","lines":["1"]},{"start":{"row":3,"column":4154},"end":{"row":3,"column":4155},"action":"remove","lines":["4"]},{"start":{"row":3,"column":4154},"end":{"row":3,"column":4158},"action":"insert","lines":["1, 1"]},{"start":{"row":3,"column":4160},"end":{"row":3,"column":4161},"action":"remove","lines":["4"]},{"start":{"row":3,"column":4160},"end":{"row":3,"column":4161},"action":"insert","lines":["1"]},{"start":{"row":3,"column":4163},"end":{"row":3,"column":4164},"action":"remove","lines":["4"]},{"start":{"row":3,"column":4163},"end":{"row":3,"column":4164},"action":"insert","lines":["1"]},{"start":{"row":3,"column":4187},"end":{"row":3,"column":4188},"action":"remove","lines":["0"]},{"start":{"row":3,"column":4187},"end":{"row":3,"column":4188},"action":"insert","lines":["1"]},{"start":{"row":3,"column":4190},"end":{"row":3,"column":4191},"action":"remove","lines":["0"]},{"start":{"row":3,"column":4190},"end":{"row":3,"column":4191},"action":"insert","lines":["1"]},{"start":{"row":3,"column":4193},"end":{"row":3,"column":4194},"action":"remove","lines":["0"]},{"start":{"row":3,"column":4193},"end":{"row":3,"column":4194},"action":"insert","lines":["1"]},{"start":{"row":3,"column":4196},"end":{"row":3,"column":4197},"action":"remove","lines":["0"]},{"start":{"row":3,"column":4196},"end":{"row":3,"column":4197},"action":"insert","lines":["2"]},{"start":{"row":3,"column":4199},"end":{"row":3,"column":4200},"action":"remove","lines":["0"]},{"start":{"row":3,"column":4199},"end":{"row":3,"column":4200},"action":"insert","lines":["2"]},{"start":{"row":3,"column":4202},"end":{"row":3,"column":4203},"action":"remove","lines":["0"]},{"start":{"row":3,"column":4202},"end":{"row":3,"column":4203},"action":"insert","lines":["2"]},{"start":{"row":3,"column":4205},"end":{"row":3,"column":4206},"action":"remove","lines":["0"]},{"start":{"row":3,"column":4205},"end":{"row":3,"column":4206},"action":"insert","lines":["2"]},{"start":{"row":3,"column":4208},"end":{"row":3,"column":4209},"action":"remove","lines":["0"]},{"start":{"row":3,"column":4208},"end":{"row":3,"column":4209},"action":"insert","lines":["2"]},{"start":{"row":3,"column":4211},"end":{"row":3,"column":4212},"action":"remove","lines":["0"]},{"start":{"row":3,"column":4211},"end":{"row":3,"column":4212},"action":"insert","lines":["2"]},{"start":{"row":3,"column":4214},"end":{"row":3,"column":4215},"action":"remove","lines":["0"]},{"start":{"row":3,"column":4214},"end":{"row":3,"column":4215},"action":"insert","lines":["2"]},{"start":{"row":3,"column":4217},"end":{"row":3,"column":4218},"action":"remove","lines":["0"]},{"start":{"row":3,"column":4217},"end":{"row":3,"column":4218},"action":"insert","lines":["4"]},{"start":{"row":3,"column":4220},"end":{"row":3,"column":4221},"action":"remove","lines":["0"]},{"start":{"row":3,"column":4220},"end":{"row":3,"column":4221},"action":"insert","lines":["4"]},{"start":{"row":3,"column":4223},"end":{"row":3,"column":4224},"action":"remove","lines":["0"]},{"start":{"row":3,"column":4223},"end":{"row":3,"column":4224},"action":"insert","lines":["4"]},{"start":{"row":3,"column":4226},"end":{"row":3,"column":4227},"action":"remove","lines":["0"]},{"start":{"row":3,"column":4226},"end":{"row":3,"column":4227},"action":"insert","lines":["4"]},{"start":{"row":3,"column":4229},"end":{"row":3,"column":4230},"action":"remove","lines":["0"]},{"start":{"row":3,"column":4229},"end":{"row":3,"column":4230},"action":"insert","lines":["4"]},{"start":{"row":3,"column":4232},"end":{"row":3,"column":4233},"action":"remove","lines":["0"]},{"start":{"row":3,"column":4232},"end":{"row":3,"column":4233},"action":"insert","lines":["4"]},{"start":{"row":3,"column":4235},"end":{"row":3,"column":4236},"action":"remove","lines":["0"]},{"start":{"row":3,"column":4235},"end":{"row":3,"column":4236},"action":"insert","lines":["4"]},{"start":{"row":3,"column":4238},"end":{"row":3,"column":4239},"action":"remove","lines":["0"]},{"start":{"row":3,"column":4238},"end":{"row":3,"column":4239},"action":"insert","lines":["4"]},{"start":{"row":3,"column":4241},"end":{"row":3,"column":4242},"action":"remove","lines":["0"]},{"start":{"row":3,"column":4241},"end":{"row":3,"column":4242},"action":"insert","lines":["4"]},{"start":{"row":3,"column":4244},"end":{"row":3,"column":4245},"action":"remove","lines":["0"]},{"start":{"row":3,"column":4244},"end":{"row":3,"column":4245},"action":"insert","lines":["4"]},{"start":{"row":3,"column":4247},"end":{"row":3,"column":4248},"action":"remove","lines":["0"]},{"start":{"row":3,"column":4247},"end":{"row":3,"column":4248},"action":"insert","lines":["4"]},{"start":{"row":3,"column":4250},"end":{"row":3,"column":4251},"action":"remove","lines":["0"]},{"start":{"row":3,"column":4250},"end":{"row":3,"column":4251},"action":"insert","lines":["5"]},{"start":{"row":3,"column":4253},"end":{"row":3,"column":4254},"action":"remove","lines":["0"]},{"start":{"row":3,"column":4253},"end":{"row":3,"column":4254},"action":"insert","lines":["5"]},{"start":{"row":3,"column":4256},"end":{"row":3,"column":4257},"action":"remove","lines":["0"]},{"start":{"row":3,"column":4256},"end":{"row":3,"column":4257},"action":"insert","lines":["5"]},{"start":{"row":3,"column":4259},"end":{"row":3,"column":4260},"action":"remove","lines":["0"]},{"start":{"row":3,"column":4259},"end":{"row":3,"column":4260},"action":"insert","lines":["5"]},{"start":{"row":3,"column":4262},"end":{"row":3,"column":4263},"action":"remove","lines":["0"]},{"start":{"row":3,"column":4262},"end":{"row":3,"column":4263},"action":"insert","lines":["5"]},{"start":{"row":3,"column":4265},"end":{"row":3,"column":4266},"action":"remove","lines":["0"]},{"start":{"row":3,"column":4265},"end":{"row":3,"column":4266},"action":"insert","lines":["5"]},{"start":{"row":3,"column":4268},"end":{"row":3,"column":4269},"action":"remove","lines":["0"]},{"start":{"row":3,"column":4268},"end":{"row":3,"column":4269},"action":"insert","lines":["5"]},{"start":{"row":3,"column":4271},"end":{"row":3,"column":4272},"action":"remove","lines":["0"]},{"start":{"row":3,"column":4271},"end":{"row":3,"column":4272},"action":"insert","lines":["5"]},{"start":{"row":3,"column":4274},"end":{"row":3,"column":4275},"action":"remove","lines":["0"]},{"start":{"row":3,"column":4274},"end":{"row":3,"column":4275},"action":"insert","lines":["5"]},{"start":{"row":3,"column":4277},"end":{"row":3,"column":4278},"action":"remove","lines":["0"]},{"start":{"row":3,"column":4277},"end":{"row":3,"column":4278},"action":"insert","lines":["5"]},{"start":{"row":3,"column":4280},"end":{"row":3,"column":4281},"action":"remove","lines":["0"]},{"start":{"row":3,"column":4280},"end":{"row":3,"column":4281},"action":"insert","lines":["5"]},{"start":{"row":3,"column":4283},"end":{"row":3,"column":4284},"action":"remove","lines":["0"]},{"start":{"row":3,"column":4283},"end":{"row":3,"column":4284},"action":"insert","lines":["5"]},{"start":{"row":3,"column":4286},"end":{"row":3,"column":4287},"action":"remove","lines":["0"]},{"start":{"row":3,"column":4286},"end":{"row":3,"column":4287},"action":"insert","lines":["5"]},{"start":{"row":3,"column":4289},"end":{"row":3,"column":4290},"action":"remove","lines":["0"]},{"start":{"row":3,"column":4289},"end":{"row":3,"column":4290},"action":"insert","lines":["5"]},{"start":{"row":3,"column":4292},"end":{"row":3,"column":4293},"action":"remove","lines":["0"]},{"start":{"row":3,"column":4292},"end":{"row":3,"column":4293},"action":"insert","lines":["5"]},{"start":{"row":3,"column":4295},"end":{"row":3,"column":4296},"action":"remove","lines":["0"]},{"start":{"row":3,"column":4295},"end":{"row":3,"column":4296},"action":"insert","lines":["5"]},{"start":{"row":3,"column":4298},"end":{"row":3,"column":4299},"action":"remove","lines":["0"]},{"start":{"row":3,"column":4298},"end":{"row":3,"column":4299},"action":"insert","lines":["5"]},{"start":{"row":3,"column":4301},"end":{"row":3,"column":4302},"action":"remove","lines":["0"]},{"start":{"row":3,"column":4301},"end":{"row":3,"column":4302},"action":"insert","lines":["5"]},{"start":{"row":3,"column":4304},"end":{"row":3,"column":4305},"action":"remove","lines":["0"]},{"start":{"row":3,"column":4304},"end":{"row":3,"column":4305},"action":"insert","lines":["5"]},{"start":{"row":3,"column":4307},"end":{"row":3,"column":4308},"action":"remove","lines":["0"]},{"start":{"row":3,"column":4307},"end":{"row":3,"column":4308},"action":"insert","lines":["5"]},{"start":{"row":3,"column":4310},"end":{"row":3,"column":4311},"action":"remove","lines":["0"]},{"start":{"row":3,"column":4310},"end":{"row":3,"column":4314},"action":"insert","lines":["5, 5"]},{"start":{"row":3,"column":4322},"end":{"row":3,"column":4326},"action":"remove","lines":["0, 0"]},{"start":{"row":3,"column":4322},"end":{"row":3,"column":4323},"action":"insert","lines":["2"]},{"start":{"row":3,"column":4325},"end":{"row":3,"column":4326},"action":"remove","lines":["0"]},{"start":{"row":3,"column":4325},"end":{"row":3,"column":4326},"action":"insert","lines":["2"]},{"start":{"row":3,"column":4328},"end":{"row":3,"column":4329},"action":"remove","lines":["0"]},{"start":{"row":3,"column":4328},"end":{"row":3,"column":4329},"action":"insert","lines":["2"]},{"start":{"row":3,"column":4331},"end":{"row":3,"column":4332},"action":"remove","lines":["0"]},{"start":{"row":3,"column":4331},"end":{"row":3,"column":4332},"action":"insert","lines":["2"]},{"start":{"row":3,"column":4334},"end":{"row":3,"column":4335},"action":"remove","lines":["0"]},{"start":{"row":3,"column":4334},"end":{"row":3,"column":4335},"action":"insert","lines":["2"]},{"start":{"row":3,"column":4337},"end":{"row":3,"column":4338},"action":"remove","lines":["0"]},{"start":{"row":3,"column":4337},"end":{"row":3,"column":4338},"action":"insert","lines":["1"]},{"start":{"row":3,"column":4340},"end":{"row":3,"column":4341},"action":"remove","lines":["0"]},{"start":{"row":3,"column":4340},"end":{"row":3,"column":4341},"action":"insert","lines":["1"]},{"start":{"row":3,"column":4343},"end":{"row":3,"column":4344},"action":"remove","lines":["0"]},{"start":{"row":3,"column":4343},"end":{"row":3,"column":4344},"action":"insert","lines":["1"]},{"start":{"row":3,"column":4346},"end":{"row":3,"column":4347},"action":"remove","lines":["0"]},{"start":{"row":3,"column":4346},"end":{"row":3,"column":4347},"action":"insert","lines":["1"]},{"start":{"row":3,"column":4375},"end":{"row":3,"column":4447},"action":"insert","lines":[" 4, 4, 4, 4, 4, 4, 4, 5, 5, 5, 5, 5, 5, 5, 5, 5, 5, 5, 5, 5, 5, 1, 1, 1,"]},{"start":{"row":3,"column":4481},"end":{"row":3,"column":4491},"action":"remove","lines":["4, 4, 4, 4"]},{"start":{"row":3,"column":4481},"end":{"row":3,"column":4485},"action":"insert","lines":["1, 2"]},{"start":{"row":3,"column":4520},"end":{"row":3,"column":4521},"action":"remove","lines":["1"]},{"start":{"row":3,"column":4520},"end":{"row":3,"column":4521},"action":"insert","lines":["4"]},{"start":{"row":3,"column":4523},"end":{"row":3,"column":4524},"action":"remove","lines":["1"]},{"start":{"row":3,"column":4523},"end":{"row":3,"column":4524},"action":"insert","lines":["4"]},{"start":{"row":3,"column":4526},"end":{"row":3,"column":4527},"action":"remove","lines":["1"]},{"start":{"row":3,"column":4526},"end":{"row":3,"column":4527},"action":"insert","lines":["4"]},{"start":{"row":3,"column":4529},"end":{"row":3,"column":4530},"action":"remove","lines":["1"]},{"start":{"row":3,"column":4529},"end":{"row":3,"column":4530},"action":"insert","lines":["4"]},{"start":{"row":3,"column":4532},"end":{"row":3,"column":4533},"action":"remove","lines":["1"]},{"start":{"row":3,"column":4532},"end":{"row":3,"column":4533},"action":"insert","lines":["4"]},{"start":{"row":3,"column":4535},"end":{"row":3,"column":4536},"action":"remove","lines":["1"]},{"start":{"row":3,"column":4535},"end":{"row":3,"column":4536},"action":"insert","lines":["4"]},{"start":{"row":3,"column":4538},"end":{"row":3,"column":4539},"action":"remove","lines":["1"]},{"start":{"row":3,"column":4538},"end":{"row":3,"column":4539},"action":"insert","lines":["5"]},{"start":{"row":3,"column":4541},"end":{"row":3,"column":4542},"action":"remove","lines":["0"]},{"start":{"row":3,"column":4541},"end":{"row":3,"column":4542},"action":"insert","lines":["5"]},{"start":{"row":3,"column":4544},"end":{"row":3,"column":4545},"action":"remove","lines":["0"]},{"start":{"row":3,"column":4544},"end":{"row":3,"column":4545},"action":"insert","lines":["5"]},{"start":{"row":3,"column":4547},"end":{"row":3,"column":4551},"action":"remove","lines":["0, 0"]},{"start":{"row":3,"column":4547},"end":{"row":3,"column":4548},"action":"insert","lines":["5"]},{"start":{"row":3,"column":4550},"end":{"row":3,"column":4551},"action":"remove","lines":["0"]},{"start":{"row":3,"column":4550},"end":{"row":3,"column":4551},"action":"insert","lines":["5"]},{"start":{"row":3,"column":4553},"end":{"row":3,"column":4554},"action":"remove","lines":["0"]},{"start":{"row":3,"column":4553},"end":{"row":3,"column":4554},"action":"insert","lines":["5"]},{"start":{"row":3,"column":4556},"end":{"row":3,"column":4557},"action":"remove","lines":["0"]},{"start":{"row":3,"column":4556},"end":{"row":3,"column":4557},"action":"insert","lines":["5"]},{"start":{"row":3,"column":4559},"end":{"row":3,"column":4560},"action":"remove","lines":["0"]},{"start":{"row":3,"column":4559},"end":{"row":3,"column":4560},"action":"insert","lines":["5"]},{"start":{"row":3,"column":4562},"end":{"row":3,"column":4563},"action":"remove","lines":["0"]},{"start":{"row":3,"column":4562},"end":{"row":3,"column":4563},"action":"insert","lines":["5"]},{"start":{"row":3,"column":4565},"end":{"row":3,"column":4566},"action":"remove","lines":["0"]},{"start":{"row":3,"column":4565},"end":{"row":3,"column":4566},"action":"insert","lines":["5"]},{"start":{"row":3,"column":4568},"end":{"row":3,"column":4569},"action":"remove","lines":["0"]},{"start":{"row":3,"column":4568},"end":{"row":3,"column":4569},"action":"insert","lines":["5"]},{"start":{"row":3,"column":4571},"end":{"row":3,"column":4572},"action":"remove","lines":["0"]},{"start":{"row":3,"column":4571},"end":{"row":3,"column":4572},"action":"insert","lines":["5"]},{"start":{"row":3,"column":4574},"end":{"row":3,"column":4575},"action":"remove","lines":["0"]},{"start":{"row":3,"column":4574},"end":{"row":3,"column":4575},"action":"insert","lines":["5"]},{"start":{"row":3,"column":4577},"end":{"row":3,"column":4578},"action":"remove","lines":["0"]},{"start":{"row":3,"column":4577},"end":{"row":3,"column":4578},"action":"insert","lines":["5"]},{"start":{"row":3,"column":4580},"end":{"row":3,"column":4581},"action":"remove","lines":["0"]},{"start":{"row":3,"column":4580},"end":{"row":3,"column":4581},"action":"insert","lines":["5"]},{"start":{"row":3,"column":4583},"end":{"row":3,"column":4584},"action":"remove","lines":["0"]},{"start":{"row":3,"column":4583},"end":{"row":3,"column":4584},"action":"insert","lines":["5"]},{"start":{"row":3,"column":4586},"end":{"row":3,"column":4587},"action":"remove","lines":["0"]},{"start":{"row":3,"column":4586},"end":{"row":3,"column":4587},"action":"insert","lines":["5"]},{"start":{"row":3,"column":4589},"end":{"row":3,"column":4593},"action":"remove","lines":["0, 0"]},{"start":{"row":3,"column":4589},"end":{"row":3,"column":4590},"action":"insert","lines":["5"]},{"start":{"row":3,"column":4592},"end":{"row":3,"column":4593},"action":"remove","lines":["0"]},{"start":{"row":3,"column":4592},"end":{"row":3,"column":4593},"action":"insert","lines":["5"]},{"start":{"row":3,"column":4595},"end":{"row":3,"column":4596},"action":"remove","lines":["0"]},{"start":{"row":3,"column":4595},"end":{"row":3,"column":4596},"action":"insert","lines":["5"]},{"start":{"row":3,"column":4598},"end":{"row":3,"column":4599},"action":"remove","lines":["0"]},{"start":{"row":3,"column":4598},"end":{"row":3,"column":4599},"action":"insert","lines":["5"]},{"start":{"row":3,"column":4601},"end":{"row":3,"column":4602},"action":"remove","lines":["0"]},{"start":{"row":3,"column":4601},"end":{"row":3,"column":4602},"action":"insert","lines":["5"]},{"start":{"row":3,"column":4610},"end":{"row":3,"column":4611},"action":"remove","lines":["0"]},{"start":{"row":3,"column":4610},"end":{"row":3,"column":4611},"action":"insert","lines":["2"]},{"start":{"row":3,"column":4613},"end":{"row":3,"column":4614},"action":"remove","lines":["0"]},{"start":{"row":3,"column":4613},"end":{"row":3,"column":4614},"action":"insert","lines":["2"]},{"start":{"row":3,"column":4616},"end":{"row":3,"column":4617},"action":"remove","lines":["0"]},{"start":{"row":3,"column":4616},"end":{"row":3,"column":4617},"action":"insert","lines":["2"]},{"start":{"row":3,"column":4619},"end":{"row":3,"column":4620},"action":"remove","lines":["0"]},{"start":{"row":3,"column":4619},"end":{"row":3,"column":4620},"action":"insert","lines":["2"]},{"start":{"row":3,"column":4622},"end":{"row":3,"column":4623},"action":"remove","lines":["0"]},{"start":{"row":3,"column":4622},"end":{"row":3,"column":4623},"action":"insert","lines":["2"]},{"start":{"row":22,"column":23},"end":{"row":22,"column":24},"action":"insert","lines":["9"]},{"start":{"row":22,"column":25},"end":{"row":22,"column":26},"action":"remove","lines":["4"]},{"start":{"row":26,"column":10},"end":{"row":27,"column":9},"action":"remove","lines":["properties\":","         "]},{"start":{"row":26,"column":10},"end":{"row":28,"column":0},"action":"insert","lines":["spacing\":0,","         \"tilecount\":6,",""]},{"start":{"row":28,"column":3},"end":{"row":29,"column":0},"action":"remove","lines":["{",""]},{"start":{"row":28,"column":9},"end":{"row":28,"column":32},"action":"remove","lines":["       \"terrain\":\"wall\""]},{"start":{"row":28,"column":9},"end":{"row":29,"column":26},"action":"insert","lines":["\"tileheight\":32,","         \"tileproperties\":"]},{"start":{"row":30,"column":12},"end":{"row":31,"column":0},"action":"remove","lines":["},",""]},{"start":{"row":30,"column":12},"end":{"row":31,"column":1},"action":"insert","lines":["{"," "]},{"start":{"row":31,"column":10},"end":{"row":31,"column":24},"action":"remove","lines":["\"propertytypes"]},{"start":{"row":31,"column":10},"end":{"row":31,"column":15},"action":"insert","lines":["   \"0"]},{"start":{"row":32,"column":12},"end":{"row":33,"column":0},"action":"remove","lines":["{",""]},{"start":{"row":32,"column":12},"end":{"row":33,"column":2},"action":"insert","lines":["    {","  "]},{"start":{"row":33,"column":15},"end":{"row":33,"column":17},"action":"insert","lines":["  "]},{"start":{"row":33,"column":28},"end":{"row":33,"column":34},"action":"remove","lines":["string"]},{"start":{"row":33,"column":28},"end":{"row":33,"column":32},"action":"insert","lines":["wall"]},{"start":{"row":34,"column":12},"end":{"row":34,"column":16},"action":"insert","lines":["    "]},{"start":{"row":35,"column":9},"end":{"row":38,"column":26},"action":"remove","lines":["\"spacing\":0,","         \"tilecount\":4,","         \"tileheight\":32,","         \"tileproperties\":"]},{"start":{"row":35,"column":9},"end":{"row":37,"column":33},"action":"insert","lines":["    \"1\":","                {","                 \"terrain\":\"wall\""]},{"start":{"row":38,"column":12},"end":{"row":38,"column":13},"action":"remove","lines":["{"]},{"start":{"row":38,"column":12},"end":{"row":38,"column":18},"action":"insert","lines":["    },"]},{"start":{"row":39,"column":14},"end":{"row":39,"column":15},"action":"remove","lines":["1"]},{"start":{"row":39,"column":14},"end":{"row":39,"column":15},"action":"insert","lines":["2"]},{"start":{"row":41,"column":28},"end":{"row":41,"column":32},"action":"insert","lines":["wall"]},{"start":{"row":50,"column":14},"end":{"row":50,"column":15},"action":"remove","lines":["1"]},{"start":{"row":50,"column":14},"end":{"row":58,"column":15},"action":"insert","lines":["0\":","                {","                 \"terrain\":\"string\"","                },","             \"1\":","                {","                 \"terrain\":\"string\"","                },","             \"2"]}],[{"start":{"row":3,"column":3425},"end":{"row":3,"column":3426},"action":"remove","lines":["0"],"id":3,"ignore":true},{"start":{"row":3,"column":3425},"end":{"row":3,"column":3426},"action":"insert","lines":["4"]}],[{"start":{"row":12,"column":0},"end":{"row":22,"column":0},"action":"insert","lines":["        }, ","        {","         \"draworder\":\"topdown\",","         \"name\":\"Object Layer 1\",","         \"objects\":[],","         \"opacity\":1,","         \"type\":\"objectgroup\",","         \"visible\":true,","         \"x\":0,","         \"y\":0",""],"id":4,"ignore":true}],[{"start":{"row":22,"column":0},"end":{"row":33,"column":0},"action":"insert","lines":["        }, ","        {","         \"data\":[0, 0, 0, 0, 0, 0, 0, 0, 0, 0, 0, 0, 0, 0, 0, 0, 0, 0, 0, 0, 0, 0, 0, 0, 0, 0, 0, 0, 0, 0, 0, 0, 0, 0, 0, 0, 0, 0, 0, 0, 0, 0, 0, 0, 0, 0, 0, 0, 0, 0, 0, 0, 0, 0, 0, 0, 0, 0, 0, 0, 0, 0, 0, 0, 0, 0, 0, 0, 0, 0, 0, 0, 0, 0, 0, 0, 0, 0, 0, 0, 0, 0, 0, 0, 0, 0, 0, 0, 0, 0, 0, 0, 0, 0, 0, 0, 0, 0, 0, 0, 0, 0, 0, 0, 0, 0, 0, 0, 0, 0, 0, 0, 0, 0, 0, 0, 0, 0, 0, 0, 0, 0, 0, 0, 0, 0, 0, 0, 0, 0, 0, 0, 0, 0, 0, 0, 0, 0, 0, 0, 0, 0, 0, 0, 0, 0, 0, 0, 0, 0, 0, 0, 0, 0, 0, 0, 0, 0, 0, 0, 0, 0, 0, 0, 0, 0, 0, 0, 0, 0, 0, 0, 0, 0, 0, 0, 0, 0, 0, 0, 0, 0, 0, 0, 0, 0, 0, 0, 0, 0, 0, 0, 0, 0, 0, 0, 0, 0, 0, 0, 0, 0, 0, 0, 0, 0, 0, 0, 0, 0, 0, 0, 0, 0, 0, 0, 0, 0, 0, 0, 0, 0, 0, 0, 0, 0, 0, 0, 0, 0, 0, 0, 0, 0, 0, 0, 0, 0, 0, 0, 0, 0, 0, 0, 0, 0, 0, 0, 0, 0, 0, 0, 0, 0, 0, 0, 0, 0, 0, 0, 0, 0, 0, 0, 0, 0, 0, 0, 0, 0, 0, 0, 0, 0, 0, 0, 0, 0, 0, 0, 0, 0, 0, 0, 0, 0, 0, 0, 0, 0, 0, 0, 0, 0, 0, 0, 0, 0, 0, 0, 0, 0, 0, 0, 0, 0, 0, 0, 0, 0, 0, 0, 0, 0, 0, 0, 0, 0, 0, 0, 0, 0, 0, 0, 0, 0, 0, 0, 0, 0, 0, 0, 0, 0, 0, 0, 0, 0, 0, 0, 0, 0, 0, 0, 0, 0, 0, 0, 0, 0, 0, 0, 0, 0, 0, 0, 0, 0, 0, 0, 0, 0, 0, 0, 0, 0, 0, 0, 0, 0, 0, 0, 0, 0, 0, 0, 0, 0, 0, 0, 0, 0, 0, 0, 0, 0, 0, 0, 0, 0, 0, 0, 0, 0, 0, 0, 0, 0, 0, 0, 0, 0, 0, 0, 0, 0, 0, 0, 0, 0, 0, 0, 0, 0, 0, 0, 0, 0, 0, 0, 0, 0, 0, 0, 0, 0, 0, 0, 0, 0, 0, 0, 0, 0, 0, 0, 0, 0, 0, 0, 0, 0, 0, 0, 0, 0, 0, 0, 0, 0, 0, 0, 0, 0, 0, 0, 0, 0, 0, 0, 0, 0, 0, 0, 0, 0, 0, 0, 0, 0, 0, 0, 0, 0, 0, 0, 0, 0, 0, 0, 0, 0, 0, 0, 0, 0, 0, 0, 0, 0, 0, 0, 0, 0, 0, 0, 0, 0, 0, 0, 0, 0, 0, 0, 0, 0, 0, 0, 0, 0, 0, 0, 0, 0, 0, 0, 0, 0, 0, 0, 0, 0, 0, 0, 0, 0, 0, 0, 0, 0, 0, 0, 0, 0, 0, 0, 0, 0, 0, 0, 0, 0, 0, 0, 0, 0, 0, 0, 0, 0, 0, 0, 0, 0, 0, 0, 0, 0, 0, 0, 0, 0, 0, 0, 0, 0, 0, 0, 0, 0, 0, 0, 0, 0, 0, 0, 0, 0, 0, 0, 0, 0, 0, 0, 0, 0, 0, 0, 0, 0, 0, 0, 0, 0, 0, 0, 0, 0, 0, 0, 0, 0, 0, 0, 0, 0, 0, 0, 0, 0, 0, 0, 0, 0, 0, 0, 0, 0, 0, 0, 0, 0, 0, 0, 0, 0, 0, 0, 0, 0, 0, 0, 0, 0, 0, 0, 0, 0, 0, 0, 0, 0, 0, 0, 0, 0, 0, 0, 0, 0, 0, 0, 0, 0, 0, 0, 0, 0, 0, 0, 0, 0, 0, 0, 0, 0, 0, 0, 0, 0, 0, 0, 0, 0, 0, 0, 0, 0, 0, 0, 0, 0, 0, 0, 0, 0, 0, 0, 0, 0, 0, 0, 0, 0, 0, 0, 0, 0, 0, 0, 0, 0, 0, 0, 0, 0, 0, 0, 0, 0, 0, 0, 0, 0, 0, 0, 0, 0, 0, 0, 0, 0, 0, 0, 0, 0, 0, 0, 0, 0, 0, 0, 0, 0, 0, 0, 0, 0, 0, 0, 0, 0, 0, 0, 0, 0, 0, 0, 0, 0, 0, 0, 0, 0, 0, 0, 0, 0, 0, 0, 0, 0, 0, 0, 0, 0, 0, 0, 0, 0, 0, 0, 0, 0, 0, 0, 0, 0, 0, 0, 0, 0, 0, 0, 0, 0, 0, 0, 0, 0, 0, 0, 0, 0, 0, 0, 0, 0, 0, 0, 0, 0, 0, 0, 0, 0, 0, 0, 0, 0, 0, 0, 0, 0, 0, 0, 0, 0, 0, 0, 0, 0, 0, 0, 0, 0, 0, 0, 0, 0, 0, 0, 0, 0, 0, 0, 0, 0, 0, 0, 0, 0, 0, 0, 0, 0, 0, 0, 0, 0, 0, 0, 0, 0, 0, 0, 0, 0, 0, 0, 0, 0, 0, 0, 0, 0, 0, 0, 0, 0, 0, 0, 0, 0, 0, 0, 0, 0, 0, 0, 0, 0, 0, 0, 0, 0, 0, 0, 0, 0, 0, 0, 0, 0, 0, 0, 0, 0, 0, 0, 0, 0, 0, 0, 0, 0, 0, 0, 0, 0, 0, 0, 0, 0, 0, 0, 0, 0, 0, 0, 0, 0, 0, 0, 0, 0, 0, 0, 0, 0, 0, 0, 0, 0, 0, 0, 0, 0, 0, 0, 0, 0, 0, 0, 0, 0, 0, 0, 0, 0, 0, 0, 0, 0, 0, 0, 0, 0, 0, 0, 0, 0, 0, 0, 0, 0, 0, 0, 0, 0, 0, 0, 0, 0, 0, 0, 0, 0, 0, 0, 0, 0, 0, 0, 0, 0, 0, 0, 0, 0, 0, 0, 0, 0, 0, 0, 0, 0, 0, 0, 0, 0, 0, 0, 0, 0, 0, 0, 0, 0, 0, 0, 0, 0, 0, 0, 0, 0, 0, 0, 0, 0, 0, 0, 0, 0, 0, 0, 0, 0, 0, 0, 0, 0, 0, 0, 0, 0, 0, 0, 0, 0, 0, 0, 0, 0, 0, 0, 0, 0, 0, 0, 0, 0, 0, 0, 0, 0, 0, 0, 0, 0, 0, 0, 0, 0, 0, 0, 0, 0, 0, 0, 0, 0, 0, 0, 0, 0, 0, 0, 0, 0, 0, 0, 0, 0, 0, 0, 0, 0, 0, 0, 0, 0, 0, 0, 0, 0, 0, 0, 0, 0, 0, 0, 0, 0, 0, 0, 0, 0, 0, 0, 0, 0, 0, 0, 0, 0, 0, 0, 0, 0, 0, 0, 0, 0, 0, 0, 0, 0, 0, 0, 0, 0, 0, 0, 0, 0, 0, 0, 0, 0, 0, 0, 0, 0, 0, 0, 0, 0, 0, 0, 0, 0, 0, 0, 0, 0, 0, 0, 0, 0, 0, 0, 0, 0, 0, 0, 0, 0, 0, 0, 0, 0, 0, 0, 0, 0, 0, 0, 0, 0, 0, 0, 0, 0, 0, 0, 0, 0, 0, 0, 0, 0, 0, 0, 0, 0, 0, 0, 0, 0, 0, 0, 0, 0, 0, 0, 0, 0, 0, 0, 0, 0, 0, 0, 0, 0, 0, 0, 0, 0, 0, 0, 0, 0, 0, 0, 0, 0, 0, 0, 0, 0, 0, 0, 0, 0, 0, 0, 0, 0, 0, 0, 0, 0, 0, 0, 0, 0, 0, 0, 0, 0, 0, 0, 0, 0, 0, 0, 0, 0, 0, 0, 0, 0, 0, 0, 0, 0, 0, 0, 0, 0, 0, 0, 0, 0, 0, 0, 0, 0, 0, 0, 0, 0, 0, 0, 0, 0, 0, 0, 0, 0, 0, 0, 0, 0, 0, 0, 0, 0, 0, 0, 0, 0, 0, 0, 0, 0, 0, 0, 0, 0, 0, 0, 0, 0, 0, 0, 0, 0, 0, 0, 0, 0, 0, 0, 0, 0, 0, 0, 0, 0, 0, 0, 0, 0, 0, 0, 0, 0, 0, 0, 0, 0, 0, 0, 0, 0, 0, 0, 0, 0, 0, 0, 0, 0, 0, 0, 0, 0, 0, 0, 0, 0, 0, 0, 0, 0, 0, 0, 0, 0, 0, 0, 0, 0, 0, 0, 0, 0, 0, 0, 0, 0, 0, 0, 0, 0, 0, 0, 0, 0, 0, 0, 0, 0, 0, 0, 0, 0, 0, 0, 0, 0, 0, 0, 0, 0, 0, 0, 0, 0, 0, 0, 0, 0, 0, 0, 0, 0, 0, 0, 0, 0, 0, 0, 0, 0, 0, 0, 0, 0, 0, 0, 0, 0, 0, 0, 0, 0, 0, 0, 0, 0, 0, 0, 0, 0, 0, 0, 0, 0, 0, 0, 0, 0, 0, 0, 0, 0, 0, 0, 0, 0, 0, 0, 0, 0, 0, 0, 0, 0, 0, 0, 0, 0, 0, 0, 0, 0, 0, 0, 0, 0, 0, 0, 0, 0, 0, 0, 0, 0, 0, 0, 0, 0, 0, 0, 0, 0, 0, 0, 0, 0, 0, 0, 0, 0, 0, 0, 0, 0, 0, 0, 0, 0, 0, 0, 0, 0, 0, 0, 0, 0, 0, 0, 0, 0, 0, 0, 0, 0, 0, 0],","         \"height\":16,","         \"name\":\"Tile Layer 2\",","         \"opacity\":1,","         \"type\":\"tilelayer\",","         \"visible\":true,","         \"width\":96,","         \"x\":0,","         \"y\":0",""],"id":5,"ignore":true}]]},"ace":{"folds":[],"scrolltop":0,"scrollleft":0,"selection":{"start":{"row":38,"column":2},"end":{"row":38,"column":7},"isBackwards":false},"options":{"guessTabSize":true,"useWrapMode":false,"wrapToView":true},"firstLineState":0},"timestamp":1529507594833,"hash":"876270da8821931ac75aad9946627fdc3d37e58d"}