{ "height":16,
 "layers":[
        {
         "data":[0, 0, 0, 0, 0, 0, 0, 0, 0, 0, 0, 0, 0, 0, 0, 0, 0, 0, 0, 0, 0, 0, 0, 0, 0, 0, 9, 10, 0, 0, 0, 0, 0, 0, 0, 0, 0, 0, 0, 0, 0, 0, 0, 0, 0, 0, 0, 0, 9, 10, 0, 0, 0, 0, 0, 0, 0, 0, 0, 0, 0, 0, 0, 0, 0, 0, 0, 0, 0, 0, 0, 0, 0, 0, 0, 0, 0, 0, 9, 10, 0, 0, 0, 0, 0, 0, 0, 0, 0, 0, 0, 0, 0, 0, 11, 12, 0, 0, 0, 0, 0, 0, 0, 0, 0, 0, 0, 0, 0, 0, 0, 0, 0, 0, 0, 0, 0, 0, 0, 0, 0, 0, 13, 14, 0, 0, 0, 0, 0, 0, 0, 0, 0, 0, 0, 0, 0, 0, 0, 0, 0, 0, 0, 0, 13, 14, 0, 0, 0, 0, 0, 0, 0, 0, 0, 0, 0, 0, 0, 0, 0, 0, 0, 0, 0, 0, 0, 0, 0, 0, 0, 0, 0, 0, 13, 14, 0, 0, 0, 0, 0, 0, 0, 0, 0, 0, 0, 0, 0, 0, 15, 16, 0, 0, 0, 0, 0, 0, 0, 0, 0, 0, 0, 0, 0, 0, 0, 0, 0, 0, 0, 0, 0, 0, 0, 0, 0, 0, 11, 12, 0, 0, 0, 0, 0, 0, 0, 0, 0, 0, 0, 0, 0, 0, 0, 0, 0, 0, 0, 0, 11, 12, 0, 0, 0, 0, 0, 0, 0, 0, 0, 0, 0, 0, 0, 0, 0, 0, 0, 0, 0, 0, 0, 0, 0, 0, 0, 0, 0, 0, 11, 12, 0, 0, 0, 0, 0, 0, 0, 0, 0, 0, 0, 0, 0, 0, 0, 0, 0, 0, 0, 0, 0, 0, 0, 0, 0, 0, 0, 0, 0, 0, 0, 0, 0, 0, 0, 0, 0, 0, 0, 0, 0, 0, 15, 16, 0, 0, 0, 0, 0, 0, 0, 0, 0, 0, 0, 0, 0, 0, 0, 0, 9, 0, 0, 0, 15, 16, 0, 0, 0, 0, 0, 0, 0, 0, 0, 0, 0, 0, 0, 0, 0, 0, 0, 0, 0, 0, 0, 0, 0, 0, 0, 0, 0, 0, 15, 16, 0, 9, 0, 0, 0, 0, 0, 0, 0, 0, 0, 0, 0, 0, 0, 0, 0, 0, 9, 10, 0, 0, 0, 0, 0, 0, 0, 0, 0, 0, 0, 0, 0, 0, 0, 0, 0, 9, 0, 0, 0, 0, 11, 12, 0, 0, 0, 0, 0, 0, 0, 0, 0, 0, 0, 0, 0, 0, 0, 0, 0, 0, 0, 0, 11, 12, 0, 0, 0, 0, 0, 0, 0, 0, 0, 0, 0, 0, 0, 9, 0, 0, 0, 0, 0, 0, 0, 0, 0, 0, 0, 0, 0, 0, 11, 12, 0, 0, 0, 0, 0, 0, 0, 0, 0, 9, 0, 0, 0, 0, 9, 10, 17, 18, 17, 14, 9, 10, 0, 0, 0, 0, 0, 0, 0, 0, 0, 0, 0, 0, 0, 0, 0, 0, 0, 0, 0, 0, 15, 16, 0, 0, 0, 0, 0, 0, 0, 0, 0, 0, 0, 0, 9, 0, 0, 0, 0, 0, 0, 0, 15, 16, 0, 0, 0, 0, 0, 0, 0, 0, 0, 0, 0, 0, 0, 0, 0, 0, 0, 0, 0, 0, 0, 0, 0, 0, 0, 0, 0, 0, 15, 16, 0, 0, 0, 0, 0, 0, 0, 0, 0, 0, 0, 0, 0, 0, 13, 14, 17, 18, 21, 22, 17, 14, 9, 10, 0, 0, 0, 0, 0, 0, 0, 0, 0, 0, 0, 0, 0, 0, 0, 0, 0, 10, 11, 12, 0, 0, 0, 0, 0, 0, 0, 0, 0, 0, 0, 0, 0, 0, 0, 0, 0, 0, 0, 0, 11, 12, 0, 0, 0, 0, 0, 0, 0, 0, 0, 0, 0, 0, 0, 0, 0, 0, 0, 0, 0, 0, 9, 0, 0, 0, 0, 0, 0, 0, 0, 0, 0, 0, 0, 0, 0, 0, 0, 0, 0, 0, 0, 0, 0, 0, 0, 0, 17, 18, 17, 18, 21, 22, 17, 14, 9, 10, 0, 0, 0, 0, 0, 0, 0, 0, 9, 0, 0, 0, 0, 0, 0, 0, 15, 16, 0, 0, 0, 0, 0, 0, 0, 0, 9, 0, 0, 0, 0, 0, 0, 0, 0, 0, 0, 0, 0, 11, 0, 0, 0, 0, 0, 0, 0, 0, 0, 0, 9, 0, 0, 0, 0, 0, 0, 0, 0, 0, 0, 0, 0, 0, 0, 0, 0, 0, 0, 0, 0, 0, 0, 0, 0, 0, 0, 0, 0, 0, 0, 0, 0, 0, 0, 0, 17, 18, 21, 22, 17, 18, 21, 22, 17, 14, 9, 10, 0, 0, 0, 0, 0, 0, 0, 0, 0, 0, 0, 0, 0, 0, 11, 12, 0, 0, 0, 0, 0, 0, 0, 0, 0, 0, 0, 0, 0, 0, 0, 0, 0, 0, 0, 0, 0, 11, 0, 0, 0, 0, 0, 0, 0, 0, 0, 0, 0, 0, 0, 0, 0, 0, 0, 0, 0, 0, 0, 0, 9, 0, 0, 0, 0, 0, 11, 12, 0, 0, 0, 0, 0, 0, 0, 0, 9, 0, 0, 0, 0, 0, 0, 0, 17, 18, 17, 18, 21, 22, 17, 18, 21, 22, 17, 14, 9, 10, 0, 0, 0, 0, 0, 0, 0, 0, 9, 0, 0, 0, 15, 16, 0, 0, 0, 0, 0, 0, 0, 0, 0, 0, 0, 0, 0, 0, 0, 0, 0, 0, 0, 0, 0, 11, 0, 0, 0, 0, 0, 0, 0, 0, 0, 0, 0, 0, 0, 0, 0, 0, 0, 0, 0, 0, 0, 0, 0, 0, 0, 0, 0, 0, 15, 16, 0, 0, 0, 0, 0, 0, 0, 0, 0, 0, 0, 0, 0, 0, 0, 0, 17, 18, 21, 22, 17, 18, 21, 22, 17, 18, 21, 22, 17, 14, 0, 0, 17, 18, 17, 18, 17, 18, 17, 18, 17, 18, 11, 12, 1, 2, 1, 9, 9, 2, 1, 2, 1, 2, 1, 0, 1, 2, 1, 2, 10, 2, 1, 2, 0, 12, 17, 18, 17, 18, 0, 0, 17, 18, 17, 18, 17, 18, 17, 18, 17, 18, 17, 18, 17, 18, 17, 18, 17, 18, 17, 18, 17, 18, 11, 12, 0, 0, 0, 0, 9, 0, 0, 0, 0, 0, 0, 0, 0, 0, 0, 0, 17, 18, 17, 18, 21, 22, 17, 18, 21, 22, 17, 18, 21, 22, 17, 18, 21, 22, 21, 22, 21, 22, 21, 22, 21, 22, 15, 16, 5, 6, 5, 6, 5, 6, 5, 6, 5, 6, 5, 6, 5, 6, 5, 6, 5, 6, 5, 3, 4, 16, 21, 22, 21, 22, 18, 22, 21, 22, 21, 22, 21, 22, 21, 22, 21, 22, 21, 22, 21, 22, 21, 22, 21, 22, 21, 22, 21, 22, 15, 16, 0, 0, 0, 0, 0, 0, 0, 0, 0, 0, 0, 0, 0, 0, 0, 0, 17, 18, 21, 22, 17, 18, 21, 22, 17, 18, 21, 22, 17, 18, 21, 22, 17, 18, 17, 18, 17, 18, 17, 18, 17, 18, 11, 12, 3, 4, 3, 4, 3, 4, 3, 4, 3, 4, 3, 4, 3, 4, 3, 4, 3, 4, 3, 3, 4, 12, 17, 18, 17, 18, 17, 18, 17, 18, 17, 18, 17, 18, 17, 18, 17, 18, 17, 18, 17, 18, 17, 18, 17, 18, 17, 18, 17, 18, 11, 12, 1, 2, 1, 2, 1, 2, 1, 2, 1, 2, 1, 2, 1, 2, 1, 2, 17, 18, 17, 18, 21, 22, 17, 18, 21, 22, 17, 18, 21, 22, 17, 18, 21, 22, 21, 22, 21, 22, 21, 22, 21, 22, 15, 16, 7, 8, 7, 8, 7, 8, 7, 8, 7, 8, 7, 8, 7, 8, 7, 8, 7, 8, 3, 3, 4, 16, 21, 22, 21, 22, 21, 22, 21, 22, 21, 22, 21, 22, 21, 22, 21, 22, 21, 22, 21, 22, 21, 22, 21, 22, 21, 22, 21, 22, 15, 16, 5, 6, 5, 6, 5, 6, 5, 6, 5, 6, 5, 6, 5, 6, 5, 6, 17, 18, 21, 22, 17, 18, 21, 22, 17, 18, 21, 22, 17, 18, 21, 22, 17, 18, 17, 18, 17, 18, 17, 18, 17, 18, 11, 12, 3, 4, 3, 4, 3, 4, 3, 4, 3, 4, 3, 4, 3, 4, 3, 4, 3, 4, 7, 3, 4, 12, 17, 18, 17, 18, 17, 18, 17, 18, 17, 18, 17, 18, 17, 18, 17, 18, 17, 18, 17, 18, 17, 18, 17, 18, 17, 18, 17, 18, 11, 12, 3, 4, 3, 4, 3, 4, 3, 4, 3, 4, 3, 4, 3, 4, 3, 4, 21, 22, 17, 18, 21, 22, 17, 18, 21, 22, 17, 18, 21, 22, 17, 18, 21, 22, 21, 22, 21, 22, 21, 22, 21, 22, 15, 16, 7, 8, 7, 8, 7, 8, 7, 8, 7, 8, 7, 8, 7, 8, 7, 8, 7, 8, 7, 7, 8, 16, 21, 22, 21, 22, 21, 22, 21, 22, 21, 22, 21, 22, 21, 22, 21, 22, 21, 22, 21, 22, 21, 22, 21, 22, 21, 22, 21, 22, 15, 16, 7, 8, 7, 8, 7, 8, 7, 8, 7, 8, 7, 8, 7, 8, 7, 8],
         "height":16,
         "name":"tiles",
         "opacity":1,
         "type":"tilelayer",
         "visible":true,
         "width":96,
         "x":0,
         "y":0
        }, 
        {
         "draworder":"topdown",
         "name":"items",
         "objects":[
                {
                 "gid":26,
                 "height":32,
                 "id":3,
                 "name":"coin",
                 "rotation":0,
                 "type":"",
                 "visible":true,
                 "width":32,
                 "x":1536,
                 "y":256
                }, 
                {
                 "gid":26,
                 "height":32,
                 "id":4,
                 "name":"coin",
                 "rotation":0,
                 "type":"",
                 "visible":true,
                 "width":32,
                 "x":1536,
                 "y":288
                }, 
                {
                 "gid":26,
                 "height":32,
                 "id":5,
                 "name":"coin",
                 "rotation":0,
                 "type":"",
                 "visible":true,
                 "width":32,
                 "x":1536,
                 "y":320
                }, 
                {
                 "gid":26,
                 "height":32,
                 "id":6,
                 "name":"coin",
                 "rotation":0,
                 "type":"",
                 "visible":true,
                 "width":32,
                 "x":1408,
                 "y":320
                }, 
                {
                 "gid":26,
                 "height":32,
                 "id":7,
                 "name":"coin",
                 "rotation":0,
                 "type":"",
                 "visible":true,
                 "width":32,
                 "x":1248,
                 "y":320
                }, 
                {
                 "gid":26,
                 "height":32,
                 "id":8,
                 "name":"coin",
                 "rotation":0,
                 "type":"",
                 "visible":true,
                 "width":32,
                 "x":1600,
                 "y":32
                }, 
                {
                 "height":64,
                 "id":9,
                 "name":"enemy",
                 "rotation":0,
                 "type":"",
                 "visible":true,
                 "width":64,
                 "x":128,
                 "y":96
                }, 
                {
                 "height":64,
                 "id":10,
                 "name":"enemy",
                 "rotation":0,
                 "type":"",
                 "visible":true,
                 "width":64,
                 "x":192,
                 "y":128
                }, 
                {
                 "height":64,
                 "id":11,
                 "name":"enemy",
                 "rotation":0,
                 "type":"",
                 "visible":true,
                 "width":64,
                 "x":256,
                 "y":160
                }, 
                {
                 "height":64,
                 "id":13,
                 "name":"enemy",
                 "rotation":0,
                 "type":"",
                 "visible":true,
                 "width":64,
                 "x":320,
                 "y":192
                }, 
                {
                 "height":64,
                 "id":14,
                 "name":"enemy",
                 "rotation":0,
                 "type":"",
                 "visible":true,
                 "width":64,
                 "x":384,
                 "y":224
                }, 
                {
                 "height":64,
                 "id":18,
                 "name":"player",
                 "rotation":0,
                 "type":"",
                 "visible":true,
                 "width":64,
                 "x":64,
                 "y":64
                }, 
                {
                 "gid":26,
                 "height":32,
                 "id":19,
                 "name":"coin",
                 "rotation":0,
                 "type":"",
                 "visible":true,
                 "width":32,
                 "x":576,
                 "y":224
                }, 
                {
                 "gid":26,
                 "height":32,
                 "id":20,
                 "name":"coin",
                 "rotation":0,
                 "type":"",
                 "visible":true,
                 "width":32,
                 "x":704,
                 "y":288
                }, 
                {
                 "gid":26,
                 "height":32,
                 "id":21,
                 "name":"coin",
                 "rotation":0,
                 "type":"",
                 "visible":true,
                 "width":32,
                 "x":800,
                 "y":192
                }, 
                {
                 "gid":26,
                 "height":32,
                 "id":22,
                 "name":"coin",
                 "rotation":0,
                 "type":"",
                 "visible":true,
                 "width":32,
                 "x":672,
                 "y":128
                }, 
                {
                 "gid":28,
                 "height":32,
                 "id":23,
                 "name":"spikes-up",
                 "rotation":0,
                 "type":"",
                 "visible":true,
                 "width":32,
                 "x":992,
                 "y":320
                }, 
                {
                 "gid":26,
                 "height":32,
                 "id":24,
                 "name":"coin",
                 "rotation":0,
                 "type":"",
                 "visible":true,
                 "width":32,
                 "x":1024,
                 "y":320
                }, 
                {
                 "gid":26,
                 "height":32,
                 "id":25,
                 "name":"coin",
                 "rotation":0,
                 "type":"",
                 "visible":true,
                 "width":32,
                 "x":1152,
                 "y":224
                }, 
                {
                 "gid":26,
                 "height":32,
                 "id":26,
                 "name":"coin",
                 "rotation":0,
                 "type":"",
                 "visible":true,
                 "width":32,
                 "x":1280,
                 "y":160
                }, 
                {
                 "gid":26,
                 "height":32,
                 "id":27,
                 "name":"coin",
                 "rotation":0,
                 "type":"",
                 "visible":true,
                 "width":32,
                 "x":1408,
                 "y":96
                }, 
                {
                 "gid":26,
                 "height":32,
                 "id":29,
                 "name":"coin",
                 "rotation":0,
                 "type":"",
                 "visible":true,
                 "width":32,
                 "x":1760,
                 "y":320
                }, 
                {
                 "gid":26,
                 "height":32,
                 "id":30,
                 "name":"coin",
                 "rotation":0,
                 "type":"",
                 "visible":true,
                 "width":32,
                 "x":1920,
                 "y":224
                }, 
                {
                 "gid":26,
                 "height":32,
                 "id":31,
                 "name":"coin",
                 "rotation":0,
                 "type":"",
                 "visible":true,
                 "width":32,
                 "x":2016,
                 "y":128
                }, 
                {
                 "gid":26,
                 "height":32,
                 "id":32,
                 "name":"coin",
                 "rotation":0,
                 "type":"",
                 "visible":true,
                 "width":32,
                 "x":1920,
                 "y":32
                }, 
                {
                 "gid":26,
                 "height":32,
                 "id":33,
                 "name":"coin",
                 "rotation":0,
                 "type":"",
                 "visible":true,
                 "width":32,
                 "x":2240,
                 "y":192
                }, 
                {
                 "gid":26,
                 "height":32,
                 "id":34,
                 "name":"coin",
                 "rotation":0,
                 "type":"",
                 "visible":true,
                 "width":32,
                 "x":2304,
                 "y":256
                }, 
                {
                 "gid":26,
                 "height":32,
                 "id":35,
                 "name":"",
                 "rotation":0,
                 "type":"",
                 "visible":true,
                 "width":32,
                 "x":2496,
                 "y":256
                }, 
                {
                 "gid":26,
                 "height":32,
                 "id":36,
                 "name":"",
                 "rotation":0,
                 "type":"",
                 "visible":true,
                 "width":32,
                 "x":2528,
                 "y":256
                }, 
                {
                 "gid":26,
                 "height":32,
                 "id":37,
                 "name":"",
                 "rotation":0,
                 "type":"",
                 "visible":true,
                 "width":32,
                 "x":2528,
                 "y":224
                }, 
                {
                 "gid":26,
                 "height":32,
                 "id":38,
                 "name":"",
                 "rotation":0,
                 "type":"",
                 "visible":true,
                 "width":32,
                 "x":2496,
                 "y":224
                }, 
                {
                 "gid":26,
                 "height":32,
                 "id":39,
                 "name":"coin",
                 "rotation":0,
                 "type":"",
                 "visible":true,
                 "width":32,
                 "x":2496,
                 "y":224
                }, 
                {
                 "gid":26,
                 "height":32,
                 "id":40,
                 "name":"coin",
                 "rotation":0,
                 "type":"",
                 "visible":true,
                 "width":32,
                 "x":2528,
                 "y":224
                }, 
                {
                 "gid":26,
                 "height":32,
                 "id":41,
                 "name":"coin",
                 "rotation":0,
                 "type":"",
                 "visible":true,
                 "width":32,
                 "x":2496,
                 "y":256
                }, 
                {
                 "gid":26,
                 "height":32,
                 "id":42,
                 "name":"coin",
                 "rotation":0,
                 "type":"",
                 "visible":true,
                 "width":32,
                 "x":2528,
                 "y":256
                }, 
                {
                 "gid":30,
                 "height":32,
                 "id":43,
                 "name":"spikes-left",
                 "rotation":0,
                 "type":"",
                 "visible":true,
                 "width":32,
                 "x":2656,
                 "y":352
                }, 
                {
                 "gid":26,
                 "height":32,
                 "id":44,
                 "name":"coin",
                 "rotation":0,
                 "type":"",
                 "visible":true,
                 "width":32,
                 "x":2816,
                 "y":256
                }, 
                {
                 "gid":31,
                 "height":32,
                 "id":45,
                 "name":"spikes-right",
                 "rotation":0,
                 "type":"",
                 "visible":true,
                 "width":32,
                 "x":2848,
                 "y":288
                }, 
                {
                 "gid":26,
                 "height":32,
                 "id":46,
                 "name":"coin",
                 "rotation":0,
                 "type":"",
                 "visible":true,
                 "width":32,
                 "x":2688,
                 "y":192
                }, 
                {
                 "gid":26,
                 "height":32,
                 "id":51,
                 "name":"coin",
                 "rotation":0,
                 "type":"",
                 "visible":true,
                 "width":32,
                 "x":2592,
                 "y":96
                }, 
                {
                 "height":0,
                 "id":53,
                 "name":"falling block",
                 "rotation":0,
                 "type":"",
                 "visible":false,
                 "width":32,
                 "x":1728,
                 "y":320
                }, 
                {
                 "gid":26,
                 "height":32,
                 "id":54,
                 "name":"coin",
                 "rotation":0,
                 "type":"",
                 "visible":true,
                 "width":32,
                 "x":1728,
                 "y":320
                }, 
                {
                 "gid":26,
                 "height":32,
                 "id":56,
                 "name":"coin",
                 "rotation":0,
                 "type":"",
                 "visible":true,
                 "width":32,
                 "x":0,
                 "y":128
                }, 
                {
                 "gid":26,
                 "height":32,
                 "id":57,
                 "name":"coin",
                 "rotation":0,
                 "type":"",
                 "visible":true,
                 "width":32,
                 "x":32,
                 "y":128
                }, 
                {
                 "height":0,
                 "id":59,
                 "name":"falling block",
                 "rotation":0,
                 "type":"",
                 "visible":false,
                 "width":32,
                 "x":448,
                 "y":320
                }, 
                {
                 "gid":31,
                 "height":32,
                 "id":62,
                 "name":"spikes-right",
                 "rotation":0,
                 "type":"",
                 "visible":true,
                 "width":32,
                 "x":2624,
                 "y":128
                }, 
                {
                 "gid":26,
                 "height":32,
                 "id":64,
                 "name":"coin",
                 "rotation":0,
                 "type":"",
                 "visible":true,
                 "width":32,
                 "x":2848,
                 "y":128
                }, 
                {
                 "height":64,
                 "id":69,
                 "name":"exit",
                 "rotation":0,
                 "type":"",
                 "visible":true,
                 "width":64,
                 "x":3008,
                 "y":128
                }, 
                {
                 "gid":31,
                 "height":32,
                 "id":70,
                 "name":"spikes-right",
                 "rotation":0,
                 "type":"",
                 "visible":true,
                 "width":32,
                 "x":2624,
                 "y":128
                }, 
                {
                 "height":0,
                 "id":76,
                 "name":"falling block",
                 "rotation":0,
                 "type":"",
                 "visible":true,
                 "width":32,
                 "x":448,
                 "y":352
                }, 
                {
                 "height":32,
                 "id":81,
                 "name":"falling block",
                 "rotation":0,
                 "type":"",
                 "visible":true,
                 "width":32,
                 "x":32,
                 "y":160
                }, 
                {
                 "height":32,
                 "id":83,
                 "name":"falling block",
                 "rotation":0,
                 "type":"",
                 "visible":true,
                 "width":32,
                 "x":1248,
                 "y":352
                }, 
                {
                 "height":32,
                 "id":84,
                 "name":"falling block",
                 "rotation":0,
                 "type":"",
                 "visible":true,
                 "width":32,
                 "x":1536,
                 "y":352
                }, 
                {
                 "height":32,
                 "id":89,
                 "name":"falling block",
                 "rotation":0,
                 "type":"",
                 "visible":true,
                 "width":32,
                 "x":1600,
                 "y":64
                }, 
                {
                 "height":32,
                 "id":91,
                 "name":"falling block",
                 "rotation":0,
                 "type":"",
                 "visible":true,
                 "width":32,
                 "x":1920,
                 "y":64
                }, 
                {
                 "height":32,
                 "id":92,
                 "name":"falling block",
                 "rotation":0,
                 "type":"",
                 "visible":true,
                 "width":32,
                 "x":2688,
                 "y":224
                }, 
                {
                 "height":32,
                 "id":93,
                 "name":"falling block",
                 "rotation":0,
                 "type":"",
                 "visible":true,
                 "width":32,
                 "x":0,
                 "y":160
                }, 
                {
                 "height":32,
                 "id":97,
                 "name":"falling block",
                 "rotation":0,
                 "type":"",
                 "visible":true,
                 "width":32,
                 "x":1728,
                 "y":352
                }, 
                {
                 "height":32,
                 "id":98,
                 "name":"falling block",
                 "rotation":0,
                 "type":"",
                 "visible":true,
                 "width":32,
                 "x":1760,
                 "y":352
                }, 
                {
                 "height":32,
                 "id":99,
                 "name":"falling block",
                 "rotation":0,
                 "type":"",
                 "visible":true,
                 "width":32,
                 "x":480,
                 "y":352
                }],
         "opacity":1,
         "type":"objectgroup",
         "visible":true,
         "x":0,
         "y":0
        }],
 "nextobjectid":100,
 "orientation":"orthogonal",
 "renderorder":"left-up",
 "tileheight":32,
 "tilesets":[
        {
         "columns":4,
         "firstgid":1,
         "image":"tiles.png",
         "imageheight":192,
         "imagewidth":128,
         "margin":0,
         "name":"tiles",
         "spacing":0,
         "tilecount":24,
         "tileheight":32,
         "tileproperties":
            {
             "10":
                {
                 "terrain":"block"
                },
             "11":
                {
                 "terrain":"block"
                },
             "12":
                {
                 "terrain":"block"
                },
             "13":
                {
                 "terrain":"block"
                },
             "14":
                {
                 "terrain":"block"
                },
             "15":
                {
                 "terrain":"block"
                },
             "8":
                {
                 "terrain":"block"
                },
             "9":
                {
                 "terrain":"block"
                }
            },
         "tilepropertytypes":
            {
             "10":
                {
                 "terrain":"string"
                },
             "11":
                {
                 "terrain":"string"
                },
             "12":
                {
                 "terrain":"string"
                },
             "13":
                {
                 "terrain":"string"
                },
             "14":
                {
                 "terrain":"string"
                },
             "15":
                {
                 "terrain":"string"
                },
             "8":
                {
                 "terrain":"string"
                },
             "9":
                {
                 "terrain":"string"
                }
            },
         "tilewidth":32
        }, 
        {
         "columns":3,
         "firstgid":25,
         "image":"items.png",
         "imageheight":96,
         "imagewidth":96,
         "margin":0,
         "name":"items",
         "spacing":0,
         "tilecount":9,
         "tileheight":32,
         "tilewidth":32
        }],
 "tilewidth":32,
 "type":"map",
 "version":1,
 "width":96
}