{ "height":16,
 "layers":[
        {
         "data":[2, 2, 1, 2, 2, 2, 2, 2, 2, 2, 2, 2, 2, 2, 2, 2, 1, 2, 2, 2, 2, 2, 2, 1, 2, 2, 2, 2, 2, 1, 2, 2, 2, 1, 2, 2, 2, 2, 2, 2, 2, 1, 2, 2, 2, 2, 2, 2, 2, 2, 2, 2, 2, 2, 2, 2, 2, 2, 2, 2, 2, 2, 2, 2, 2, 2, 2, 2, 2, 2, 2, 2, 2, 2, 0, 0, 0, 0, 2, 2, 2, 1, 2, 2, 2, 2, 2, 2, 2, 2, 2, 2, 0, 0, 0, 0, 2, 2, 2, 2, 2, 2, 0, 2, 2, 2, 1, 2, 2, 2, 1, 2, 2, 2, 2, 1, 2, 2, 2, 2, 2, 2, 2, 2, 2, 2, 2, 2, 2, 2, 2, 2, 2, 2, 1, 2, 2, 0, 2, 2, 1, 1, 2, 2, 2, 2, 2, 2, 2, 2, 2, 2, 1, 2, 2, 2, 1, 2, 2, 2, 2, 1, 2, 2, 2, 2, 1, 2, 2, 2, 0, 0, 0, 2, 2, 2, 2, 2, 2, 2, 2, 1, 2, 2, 2, 2, 2, 0, 0, 0, 0, 0, 0, 2, 2, 1, 2, 0, 0, 2, 1, 2, 2, 2, 2, 2, 0, 2, 2, 1, 2, 2, 2, 2, 0, 0, 2, 2, 2, 1, 2, 2, 0, 0, 1, 2, 2, 0, 2, 2, 2, 2, 0, 0, 2, 2, 2, 2, 2, 1, 2, 2, 0, 2, 2, 1, 2, 2, 2, 2, 2, 2, 2, 2, 2, 2, 2, 2, 2, 0, 0, 2, 2, 2, 2, 0, 0, 0, 0, 2, 1, 2, 2, 2, 2, 2, 1, 2, 2, 2, 2, 2, 0, 0, 0, 0, 0, 0, 0, 0, 2, 2, 2, 0, 0, 0, 0, 2, 2, 2, 0, 0, 0, 0, 2, 2, 0, 0, 0, 0, 0, 0, 0, 0, 2, 2, 2, 0, 0, 0, 2, 2, 0, 0, 2, 2, 0, 0, 0, 0, 0, 2, 0, 2, 2, 2, 2, 0, 0, 2, 2, 2, 2, 0, 0, 0, 2, 2, 2, 2, 1, 2, 2, 2, 0, 0, 0, 2, 2, 1, 2, 0, 0, 0, 0, 2, 2, 2, 0, 2, 2, 2, 2, 2, 2, 2, 0, 0, 0, 0, 0, 0, 0, 0, 0, 0, 0, 0, 0, 0, 0, 0, 0, 0, 2, 0, 0, 0, 0, 0, 0, 0, 0, 0, 0, 0, 0, 0, 0, 0, 0, 0, 0, 0, 0, 0, 0, 2, 0, 0, 0, 2, 0, 0, 0, 0, 0, 0, 0, 0, 2, 2, 0, 0, 0, 0, 2, 2, 0, 0, 0, 0, 0, 0, 2, 2, 2, 2, 2, 0, 0, 0, 0, 0, 2, 2, 0, 0, 0, 0, 2, 2, 2, 0, 0, 0, 0, 2, 2, 2, 0, 0, 0, 0, 0, 0, 0, 0, 0, 0, 0, 0, 0, 0, 0, 0, 0, 0, 0, 0, 0, 0, 0, 0, 0, 0, 0, 0, 0, 0, 0, 0, 0, 0, 0, 0, 0, 0, 0, 0, 0, 0, 0, 0, 0, 0, 0, 0, 0, 0, 0, 0, 0, 0, 0, 0, 0, 0, 0, 0, 0, 0, 0, 0, 0, 0, 0, 0, 0, 0, 0, 0, 0, 0, 0, 0, 0, 0, 0, 0, 0, 0, 0, 0, 0, 0, 0, 0, 0, 0, 0, 0, 0, 0, 0, 0, 0, 0, 0, 0, 0, 0, 0, 0, 0, 0, 0, 0, 0, 0, 0, 0, 0, 0, 0, 0, 0, 0, 0, 0, 0, 0, 0, 0, 0, 0, 0, 0, 0, 0, 0, 0, 0, 0, 0, 0, 0, 0, 0, 0, 0, 0, 0, 0, 0, 0, 0, 0, 0, 0, 0, 0, 0, 0, 0, 0, 0, 0, 0, 0, 0, 0, 0, 0, 0, 0, 0, 0, 0, 0, 0, 0, 0, 0, 0, 0, 0, 0, 0, 0, 0, 0, 0, 0, 0, 0, 0, 0, 0, 0, 0, 0, 0, 0, 0, 0, 0, 0, 0, 0, 0, 0, 0, 0, 0, 0, 0, 0, 0, 0, 0, 0, 0, 0, 0, 0, 0, 0, 0, 0, 0, 0, 0, 0, 0, 0, 0, 0, 0, 0, 0, 0, 0, 0, 0, 0, 0, 0, 0, 0, 0, 0, 0, 0, 0, 0, 0, 0, 0, 0, 3, 0, 0, 0, 0, 0, 0, 0, 0, 0, 0, 0, 0, 0, 0, 0, 0, 0, 0, 0, 0, 0, 0, 0, 0, 0, 0, 0, 0, 0, 0, 0, 0, 0, 0, 0, 0, 0, 0, 0, 0, 0, 0, 0, 0, 0, 0, 0, 26, 0, 0, 0, 0, 0, 0, 0, 0, 0, 0, 0, 0, 0, 0, 0, 0, 0, 0, 0, 0, 0, 3, 3, 0, 0, 0, 0, 0, 0, 0, 0, 0, 0, 0, 0, 0, 0, 0, 0, 0, 0, 0, 3, 0, 0, 0, 0, 3, 3, 3, 3, 0, 0, 0, 0, 0, 0, 0, 0, 0, 0, 0, 0, 0, 0, 0, 0, 0, 0, 0, 0, 0, 3, 0, 0, 0, 0, 0, 0, 0, 0, 0, 0, 0, 0, 0, 0, 0, 0, 0, 0, 0, 0, 0, 0, 26, 26, 26, 0, 0, 0, 0, 0, 0, 0, 0, 3, 3, 3, 0, 0, 0, 0, 0, 0, 0, 0, 3, 3, 0, 0, 0, 0, 0, 0, 0, 26, 26, 0, 0, 0, 0, 0, 0, 0, 3, 3, 3, 0, 0, 0, 0, 0, 0, 0, 0, 0, 0, 0, 0, 0, 0, 0, 0, 0, 0, 0, 0, 0, 0, 0, 0, 3, 0, 0, 0, 0, 0, 0, 0, 0, 0, 0, 0, 0, 0, 0, 0, 0, 0, 0, 0, 0, 0, 0, 0, 0, 0, 0, 0, 0, 26, 27, 26, 26, 26, 0, 0, 0, 0, 0, 0, 3, 3, 3, 0, 0, 0, 0, 0, 0, 0, 0, 0, 3, 3, 0, 0, 0, 0, 0, 0, 26, 26, 26, 0, 0, 0, 0, 0, 3, 0, 0, 0, 0, 0, 0, 0, 0, 0, 0, 0, 0, 0, 0, 0, 0, 0, 0, 0, 0, 0, 0, 0, 0, 0, 0, 0, 0, 0, 0, 0, 0, 0, 0, 0, 0, 0, 0, 3, 0, 0, 0, 0, 0, 0, 0, 0, 0, 0, 0, 0, 0, 0, 0, 0, 0, 26, 26, 26, 26, 26, 26, 26, 0, 0, 0, 0, 0, 3, 3, 0, 0, 0, 0, 3, 0, 0, 0, 0, 0, 0, 0, 0, 0, 0, 0, 26, 27, 26, 26, 0, 0, 0, 0, 0, 0, 0, 0, 0, 0, 0, 0, 0, 0, 0, 0, 0, 0, 0, 0, 0, 0, 0, 0, 0, 0, 0, 0, 26, 26, 26, 26, 9, 0, 0, 0, 0, 0, 0, 0, 0, 0, 0, 0, 0, 0, 0, 0, 0, 0, 0, 0, 0, 0, 0, 0, 0, 0, 28, 26, 26, 26, 26, 26, 28, 26, 27, 26, 26, 26, 0, 0, 0, 0, 0, 0, 0, 0, 0, 0, 0, 0, 0, 0, 0, 0, 0, 0, 0, 0, 26, 26, 26, 26, 28, 26, 26, 0, 9, 0, 0, 0, 0, 0, 0, 0, 0, 0, 0, 0, 27, 0, 0, 0, 0, 0, 0, 26, 26, 0, 0, 0, 0, 26, 26, 26, 26, 9, 9, 9, 0, 0, 0, 0, 0, 0, 0, 0, 0, 0, 0, 0, 0, 0, 0, 0, 0, 0, 0, 0, 0, 0, 0, 0, 26, 26, 26, 26, 26, 26, 26, 26, 26, 28, 26, 26, 26, 26, 0, 0, 0, 0, 0, 0, 0, 0, 0, 0, 0, 0, 0, 26, 26, 0, 0, 26, 26, 8, 26, 26, 26, 26, 26, 26, 9, 9, 9, 9, 9, 9, 9, 9, 9, 9, 9, 9, 9, 9, 9, 9, 9, 9, 26, 26, 26, 26, 7, 7, 7, 26, 26, 26, 26, 26, 9, 9, 9, 0, 0, 0, 0, 0, 0, 0, 0, 0, 0, 9, 26, 26, 0, 0, 0, 0, 0, 0, 0, 0, 0, 0, 26, 26, 27, 26, 26, 26, 26, 26, 26, 26, 26, 28, 26, 26, 9, 9, 9, 9, 9, 9, 9, 9, 26, 26, 7, 26, 26, 26, 27, 26, 26, 26, 26, 26, 26, 26, 26, 26, 28, 9, 9, 9, 9, 9, 9, 9, 9, 9, 9, 9, 9, 9, 9, 9, 9, 9, 9, 9, 9, 26, 27, 26, 28, 28, 28, 26, 26, 26, 26, 26, 9, 9, 9, 9, 9, 9, 9, 9, 9, 9, 9, 9, 9, 9, 26, 28, 26, 0, 0, 0, 0, 0, 0, 0, 0, 0, 27, 26, 26, 26, 26, 28, 26, 26, 27, 26, 26, 26, 26, 26, 9, 9, 9, 9, 9, 9, 9, 9, 26, 28, 9, 26, 28, 26, 26, 26, 28, 26, 26, 26, 26, 27, 26, 26, 9, 9, 9, 9, 9, 9, 9, 9, 9, 9, 9, 9, 9, 9, 9, 9, 9, 9, 9, 9, 26, 26, 26, 26, 28, 28, 28, 26, 26, 26, 26, 9, 9, 9, 9, 9, 9, 9, 9, 9, 9, 9, 9, 9, 9, 9, 26, 26, 26, 7, 7, 7, 7, 7, 7, 7, 7, 7, 26, 26, 26, 28],
         "height":16,
         "name":"tiles",
         "opacity":1,
         "type":"tilelayer",
         "visible":true,
         "width":96,
         "x":0,
         "y":0
        }, 
        {
         "draworder":"topdown",
         "name":"items",
         "objects":[
                {
                 "height":64,
                 "id":1,
                 "name":"player",
                 "rotation":0,
                 "type":"",
                 "visible":true,
                 "width":64,
                 "x":32,
                 "y":160
                }, 
                {
                 "gid":36,
                 "height":32,
                 "id":4,
                 "name":"coin",
                 "rotation":0,
                 "type":"",
                 "visible":true,
                 "width":32,
                 "x":352,
                 "y":288
                }, 
                {
                 "gid":36,
                 "height":32,
                 "id":5,
                 "name":"coin",
                 "rotation":0,
                 "type":"",
                 "visible":true,
                 "width":32,
                 "x":384,
                 "y":288
                }, 
                {
                 "gid":36,
                 "height":32,
                 "id":6,
                 "name":"coin",
                 "rotation":0,
                 "type":"",
                 "visible":true,
                 "width":32,
                 "x":416,
                 "y":288
                }, 
                {
                 "gid":36,
                 "height":32,
                 "id":8,
                 "name":"coin",
                 "rotation":0,
                 "type":"",
                 "visible":true,
                 "width":32,
                 "x":576,
                 "y":352
                }, 
                {
                 "gid":36,
                 "height":32,
                 "id":9,
                 "name":"coin",
                 "rotation":0,
                 "type":"",
                 "visible":true,
                 "width":32,
                 "x":768,
                 "y":320
                }, 
                {
                 "gid":36,
                 "height":32,
                 "id":10,
                 "name":"coin",
                 "rotation":0,
                 "type":"",
                 "visible":true,
                 "width":32,
                 "x":704,
                 "y":256
                }, 
                {
                 "gid":35,
                 "height":32,
                 "id":11,
                 "name":"gem",
                 "rotation":0,
                 "type":"",
                 "visible":true,
                 "width":32,
                 "x":736,
                 "y":256
                }, 
                {
                 "gid":36,
                 "height":32,
                 "id":12,
                 "name":"coin",
                 "rotation":0,
                 "type":"",
                 "visible":true,
                 "width":32,
                 "x":1248,
                 "y":320
                }, 
                {
                 "gid":36,
                 "height":32,
                 "id":13,
                 "name":"coin",
                 "rotation":0,
                 "type":"",
                 "visible":true,
                 "width":32,
                 "x":1344,
                 "y":288
                }, 
                {
                 "gid":36,
                 "height":32,
                 "id":14,
                 "name":"coin",
                 "rotation":0,
                 "type":"",
                 "visible":true,
                 "width":32,
                 "x":1312,
                 "y":288
                }, 
                {
                 "gid":36,
                 "height":32,
                 "id":15,
                 "name":"coin",
                 "rotation":0,
                 "type":"",
                 "visible":true,
                 "width":32,
                 "x":1280,
                 "y":288
                }, 
                {
                 "gid":36,
                 "height":32,
                 "id":16,
                 "name":"",
                 "rotation":0,
                 "type":"",
                 "visible":true,
                 "width":32,
                 "x":1600,
                 "y":256
                }, 
                {
                 "gid":36,
                 "height":32,
                 "id":17,
                 "name":"coin",
                 "rotation":0,
                 "type":"",
                 "visible":true,
                 "width":32,
                 "x":1600,
                 "y":256
                }, 
                {
                 "gid":36,
                 "height":32,
                 "id":18,
                 "name":"coin",
                 "rotation":0,
                 "type":"",
                 "visible":true,
                 "width":32,
                 "x":1632,
                 "y":256
                }, 
                {
                 "gid":36,
                 "height":32,
                 "id":19,
                 "name":"coin",
                 "rotation":0,
                 "type":"",
                 "visible":true,
                 "width":32,
                 "x":1568,
                 "y":256
                }, 
                {
                 "gid":35,
                 "height":32,
                 "id":20,
                 "name":"gem",
                 "rotation":0,
                 "type":"",
                 "visible":true,
                 "width":32,
                 "x":1856,
                 "y":416
                }, 
                {
                 "gid":35,
                 "height":32,
                 "id":21,
                 "name":"gem",
                 "rotation":0,
                 "type":"",
                 "visible":true,
                 "width":32,
                 "x":1888,
                 "y":416
                }, 
                {
                 "gid":31,
                 "height":32,
                 "id":22,
                 "name":"spike",
                 "rotation":0,
                 "type":"",
                 "visible":true,
                 "width":32,
                 "x":2944,
                 "y":352
                }, 
                {
                 "gid":31,
                 "height":32,
                 "id":23,
                 "name":"spike",
                 "rotation":0,
                 "type":"",
                 "visible":true,
                 "width":32,
                 "x":2592,
                 "y":416
                }, 
                {
                 "gid":33,
                 "height":32,
                 "id":35,
                 "name":"mushroom",
                 "rotation":0,
                 "type":"",
                 "visible":true,
                 "width":32,
                 "x":3040,
                 "y":352
                }, 
                {
                 "gid":31,
                 "height":32,
                 "id":40,
                 "name":"spike",
                 "rotation":-269.253517425311,
                 "type":"",
                 "visible":true,
                 "width":32,
                 "x":1664.20980929416,
                 "y":255.792906569249
                }, 
                {
                 "gid":31,
                 "height":32,
                 "id":46,
                 "name":"spike",
                 "rotation":-180.507029060915,
                 "type":"",
                 "visible":true,
                 "width":32,
                 "x":1439.85778614317,
                 "y":95.8590391042717
                }, 
                {
                 "gid":31,
                 "height":32,
                 "id":47,
                 "name":"spike",
                 "rotation":0,
                 "type":"",
                 "visible":true,
                 "width":32,
                 "x":1408,
                 "y":416
                }, 
                {
                 "gid":31,
                 "height":32,
                 "id":48,
                 "name":"spike",
                 "rotation":183.043644198356,
                 "type":"",
                 "visible":true,
                 "width":32,
                 "x":2368.82697617478,
                 "y":64.8721160497068
                }, 
                {
                 "gid":31,
                 "height":32,
                 "id":49,
                 "name":"spike",
                 "rotation":87.0133630095249,
                 "type":"",
                 "visible":true,
                 "width":32,
                 "x":2303.18808384368,
                 "y":128.855381313724
                }, 
                {
                 "gid":31,
                 "height":32,
                 "id":50,
                 "name":"spike",
                 "rotation":0,
                 "type":"",
                 "visible":true,
                 "width":32,
                 "x":2560,
                 "y":416
                }, 
                {
                 "height":64,
                 "id":53,
                 "name":"enemy",
                 "rotation":0,
                 "type":"",
                 "visible":true,
                 "width":64,
                 "x":896,
                 "y":288
                }, 
                {
                 "height":64,
                 "id":54,
                 "name":"enemy",
                 "rotation":0,
                 "type":"",
                 "visible":true,
                 "width":64,
                 "x":2016,
                 "y":256
                }, 
                {
                 "gid":32,
                 "height":32,
                 "id":55,
                 "name":"",
                 "rotation":0,
                 "type":"",
                 "visible":true,
                 "width":32,
                 "x":864,
                 "y":480
                }, 
                {
                 "gid":32,
                 "height":32,
                 "id":56,
                 "name":"purple",
                 "rotation":0,
                 "type":"",
                 "visible":true,
                 "width":32,
                 "x":864,
                 "y":480
                }, 
                {
                 "gid":35,
                 "height":32,
                 "id":57,
                 "name":"gem",
                 "rotation":0,
                 "type":"",
                 "visible":true,
                 "width":32,
                 "x":1920,
                 "y":416
                }, 
                {
                 "gid":31,
                 "height":32,
                 "id":58,
                 "name":"spike",
                 "rotation":-88.3604023036248,
                 "type":"",
                 "visible":true,
                 "width":32,
                 "x":1632,
                 "y":128
                }, 
                {
                 "gid":35,
                 "height":32,
                 "id":59,
                 "name":"",
                 "rotation":0,
                 "type":"",
                 "visible":true,
                 "width":32,
                 "x":2496,
                 "y":320
                }, 
                {
                 "gid":35,
                 "height":32,
                 "id":60,
                 "name":"gem",
                 "rotation":0,
                 "type":"",
                 "visible":true,
                 "width":32,
                 "x":2624,
                 "y":448
                }, 
                {
                 "gid":35,
                 "height":32,
                 "id":62,
                 "name":"gem",
                 "rotation":0,
                 "type":"",
                 "visible":true,
                 "width":32,
                 "x":2848,
                 "y":480
                }, 
                {
                 "gid":35,
                 "height":32,
                 "id":63,
                 "name":"gem",
                 "rotation":0,
                 "type":"",
                 "visible":true,
                 "width":32,
                 "x":2752,
                 "y":480
                }, 
                {
                 "gid":35,
                 "height":32,
                 "id":64,
                 "name":"gem",
                 "rotation":0,
                 "type":"",
                 "visible":true,
                 "width":32,
                 "x":2496,
                 "y":320
                }],
         "opacity":1,
         "type":"objectgroup",
         "visible":true,
         "x":0,
         "y":0
        }],
 "nextobjectid":65,
 "orientation":"orthogonal",
 "renderorder":"left-up",
 "tileheight":32,
 "tilesets":[
        {
         "columns":5,
         "firstgid":1,
         "image":"tiles.png",
         "imageheight":192,
         "imagewidth":160,
         "margin":0,
         "name":"tiles",
         "spacing":0,
         "tilecount":30,
         "tileheight":32,
         "tileproperties":
            {
             "0":
                {
                 "terrain":"block"
                },
             "1":
                {
                 "terrain":"block"
                },
             "2":
                {
                 "terrain":"block"
                },
             "25":
                {
                 "terrain":"block"
                },
             "26":
                {
                 "terrain":"block"
                },
             "27":
                {
                 "terrain":""
                }
            },
         "tilepropertytypes":
            {
             "0":
                {
                 "terrain":"string"
                },
             "1":
                {
                 "terrain":"string"
                },
             "2":
                {
                 "terrain":"string"
                },
             "25":
                {
                 "terrain":"string"
                },
             "26":
                {
                 "terrain":"string"
                },
             "27":
                {
                 "terrain":"string"
                }
            },
         "tilewidth":32
        }, 
        {
         "columns":2,
         "firstgid":31,
         "image":"items.png",
         "imageheight":96,
         "imagewidth":64,
         "margin":0,
         "name":"items",
         "spacing":0,
         "tilecount":6,
         "tileheight":32,
         "tilewidth":32
        }],
 "tilewidth":32,
 "type":"map",
 "version":1,
 "width":96
}